"h_flugplatz_id","bezeichnung","art","icao","abk","c_kt","zusatz","wkb_geometry"
63,Zürich,Landesflughafen,LSZH,Züri,ZH,1,"MULTIPOLYGON (((2684442.9870204595 1254741.6939548815, 2684426.487806763 1254726.194946397, 2684426.4748494374 1254726.1861417035, 2684426.459803524 1254726.1817787876, 2684426.444146028 1254726.182285944, 2684426.4294139897 1254726.187613384, 2684426.417053602 1254726.197238125, 2684354.318064719 1254803.2979867484, 2684354.3163869795 1254803.2998742561, 2684302.117196235 1254865.1006363332, 2684253.7179535255 1254922.4013993323, 2684195.518894748 1254991.402410411, 2684149.3197245523 1255045.903730359, 2684149.3196390686 1255045.9038314733, 2684090.720645481 1255115.4055709334, 2684090.7199549866 1255115.4064081642, 2684047.320725876 1255169.207723147, 2683991.3225429785 1255238.708403078, 2683955.224028711 1255278.908453578, 2683955.2228475222 1255278.9098177112, 2683927.423893929 1255312.209972528, 2683835.6259913193 1255414.6119807044, 2683835.6240051384 1255414.6143387167, 2683734.226584686 1255542.8165090831, 2683653.554120169 1255635.2888895816, 2683546.488579875 1255582.0073082382, 2683546.4735441757 1255582.0025986668, 2683546.4577894555 1255582.0028019024, 2683546.442880187 1255582.0078977735, 2683546.430296888 1255582.0173802478, 2683546.4212891036 1255582.0303076913, 2682987.746488911 1256737.5314095048, 2682415.1733688745 1256880.5368619456, 2682415.1677658632 1256880.5386166493, 2682405.6678453693 1256884.1387839762, 2682405.664642726 1256884.1401266488, 2682396.7647261685 1256888.240292552, 2682396.7627379326 1256888.2412624063, 2682387.062835244 1256893.2414498352, 2682387.057691527 1256893.2445039717, 2682378.057799861 1256899.3446962554, 2682378.0542306555 1256899.347354769, 2682362.2544472166 1256912.247719659, 2682362.2521294495 1256912.2497338185, 2682350.3536642096 1256923.2487702963, 2682330.7569965534 1256938.8467706863, 2682309.9616865837 1256952.7442358069, 2682264.1732483534 1256975.3396025032, 2682107.0830224766 1256990.5408933475, 2682107.074280812 1256990.542534056, 2682099.974325548 1256992.5426481152, 2682099.96966252 1256992.5442130724, 2682093.0697145388 1256995.2443331508, 2682093.064734197 1256995.2466037986, 2682086.764791092 1256998.546723601, 2682086.7605586606 1256998.5492128711, 2682080.360625942 1257002.7493448837, 2682080.356657845 1257002.7522374738, 2682074.6567273554 1257007.3523654873, 2682074.652773032 1257007.355920129, 2682069.452847651 1257012.5560491085, 2682069.449356403 1257012.5599253657, 2682064.749436127 1257018.3600553088, 2682064.7464706046 1257018.3641167248, 2682060.746551455 1257024.4642414567, 2682060.7439150047 1257024.4687615624, 2682057.343999572 1257031.068884803, 2682057.3418862196 1257031.0735627515, 2682054.6419719877 1257037.9736808029, 2682054.6404071613 1257037.9783439408, 2682052.640493052 1257045.0784556165, 2682052.6393004414 1257045.0837926536, 2682051.439385101 1257052.2838954981, 2682051.4388185986 1257052.2887448214, 2682050.938903504 1257059.6888413255, 2682050.9388287286 1257059.6941842348, 2682051.238913668 1257067.2942731776, 2682051.239089296 1257067.2969275925, 2682060.4401856405 1257166.2980217054, 2682060.44091576 1257166.3030681275, 2682061.8409930007 1257173.4031375856, 2682061.842337175 1257173.4084190226, 2682063.9424083596 1257180.1084749997, 2682063.9441990904 1257180.1133019375, 2682066.7442665384 1257186.613346888, 2682066.746513166 1257186.617908633, 2682070.146574873 1257192.7179413654, 2682070.1490883236 1257192.721985118, 2682074.149145455 1257198.522006859, 2682074.152243972 1257198.5260435487, 2682078.7522954135 1257203.9260530898, 2682078.757357895 1257203.9311932884, 2682089.457442119 1257213.3311770132, 2682089.463551101 1257213.3357666018, 2682095.263581074 1257217.0357407834, 2682095.2681111987 1257217.0383089944, 2682101.668134312 1257220.238269743, 2682101.67192547 1257220.2399721933, 2682108.171941613 1257222.8399243988, 2682108.1793991188 1257222.8422500887, 2682121.779406202 1257225.9421214482, 2682121.78700581 1257225.943248252, 2682128.886996639 1257226.443167356, 2682128.8921565134 1257226.4432636732, 2682137.9921338237 1257226.1431484, 2682137.9952994445 1257226.1429433061, 2682341.6399160135 1257206.4454865756, 2682341.740438523 1257257.3882060335, 2682338.8415892534 1257282.181410459, 2682329.3440658 1257314.574925651, 2682321.0455387374 1257333.772446628, 2682321.041581704 1257333.7884485319, 2682321.043042881 1257333.804867553, 2682321.0497634606 1257333.8199191985, 2682321.0610130164 1257333.8319675783, 2682321.0755688897 1257333.8397032027, 2682451.6759129264 1257377.5386800314, 2682451.6904156455 1257377.5412453183, 2682462.690390567 1257377.8411025153, 2682462.701297131 1257377.8402017017, 2682469.901255084 1257376.4400820513, 2682469.9051344884 1257376.4391657843, 2682494.3049649047 1257369.638732875, 2682494.319602888 1257369.6319513244, 2682494.33131956 1257369.6208615906, 2682494.3388951668 1257369.6066181636, 2682534.526789647 1257251.0352259146, 2683093.691630275 1257199.1291503345, 2683333.8722222243 1257177.826795331, 2683342.1424599583 1257183.6059318096, 2683344.8329908126 1257193.570481313, 2683042.7513345643 1257816.6675472541, 2682890.1581043783 1258130.7708230396, 2682878.8594553503 1258149.9694449615, 2682878.857548489 1258149.9730069288, 2682723.1644342337 1258471.37514328, 2682687.0796123184 1258524.95483197, 2682634.20663776 1258532.5517313818, 2682611.5146916187 1258531.1525209988, 2682594.717574383 1258528.0532614081, 2682594.7141108685 1258528.052747023, 2682582.31405691 1258526.6528975682, 2682582.306678561 1258526.6526132973, 2682571.006655801 1258527.052768097, 2682570.9992715833 1258527.0535818203, 2682556.49927628 1258529.7538035412, 2682556.489297989 1258529.756763638, 2682546.5893358393 1258533.8569389028, 2682546.587536764 1258533.8577257423, 2682533.7875941107 1258539.757958827, 2682533.775723026 1258539.7656307465, 2682533.766473226 1258539.7763182614, 2682533.7605838776 1258539.7891673208, 2682471.2633221783 1258750.7923125746, 2682471.2612660285 1258750.8059989987, 2682471.2630405244 1258750.8197247782, 2682471.2685097097 1258750.8324382864, 2682471.2772545544 1258750.8431654584, 2682503.154208001 1258780.4212367907, 2682484.2667738954 1258837.685877223, 2682467.17277462 1258864.8772665295, 2682453.7760966434 1258879.2741605982, 2682453.7701760205 1258879.281922137, 2682350.671461799 1259045.985258148, 2682350.671208487 1259045.9856722222, 2682301.171808094 1259127.787304891, 2682301.170288162 1259127.7900018052, 2682254.3709788118 1259217.1916924883, 2682254.369490404 1259217.194790544, 2682214.5715233493 1259307.8934619494, 2682131.3748690863 1259446.0922523062, 2682074.976179162 1259528.4928215574, 2682074.9755397127 1259528.4937792895, 2682035.7759001656 1259588.695051027, 2682035.769878558 1259588.7080688963, 2682035.7678003614 1259588.7222606475, 2682035.7698365855 1259588.7364584706, 2682066.5712821907 1259693.335791608, 2682092.4720193 1259798.7321996035, 2682095.9721154654 1259828.229338289, 2682095.97278908 1259828.2335039964, 2682114.473411489 1259918.3299035807, 2682116.273987533 1259967.825837652, 2682117.2745760507 1260008.0258674906, 2682117.275274587 1260008.0330431275, 2682122.075722178 1260036.133206393, 2682122.076733715 1260036.13780889, 2682126.176987247 1260051.337875943, 2682126.178459993 1260051.3424492332, 2682136.1701845783 1260077.9192779164, 2682047.484815532 1260218.6006782567, 2682047.4783220035 1260218.6164110797, 2682047.477482023 1260218.6334105537, 2682047.4823929225 1260218.6497069013, 2682047.492485659 1260218.6634118117, 2682137.5944326343 1260305.162852277, 2682137.6072590705 1260305.1717803522, 2682137.6222152105 1260305.176312633, 2682137.637839995 1260305.176006394, 2682137.652607045 1260305.1708915231, 2682137.665073774 1260305.1614677052, 2682229.0243916977 1260210.3009142156, 2682339.591843033 1260352.0550753193, 2682339.602273089 1260352.065058157, 2682339.6151206642 1260352.0716447148, 2682339.6293145823 1260352.0742858357, 2682339.6436714134 1260352.072761309, 2682339.656994144 1260352.0671982537, 2682604.65677755 1260193.0621372727, 2682604.668916368 1260193.0519172847, 2682604.6772415563 1260193.0384083884, 2682604.6809146185 1260193.0229711675, 2682604.679565612 1260193.0071604317, 2682604.6733304053 1260192.9925686037, 2682604.6628369964 1260192.980665342, 2682540.061544919 1260139.7811311416, 2682540.049098907 1260139.7736193966, 2682540.035018157 1260139.7700052706, 2682540.020492922 1260139.7705942602, 2682540.006751025 1260139.775336579, 2682539.9949540724 1260139.78383136, 2682539.986099267 1260139.7953605298, 2682530.393783101 1260156.9821807016, 2682525.646421386 1260159.3559465895, 2682486.7929360927 1260103.025106874, 2682721.8532467266 1259854.359879939, 2682741.8187708827 1259849.567850278, 2682778.9017558414 1259872.2567145783, 2682778.9152628393 1259872.2624537952, 2682778.9298543185 1259872.2640242493, 2682778.944273229 1259872.2612906431, 2682778.9572773874 1259872.2544884745, 2682778.96774649 1259872.2442037517, 2682806.4674509866 1259835.8434988353, 2682806.476154694 1259835.8251139608, 2682832.571413138 1259727.937916423, 2682853.857752595 1259707.350531004, 2682883.3541255295 1259687.3523655187, 2682883.3542735586 1259687.3522647682, 2682909.5542364623 1259669.4517324362, 2682909.562372667 1259669.4447877337, 2683134.2602561144 1259431.6391844156, 2683134.2663699877 1259431.6312538376, 2683150.066011472 1259406.2307694207, 2683150.071800347 1259406.217489488, 2683167.2705598976 1259343.017650491, 2683176.968598414 1259312.7218945208, 2683196.163116107 1259274.2310627212, 2683238.7487620674 1259228.2447717565, 2683268.332350161 1259218.5496145335, 2683341.1280965363 1259207.5491633255, 2683341.1438692864 1259207.5439934633, 2683341.1570805153 1259207.5339450026, 2683488.2533500013 1259050.831568707, 2683534.350476362 1259007.5324964155, 2683637.4478135426 1258920.231140849, 2683637.450238327 1258920.2289474944, 2683660.8497886043 1258897.6284276627, 2683660.8562439373 1258897.6208057445, 2683726.1444786647 1258802.7333693015, 2683732.927828854 1258800.638389599, 2683732.9408984575 1258800.6321590904, 2683732.951634898 1258800.6224449908, 2683778.349239593 1258745.6228497738, 2683952.942993502 1258564.9213892154, 2684034.0396413975 1258490.62124902, 2684103.2377044596 1258431.4203564057, 2684103.24514124 1258431.4124418143, 2684188.039846856 1258318.8141977256, 2684324.1335344324 1258197.1145794992, 2684324.1394526265 1258197.108286036, 2684411.436987 1258086.506321267, 2684480.832066913 1257999.908487794, 2684568.1268125633 1257925.6097590576, 2684568.1309753354 1257925.605780612, 2684739.2253574915 1257742.1034500413, 2684856.121421801 1257641.8018043854, 2684856.1280961637 1257641.794853994, 2684946.8248282894 1257526.9930643665, 2685133.8198381835 1257326.9885666969, 2685133.8308474547 1257326.9699326549, 2685144.8263598783 1257293.2812151283, 2685194.3154833806 1257246.489204636, 2685220.4142439268 1257223.889169269, 2685220.425384958 1257223.875355762, 2685232.0914029363 1257202.5362943115, 2685324.145481397 1257303.5855452607, 2685324.157813221 1257303.5953859899, 2685324.172597283 1257303.600894325, 2685324.188361625 1257303.601521847, 2685324.2035366893 1257303.5972060745, 2685324.216611589 1257303.5883767006, 2685483.6139366725 1257154.3834747297, 2685483.621334361 1257154.3747602678, 2685507.0081474567 1257119.3925977806, 2685780.5843228055 1257083.5923180727, 2685780.5977925803 1257083.5885850175, 2685780.6097026956 1257083.5812691993, 2685780.6191223897 1257083.5709423444, 2685933.2153706555 1256860.1650161415, 2685933.2180911396 1256860.1605481117, 2685942.817801412 1256842.3600951158, 2685942.8219167665 1256842.3499309223, 2685955.8212018944 1256796.2488420736, 2685955.82269095 1256796.2414854467, 2685962.021946448 1256746.7403722415, 2685962.021362898 1256746.724352023, 2685954.820856847 1256710.723650189, 2685946.920299324 1256671.1228805503, 2685946.918132822 1256671.1152426573, 2685934.3176689483 1256637.214627849, 2685934.309914333 1256637.2008997079, 2685934.2982705845 1256637.190268829, 2685934.283895498 1256637.183792283, 2685934.2682184563 1256637.182114075, 2685922.700258887 1256637.7805730982, 2685906.31875924 1256606.5161576902, 2685904.119725473 1256590.6244743343, 2685904.1155902687 1256590.6103636462, 2685891.4152187617 1256563.1098990578, 2685891.4121868284 1256563.1043006773, 2685856.6114590196 1256507.6034626702, 2685856.6068493174 1256507.5972399116, 2685853.307975791 1256503.7985440206, 2685850.3089987943 1256499.7999217608, 2685850.3012958057 1256499.7917523487, 2685849.001282922 1256498.691741865, 2685848.98564798 1256498.6827691318, 2685837.385617497 1256494.5827948712, 2685837.3815808706 1256494.5815572133, 2685794.0815934194 1256483.2817575978, 2685774.3816348035 1256478.0818591218, 2685774.371583099 1256478.0802768155, 2685761.4716066374 1256477.3803871593, 2685739.3717111307 1256476.1805798374, 2685718.2718118313 1256474.9807631704, 2685718.271533555 1256474.9807481247, 2685694.8717037984 1256473.7809567843, 2685675.388408468 1256472.6820636513, 2685669.3010599664 1256467.5926498186, 2685669.290301054 1256467.5857788452, 2685669.278152954 1256467.5818562836, 2685663.3788425475 1256466.4820205565, 2685658.280534195 1256465.382413908, 2685655.581696542 1256464.6827285774, 2685651.0832645926 1256463.4831684974, 2685640.786038175 1256460.0841254678, 2685632.488808588 1256456.7852543385, 2685624.1912421854 1256452.886420094, 2685617.5929068476 1256449.3873180407, 2685613.894107631 1256447.2880074275, 2685609.594895325 1256444.6884978015, 2685607.496551443 1256443.3895357107, 2685602.897899166 1256440.0905292493, 2685602.897699867 1256440.0903870114, 2685592.8976999847 1256432.9904456304, 2685579.897677526 1256423.6905063675, 2685579.897546389 1256423.690412874, 2685568.4974642745 1256415.5904226992, 2685568.495753324 1256415.5892595386, 2685566.495740762 1256414.2892636813, 2685566.489635588 1256414.2858767237, 2685564.9896302703 1256413.5858851045, 2685564.983190275 1256413.5834053592, 2685563.683188747 1256413.1834165843, 2685563.680611234 1256413.1826984293, 2685562.4806108573 1256412.882710117, 2685562.476086937 1256412.8817987037, 2685561.1760883913 1256412.6818137555, 2685561.1720478917 1256412.6813594543, 2685559.7720511765 1256412.5813778702, 2685559.768488834 1256412.5812508513, 2685558.1684942893 1256412.5812740761, 2685558.1622925797 1256412.581660288, 2685556.56230101 1256412.7816873228, 2685556.5553469206 1256412.7830631537, 2685555.4558682437 1256413.0829448916, 2685554.256392766 1256413.3828390175, 2685554.2499500667 1256413.3849224432, 2685553.7833419074 1256413.5715777818, 2685539.1064200476 1256396.2988657262, 2685539.0950661926 1256396.2889982762, 2685539.081291396 1256396.2829543604, 2685539.0663424074 1256396.2812810263, 2685539.051572252 1256396.2841297188, 2685539.0383177693 1256396.291242596, 2685537.4405391156 1256397.4896401064, 2685535.2452382958 1256398.786935778, 2685533.048023629 1256399.7857308506, 2685531.4510749495 1256400.4844393402, 2685528.156855377 1256401.4827625123, 2685525.861057313 1256401.8820751354, 2685524.2642117054 1256402.08170893, 2685522.067327606 1256402.1816015905, 2685520.0712394863 1256402.181630664, 2685518.274771295 1256401.9820451364, 2685516.1767376945 1256401.6823505505, 2685513.5800895626 1256401.183023274, 2685512.1832573153 1256400.7839414934, 2685510.686775428 1256400.285127354, 2685509.5909933737 1256399.787052836, 2685508.6927486435 1256399.2880340728, 2685508.692409102 1256399.287847157, 2685507.593984717 1256398.6887141007, 2685506.196519631 1256397.7903526218, 2685505.497982935 1256397.291402195, 2685504.7002293644 1256396.6930919776, 2685503.70216951 1256395.7948446397, 2685502.304082892 1256394.4966307033, 2685501.407312007 1256393.5002259028, 2685500.609429399 1256392.4031468513, 2685499.0111642093 1256390.005772227, 2685497.3121636147 1256386.9076340457, 2685497.312092345 1256386.9075045413, 2685493.6120322538 1256380.2074800492, 2685488.6120691057 1256371.1076626189, 2685484.1120864847 1256362.7078058624, 2685484.1119284886 1256362.7075132765, 2685479.8119068793 1256354.8075754598, 2685476.81191365 1256349.2076620874, 2685476.8115475066 1256349.2069910087, 2685474.311619849 1256344.7071776222, 2685473.011771253 1256342.3074883653, 2685471.511789928 1256339.5075602666, 2685471.5108126183 1256339.50582031, 2685470.5107912123 1256337.8058035795, 2685470.509877557 1256337.8043108033, 2685469.109850244 1256335.6042907569, 2685469.1076671313 1256335.6011345068, 2685468.2076527257 1256334.4011256285, 2685467.607991921 1256333.6015847663, 2685467.108321321 1256332.902052263, 2685467.1060456764 1256332.899104929, 2685466.1060316395 1256331.6990975654, 2685466.1046175607 1256331.6974731372, 2685465.1046049963 1256330.597467642, 2685465.1039586426 1256330.5967701084, 2685463.4039383214 1256328.7967620862, 2685463.400805822 1256328.7937227874, 2685461.6007888066 1256327.19372002, 2685461.5978727504 1256327.1913188973, 2685459.4978568247 1256325.591320643, 2685459.4960151496 1256325.5899826193, 2685456.8959981035 1256323.7899881823, 2685456.891691448 1256323.787318926, 2685453.991678432 1256322.1873327326, 2685453.9883572883 1256322.1856583923, 2685451.588349813 1256321.085674002, 2685451.5860866057 1256321.084703424, 2685449.5860820934 1256320.2847186138, 2685449.5815125527 1256320.2831424864, 2685447.181510952 1256319.5831655331, 2685447.179179599 1256319.5825461887, 2685444.6791798286 1256318.9825726007, 2685444.674838617 1256318.9817318425, 2685441.974842499 1256318.5817649616, 2685441.970011957 1256318.5812875743, 2685439.970550785 1256318.4813423792, 2685438.571086759 1256318.3813995523, 2685438.567524418 1256318.3812725416, 2685434.8675377565 1256318.381328036, 2685434.8637029473 1256318.3814753746, 2685433.563709094 1256318.4814967064, 2685433.560472868 1256318.4818520162, 2685432.1604808355 1256318.681876688, 2685432.1448427653 1256318.6868291276, 2685432.1316489703 1256318.6965760677, 2685432.122319507 1256318.7100684342, 2685432.1178585123 1256318.7258540357, 2685431.8223923286 1256321.3854621295, 2685389.363183627 1256325.3823513107, 2685356.563521402 1256328.3828794374, 2685340.463710533 1256329.7831351687, 2685340.463424733 1256329.7831608534, 2685315.6636153534 1256332.0835652782, 2685296.763776123 1256333.7838707394, 2685296.7635883596 1256333.7838879824, 2685287.16393473 1256334.6840187106, 2685272.464303794 1256335.884234058, 2685272.463803924 1256335.8842774027, 2685250.6639354387 1256337.8846341197, 2685205.464179299 1256341.9853737052, 2685181.464247819 1256344.1857713887, 2685165.1643087706 1256345.6860398923, 2685165.1641893364 1256345.6860510253, 2685147.1642766246 1256347.386346105, 2685147.164205298 1256347.3863529002, 2685139.864539298 1256348.086444012, 2685121.9649220523 1256349.5867086777, 2685121.9648273056 1256349.5867167069, 2685111.465427217 1256350.4868396358, 2685105.1672842996 1256350.886823135, 2685096.9692569566 1256350.986922129, 2685089.971159595 1256350.8870506212, 2685078.873250935 1256350.187332907, 2685071.6759248646 1256349.4876860774, 2685057.6778146843 1256347.0881746192, 2685034.7779178233 1256343.088461402, 2685034.777588071 1256343.0884049446, 2685019.877859895 1256340.5886274087, 2685001.378192154 1256337.2889038124, 2684991.9807573576 1256335.5894778986, 2684985.3859461253 1256333.6910397573, 2684981.7890191865 1256332.1923535985, 2684977.6909218966 1256330.393226794, 2684974.9945588433 1256328.9951362016, 2684972.6966325603 1256327.4965076994, 2684972.6946701678 1256327.4952915302, 2684970.997559464 1256326.4970054752, 2684968.2003544737 1256324.2992248898, 2684966.202419005 1256322.7008932603, 2684962.304847398 1256318.90329536, 2684960.507147273 1256317.0057408179, 2684956.210093331 1256311.5095635548, 2684947.8112812475 1256298.211600995, 2684947.8112215954 1256298.2115067826, 2684933.9109736676 1256276.31137287, 2684933.9107818264 1256276.311072984, 2684929.010834145 1256268.7112419133, 2684917.41076266 1256250.3113458196, 2684917.410535274 1256250.3109885096, 2684908.610671612 1256236.611359718, 2684903.7113197693 1256228.6125152484, 2684898.512345782 1256219.4144525456, 2684895.2132610306 1256212.7164155466, 2684891.9139275905 1256205.4180173862, 2684890.21431871 1256201.2190683684, 2684887.914928009 1256195.4207250015, 2684883.415266305 1256181.422161401, 2684883.415124767 1256181.4217278704, 2684877.31634136 1256163.0258810497, 2684874.6167334095 1256143.5302614667, 2684872.0164985275 1256124.1301094862, 2684872.0164831127 1256124.1299954678, 2684871.1163983983 1256117.5299073665, 2684871.115648994 1256117.5257393543, 2684868.1163275503 1256104.1293574604, 2684867.616704221 1256096.5364844846, 2684868.1163003775 1256089.3407684036, 2684868.9159296346 1256082.1430871969, 2684871.1153054615 1256069.145461028, 2684872.2149715223 1256064.1465601022, 2684872.215066782 1256064.1461175345, 2684875.4146577376 1256048.9467469156, 2684877.4143154095 1256040.9474994277, 2684877.414343544 1256040.9473863263, 2684879.913852693 1256030.8485851043, 2684881.2133658826 1256026.6498728306, 2684881.2134821694 1256026.6494917427, 2684884.9127989216 1256014.3509138236, 2684887.412081134 1256007.7524047373, 2684887.4122162485 1256007.752043815, 2684891.111825643 1255997.7524796457, 2684895.211076517 1255987.5537343624, 2684899.210293278 1255978.554981084, 2684904.6093630423 1255967.2562970577, 2684906.3083476853 1255964.0580358275, 2684908.4074443555 1255960.4593952177, 2684910.2063078745 1255957.561075998, 2684911.6048382097 1255955.5630741916, 2684913.603513988 1255952.964665351, 2684916.10261577 1255949.965593539, 2684917.901878953 1255947.8663484466, 2684919.8999886336 1255945.6683181766, 2684922.9980535796 1255942.769982473, 2684924.896366261 1255941.071406169, 2684928.0939453617 1255938.5731679895, 2684933.391678034 1255934.8745536953, 2684937.0890930383 1255932.576033574, 2684940.087017098 1255930.9770471333, 2684944.2850680794 1255928.8778952437, 2684947.7820173986 1255927.379105475, 2684970.0801046914 1255919.6792539407, 2684993.8798240996 1255911.4788351916, 2685015.879573069 1255903.9784436496, 2685015.8799195597 1255903.9783241, 2685032.7797656646 1255898.0780113507, 2685055.179568425 1255890.277598109, 2685055.1796632046 1255890.277564998, 2685076.579492713 1255882.7771671654, 2685076.5803922284 1255882.776842206, 2685098.0802165205 1255874.776443356, 2685098.0823158124 1255874.7756077086, 2685111.9821949243 1255868.8753477677, 2685111.9837603937 1255868.8746513573, 2685123.58365475 1255863.4744331855, 2685123.58553861 1255863.4735075722, 2685132.0854567317 1255859.073346175, 2685132.0867280792 1255859.072664604, 2685146.686582072 1255850.972386415, 2685146.688557817 1255850.9712303062, 2685155.288466514 1255845.671064906, 2685155.289610404 1255845.6703383527, 2685163.389521346 1255840.370181899, 2685163.390624192 1255840.369439123, 2685174.790494505 1255832.4692183032, 2685174.792015245 1255832.468121648, 2685186.7918719584 1255823.4678879778, 2685186.793272905 1255823.4667978429, 2685198.1931303726 1255814.266574922, 2685198.194185359 1255814.2656993414, 2685205.6940881736 1255807.8655522878, 2685205.69543221 1255807.8643629951, 2685217.7952677524 1255796.7641244016, 2685217.796251386 1255796.7631972355, 2685227.2961175414 1255787.5630097592, 2685227.296689207 1255787.5624471696, 2685231.8966229917 1255782.9623564216, 2685231.897309296 1255782.961656506, 2685241.8971614493 1255772.5614590533, 2685241.8981637447 1255772.5603855099, 2685251.598014345 1255761.8601935257, 2685251.5989331966 1255761.8591511645, 2685259.3988082 1255752.7589963553, 2685259.399504488 1255752.7581659418, 2685266.699383763 1255743.8580208654, 2685266.700815197 1255743.856190499, 2685274.600674904 1255733.2560312273, 2685274.600924749 1255733.2556930229, 2685283.9007575954 1255720.5555069142, 2685283.901573584 1255720.5543589985, 2685294.8013687637 1255704.7541406117, 2685294.8028224055 1255704.7519084772, 2685308.002551004 1255683.251640324, 2685308.0034623686 1255683.250094301, 2685314.9033110566 1255671.0499530942, 2685314.9044221635 1255671.0478757261, 2685320.0042995308 1255660.9477687264, 2685320.005393641 1255660.945456735, 2685326.9052084126 1255645.3453071024, 2685326.906309317 1255645.3426079347, 2685333.306111242 1255628.2424623508, 2685333.3067851043 1255628.2405438449, 2685335.6067053773 1255621.2404892447, 2685335.6071936185 1255621.2389163312, 2685338.693127271 1255610.6865321116, 2685340.0453475914 1255611.0728642265, 2685340.0612858334 1255611.0747393006, 2685340.0769971544 1255611.0714684445, 2685340.0908630015 1255611.0633886135, 2685340.101454939 1255611.0513321927, 2685340.1076818043 1255611.0365411914, 2685345.3074447676 1255589.536401976, 2685345.308155443 1255589.5329288153, 2685347.508014979 1255576.432857794, 2685347.508705408 1255576.424576774, 2685347.5086340266 1255569.3245540822, 2685347.508589431 1255569.3224432846, 2685347.2086759815 1255562.2261332902, 2685348.7081356565 1255548.1297601585, 2685348.70837097 1255548.1265965756, 2685349.1082749 1255538.726561473, 2685349.1073139017 1255538.7144559012, 2685349.1034629154 1255538.7029390472, 2685348.103550515 1255536.6031651066, 2685346.8055408397 1255533.8075090486, 2685346.107008361 1255531.1132636147, 2685345.7085999525 1255529.1213125426, 2685346.007808978 1255525.031527441, 2685346.905866771 1255520.8403532128, 2685348.8018433866 1255516.7488936307, 2685350.5996687524 1255514.0520733434, 2685350.6055525574 1255514.039991843, 2685350.6080063046 1255514.0267796789, 2685351.707775872 1255491.5266945593, 2685351.7078354936 1255491.524253018, 2685351.7076224005 1255470.324185611, 2685351.7075335016 1255470.3212058293, 2685350.507336043 1255450.22115595, 2685350.5070230444 1255450.2178094203, 2685348.0068354886 1255430.6177756083, 2685348.0066604954 1255430.6165289935, 2685346.10654298 1255418.216510664, 2685346.104730492 1255418.2088121849, 2685339.3058856744 1255397.0130060012, 2685338.206399923 1255388.9173478174, 2685338.204801344 1255388.9098947474, 2685329.8045466184 1255360.509890781, 2685329.804510287 1255360.5097685237, 2685319.5111524086 1255326.033042706, 2685320.6971173338 1255324.352877086, 2685320.7041783147 1255324.3383492809, 2685320.706239202 1255324.322328416, 2685320.70308491 1255324.3064865281, 2685317.103001241 1255314.7064898063, 2685317.0989597165 1255314.6981558597, 2685312.5014152126 1255307.102331754, 2685291.4025765653 1255249.4068880936, 2685291.402297277 1255249.4061428152, 2685283.802123907 1255229.6061380983, 2685283.797689944 1255229.5973100895, 2685274.9975803504 1255215.6973372593, 2685274.9919441007 1255215.6900274667, 2685266.9918852206 1255207.0900666646, 2685266.987372689 1255207.0857840045, 2685258.3873300077 1255199.8858332084, 2685258.3854795033 1255199.8843570512, 2685245.485425398 1255190.0844328147, 2685245.471583492 1255190.0770146223, 2685245.456123316 1255190.0742560043, 2685245.4405700387 1255190.0764291103, 2685245.426458013 1255190.083319536, 2685245.4151794086 1255190.0942475516, 2685241.8447397565 1255194.8549687571, 2685180.326544619 1255150.314708451, 2685183.294196435 1255146.5555760844, 2685183.3019931177 1255146.5415390849, 2685183.304938474 1255146.5257545535, 2685183.3027287517 1255146.5098503372, 2685183.295591837 1255146.4954666432, 2685183.2842637594 1255146.4840868379, 2685155.7841548184 1255126.584218797, 2685155.7837666124 1255126.5839406895, 2685116.5836150264 1255098.7841123273, 2685116.5822140006 1255098.783154076, 2685098.382152172 1255086.7832314507, 2685098.3761259005 1255086.7798315743, 2685077.3760938593 1255076.7799389986, 2685077.3705737432 1255076.777703266, 2685060.1705720043 1255070.9778032477, 2685060.168294565 1255070.977095316, 2685042.968301981 1255066.0771991732, 2685042.9648826565 1255066.0763540778, 2685007.265908781 1255058.5767892925, 2684986.67022162 1255053.3780462595, 2684966.3747325754 1255045.1800350395, 2684953.277862965 1255038.981621399, 2684939.583388703 1255031.0849161898, 2684916.5877174432 1255011.7887495803, 2684851.088405732 1254950.1904219645, 2684780.788050871 1254883.991298332, 2684780.787254798 1254883.9905648024, 2684756.387136307 1254861.9908550915, 2684756.3795017228 1254861.9851886998, 2684740.9794702944 1254852.6853605658, 2684740.9746871507 1254852.6828150658, 2684725.474675948 1254845.4829827228, 2684725.4649980944 1254845.4796430208, 2684700.665034363 1254839.6798988283, 2684700.655753493 1254839.678629536, 2684674.5558391265 1254838.5788887162, 2684674.547452892 1254838.5792405163, 2684574.2695753626 1254851.2774717058, 2684563.2862545475 1254842.0915823935, 2684563.2837553015 1254842.0896236019, 2684546.3844904574 1254829.690387237, 2684531.685485728 1254817.9913843605, 2684521.686706579 1254809.7925273261, 2684504.187557793 1254793.8935692767, 2684504.186382005 1254793.892534166, 2684442.9870204595 1254741.6939548815)))"
72,Sembrancher,Heliport,NA2,Semb,VS,4,"MULTIPOLYGON (((2576688.395175459 1102992.9689482567, 2576636.3954824773 1102997.9690585874, 2576635.2960738135 1103076.9681867217, 2576661.2959721284 1103077.1680287302, 2576661.395798794 1103054.968293293, 2576688.2956850952 1103055.1681492366, 2576688.395175459 1102992.9689482567)))"
83,Yverdon,Flugfeld,LSGY,Yver,VD,3,"MULTIPOLYGON (((2536883.6633333517 1179432.6887250217, 2537197.1718388754 1179710.8864633841, 2537341.671079202 1179552.2823038339, 2536645.8518273267 1178910.9870097062, 2536588.4526681965 1179008.3890557385, 2536959.6629772023 1179350.4865304073, 2536883.6633333517 1179432.6887250217)))"
17,St.Stephan,Flugfeld,LSTS,Step,BE,3,"MULTIPOLYGON (((2598745.1566360695 1148850.0918777613, 2598689.155738436 1148790.0922527963, 2598626.5570522244 1148856.4927251756, 2598587.3574447175 1148872.49300858, 2598567.15756581 1148876.093152827, 2597515.1843780256 1149900.0999807478, 2597489.1838438925 1149880.100208066, 2597485.1833752943 1149856.1002357258, 2597475.383308134 1149856.400326166, 2597474.1833978696 1149861.7003389408, 2597467.1833167393 1149860.1004028348, 2597407.1818339154 1149808.1009525026, 2597247.183581458 1149940.1023778154, 2597251.1837443793 1149946.1023387702, 2597231.1841589115 1149968.1025007085, 2597297.185162725 1149998.1019107972, 2597355.184315486 1149946.1014189222, 2597367.184632313 1149958.1013113526, 2597377.184270687 1149938.1012249324, 2597403.1839345717 1149914.100993347, 2597459.185075678 1149956.1005014547, 2597349.186710768 1150060.1014500482, 2597323.1872875458 1150090.1016588283, 2597259.186843739 1150077.6021939665, 2597221.7883139066 1150142.9024576016, 2597263.1889958973 1150170.1021101605, 2597185.1919226297 1150290.10262377, 2597245.1936448393 1150368.1021297143, 2598745.1566360695 1148850.0918777613)))"
19,Courtelary,Segelflugfeld,LSZJ,Cour,BE,3,"MULTIPOLYGON (((2573436.6311341943 1225876.4253886014, 2573649.53647414 1225972.421251215, 2573663.535878818 1225942.5208684972, 2573881.5407042108 1226054.0164591982, 2573911.439663965 1225995.515638799, 2573406.227106071 1225740.9257857432, 2573375.028165669 1225798.1265316412, 2573457.230459263 1225839.524896607, 2573436.6311341943 1225876.4253886014)))"
52,Montricher,Segelflugfeld,LSTR,Mont,VD,3,"MULTIPOLYGON (((2520580.27698031 1160713.3704900153, 2520593.2772980914 1160741.8705888265, 2520598.3773674546 1160745.0705707362, 2520645.377765778 1160739.5701522045, 2520680.7779545137 1160718.8697133404, 2520647.577111898 1160640.4694083033, 2520633.87688492 1160626.1694181184, 2520647.9769728626 1160619.469250976, 2520627.8765240503 1160581.669144361, 2520672.076793752 1160559.1686025967, 2520647.4762196336 1160509.3684474712, 2520641.3761770283 1160511.7685180244, 2520622.5757677965 1160478.4684389783, 2520581.3755187267 1160500.368957174, 2520572.67531066 1160482.4689051863, 2520552.9748948636 1160450.1688488577, 2520542.974829956 1160454.8689705473, 2520424.2727980646 1160237.4700254824, 2520366.571874307 1160137.870635917, 2520340.3714947146 1160103.7709029573, 2520321.9713493884 1160105.0710824989, 2520269.571056957 1160139.0715722416, 2520569.576878434 1160713.070574944, 2520580.27698031 1160713.3704900153)))"
53,Môtiers,Flugfeld,LSTO,Moti,NE,3,"MULTIPOLYGON (((2537395.0193408965 1196719.1023419222, 2537407.7187550873 1196706.4028941628, 2537465.017004718 1196730.0020058749, 2537507.3149741865 1196688.203801122, 2537067.0344090476 1196243.8199065016, 2537024.4353388855 1196285.6174406363, 2537276.9222961557 1196541.0092099179, 2537291.922380861 1196636.4053440425, 2537268.7234667125 1196661.9040062611, 2537395.0193408965 1196719.1023419222)))"
54,Münster,Flugfeld,LSPU,Müns,VS,3,"MULTIPOLYGON (((2662818.6425487385 1147682.040001158, 2662841.2438409757 1147705.9409594152, 2662831.7443234706 1147717.6415019669, 2662876.9471856263 1147764.8432595665, 2662903.5470909677 1147741.841818517, 2662922.148583564 1147759.2422404394, 2662978.048127775 1147702.9389867398, 2663015.1510448987 1147737.2397694935, 2663003.7511774213 1147749.9404678012, 2663056.4552335087 1147799.2414889925, 2663068.15517868 1147788.040846373, 2663573.5891034505 1148262.8450708569, 2663562.1888056058 1148276.4453907993, 2663616.592822285 1148326.9460767955, 2663626.5930256126 1148312.345739002, 2663655.495092759 1148336.9461071205, 2663706.8965006466 1148276.5445580538, 2663681.3946211794 1148252.444192049, 2663708.695438058 1148222.64336314, 2663698.3946869704 1148213.4432366216, 2663682.4913282 1148126.4411004917, 2663657.190053583 1148129.6413771182, 2663666.692231667 1148184.1427768066, 2663482.077444508 1148015.1398769463, 2663530.078163335 1147970.7379653864, 2663511.676555001 1147952.0375779767, 2663462.4762561116 1147997.0398187872, 2663349.2690452123 1147892.4391331263, 2663413.07069287 1147877.537395613, 2663402.9695501626 1147854.0368909494, 2663327.067548153 1147871.5389167327, 2663278.1642150558 1147826.7383990742, 2663310.3642511684 1147796.436816568, 2663291.662889116 1147777.7365371294, 2663258.5628318465 1147808.3381458456, 2663196.3583623506 1147750.937257533, 2663207.2583429106 1147740.036692657, 2663189.457035596 1147723.7364094378, 2663177.856997651 1147733.836957817, 2663129.9533900777 1147689.5361072537, 2663084.450604217 1147665.0358711067, 2663049.3486021576 1147650.4358189753, 2662983.645439076 1147637.736248552, 2662916.045976878 1147707.64016214, 2662903.344898322 1147694.8398180688, 2662890.8449243065 1147705.640476653, 2662848.8418088583 1147661.639001634, 2662833.3423264422 1147675.0396428953, 2662829.542100459 1147670.8394742645, 2662818.6425487385 1147682.040001158)))"
49,Lugano-Agno,Regionalflugplatz mit Linienverkehr,LSZA,Luga,TI,2,"MULTIPOLYGON (((2714253.598102894 1096661.8761778872, 2714271.298755916 1096669.175969167, 2714327.399742289 1096642.6744404244, 2714331.799607524 1096630.874150471, 2714325.8978979145 1096560.0730248396, 2714281.693669913 1096422.8714706823, 2714278.6928134533 1096387.470909949, 2714188.6838196055 1096074.6663255272, 2714191.6835963223 1096055.5656647743, 2714120.877758262 1095821.7600245161, 2714000.2678212826 1095440.4520115003, 2713890.258422708 1095096.7451461223, 2713868.9578414303 1095101.1459881638, 2713859.757121733 1095077.4454682572, 2713662.049871442 1095099.5517595415, 2713767.1603968777 1095421.6582816737, 2713701.857964564 1095439.8601577724, 2713711.858951796 1095469.960691771, 2713609.455158513 1095495.7634802272, 2713586.8539709817 1095483.763667773, 2713576.1538334433 1095498.864251079, 2713595.0549149173 1095513.3642022316, 2713641.560054473 1095677.3672225655, 2713707.4661914157 1095868.9707204283, 2713748.969705833 1095980.772814603, 2713901.27314635 1095925.6680712935, 2713970.3765804605 1096011.2689552368, 2713996.978502249 1096080.5703829227, 2714024.981280279 1096183.8722268771, 2714041.182635502 1096225.1726324589, 2714057.483702741 1096253.1728058818, 2714142.9890879737 1096390.3735539396, 2714175.4921858213 1096490.674679472, 2714173.9924344146 1096503.9749396783, 2714184.2928834674 1096511.374872259, 2714199.0944559956 1096564.4755155267, 2714224.096151322 1096610.175836574, 2714253.598102894 1096661.8761778872)))"
91,Ascona,Flugfeld,LSZD,Asco,TI,3,"MULTIPOLYGON (((2703664.5065821162 1113082.0061806042, 2703736.7086649067 1113096.1061931269, 2703780.8092284272 1112987.803649673, 2703802.8093097718 1112887.60133871, 2703818.809221438 1112789.3991137557, 2703798.808321298 1112745.2982836696, 2703860.9086403223 1112360.3864776113, 2703802.806774933 1112352.386343123, 2703664.5065821162 1113082.0061806042)))"
2,Ambrì,Flugfeld,LSPM,Ambr,TI,3,"MULTIPOLYGON (((2695033.6059040525 1152371.5524980996, 2695194.308952613 1152362.949723568, 2695994.1216492266 1152178.3339610128, 2696018.0237911427 1152273.334912802, 2696063.32453938 1152264.4340436198, 2696040.722364042 1152164.7330108655, 2696531.830810613 1152056.2236075855, 2696545.532110985 1152126.2243189083, 2696885.037512627 1151997.9171611052, 2697086.9408035288 1151910.2127945987, 2697056.2385063004 1151772.6115560045, 2696535.0285190754 1151893.9213944494, 2696500.1260146345 1151776.2203699085, 2696442.9249741216 1151793.1214893558, 2696368.123691404 1151819.1230109218, 2696399.926049098 1151926.5239667045, 2694986.1031573694 1152261.251760729, 2695033.6059040525 1152371.5524980996)))"
3,Amlikon,Segelflugfeld,LSPA,Amli,TG,3,"MULTIPOLYGON (((2720582.6371756247 1270557.8580323178, 2721524.9389215484 1270521.7446217185, 2721578.2387828026 1270516.0438428218, 2721717.7380456757 1270474.841883462, 2721675.63697576 1270384.0426985135, 2721524.9377530175 1270438.0448590275, 2721465.3378792736 1270443.5457414682, 2721291.8382657347 1270458.6483039544, 2721247.2368835867 1270364.1492226012, 2720967.8361923033 1270384.453133483, 2720968.5376638505 1270473.0528934405, 2720653.8362656953 1270488.9572109426, 2720582.936436535 1270517.9581245582, 2720582.6371756247 1270557.8580323178)))"
4,Bad Ragaz,Flugfeld,LSZE,BadR,SG,3,"MULTIPOLYGON (((2755092.653597809 1209212.7012221625, 2755120.553632844 1209268.4012359756, 2755497.2492519883 1209068.1070681445, 2755545.4502597963 1209133.1081034688, 2755628.7484778785 1209068.0089795876, 2755591.34770865 1209018.208179459, 2755606.847452864 1209009.908362004, 2755579.6465640715 1208957.107694896, 2755230.152244371 1209140.603530159, 2755217.05182743 1209115.803209524, 2755181.852388797 1209133.902783472, 2755195.0528110215 1209159.003107155, 2755092.653597809 1209212.7012221625)))"
5,Bellechasse,Segelflugfeld,LSTB,Bell,FR,3,"MULTIPOLYGON (((2576437.134349938 1203073.620264053, 2576409.1347304545 1203148.0223168312, 2576976.048009171 1203292.3177515704, 2577003.9474980826 1203207.9154774577, 2576590.23785025 1203105.8188839653, 2576603.637438813 1203052.1174953722, 2576480.1345357527 1203019.9184693187, 2576458.6348526976 1203079.0200899446, 2576437.134349938 1203073.620264053)))"
6,Langenthal,Flugfeld,LSPL,Lang,BE,3,"MULTIPOLYGON (((2622946.130806094 1225603.3606170162, 2622898.2289463193 1225726.563922629, 2622742.0248244805 1225612.5669519678, 2622713.0232758042 1225675.7692443975, 2623158.234932744 1226002.161457526, 2623185.8352602315 1225966.9606315282, 2623169.0347520155 1225924.16056499, 2622993.830992661 1225796.3627255603, 2623040.1318401494 1225671.560255259, 2622946.130806094 1225603.3606170162)))"
48,Lommis,Flugfeld,LSZT,Lomm,TG,3,"MULTIPOLYGON (((2717692.1364683243 1264977.9884305173, 2717777.3370759515 1265031.086688307, 2717808.7361062947 1264970.087069411, 2718176.937992632 1265163.6803918555, 2718208.5367201357 1265109.0806729652, 2718134.336608827 1265054.8820096268, 2717903.134702088 1264890.8868621557, 2717665.4335550927 1264795.5911353289, 2717486.932368781 1264721.1944149698, 2717526.9346249695 1264821.8925943663, 2717445.1336583216 1264778.194200401, 2717414.9346884554 1264828.693916744, 2717692.1364683243 1264977.9884305173)))"
76,St.Gallen-Altenrhein,Regionalflugplatz mit Linienverkehr,LSZR,Alte,SG,2,"MULTIPOLYGON (((2759712.1369154635 1261886.8311580594, 2759772.937059181 1261883.3311318255, 2759862.736965925 1261851.9312490674, 2759976.6367964963 1261811.8313985115, 2760382.437000073 1261742.9308064647, 2760483.7371295374 1261724.330213575, 2760550.0371474363 1261706.6298313441, 2760636.7371170716 1261678.6293205717, 2760668.4371871543 1261674.5291045292, 2760721.237057905 1261648.1287960617, 2760737.3370481427 1261642.3286916383, 2760686.3336849483 1261394.1298653502, 2758669.732526974 1261650.133471128, 2758682.332828749 1261708.733116589, 2759068.233376328 1261665.833041021, 2759119.534092743 1261750.4324951672, 2759188.03518215 1261870.7317211693, 2759200.5356380446 1261924.431391531, 2759712.1369154635 1261886.8311580594)))"
71,Schwarzsee,Winterflugfeld,LSWS,Schw,FR,3,"MULTIPOLYGON (((2588236.65662584 1168644.529403431, 2588313.556861297 1168595.0279336309, 2587924.542790191 1168013.528349327, 2587838.1418195996 1168060.5298350917, 2588236.65662584 1168644.529403431)))"
51,Mollis,Flugfeld,LSZM,Moll,GL,3,"MULTIPOLYGON (((2723865.582838454 1216681.8487094273, 2723775.4808124364 1216438.9479911588, 2723854.8813941795 1216452.6467944926, 2723697.4767181785 1215980.6469946436, 2723556.9713624716 1215322.155884538, 2723706.673433294 1215372.5510132774, 2723773.8745077765 1215424.548504726, 2723853.376394902 1215610.9441695705, 2723884.3765479936 1215564.5437645062, 2723845.675116709 1215369.5470104616, 2723793.774139643 1215299.2492724042, 2723679.172498695 1215248.8531205796, 2723595.1709401133 1215137.3567101536, 2723520.2697972097 1215067.0592231455, 2723505.069629333 1215059.3595420904, 2723385.9676737706 1214555.2595571957, 2723317.967010425 1214426.9593835645, 2723268.6665306 1214334.059256775, 2723234.566255246 1214353.5598466874, 2723262.066672897 1214628.2617221812, 2723350.468174776 1215033.8621946606, 2723309.5678695864 1215045.1627948387, 2723309.46869241 1215236.2620121115, 2723523.3781528827 1216324.3520030386, 2723592.079227681 1216388.5508683184, 2723738.78238103 1216684.9501346694, 2723779.982493213 1216678.8496381042, 2723865.582838454 1216681.8487094273)))"
39,Hasenstrick,Flugfeld,LSPK,Hase,ZH,3,"MULTIPOLYGON (((2709022.5904376637 1237656.1399916762, 2709044.590706629 1237680.8399504027, 2709061.8909108923 1237714.4398226459, 2709114.391547434 1237694.2403181943, 2709122.491637349 1237708.4402774936, 2709155.692046889 1237692.9406015235, 2709131.191792278 1237623.5408972802, 2709449.293627059 1237526.1413119955, 2709416.593761082 1237460.6417496921, 2709355.7934755865 1237479.941826654, 2709233.292963036 1237533.8418612476, 2709150.3920832863 1237551.1414816726, 2709061.2909237305 1237585.1407503223, 2709006.1902255914 1237601.8403043111, 2708958.0896241562 1237612.5399327783, 2708982.8899538326 1237667.0396526475, 2709022.5904376637 1237656.1399916762)))"
7,Balzers,Heliport,LSXB,Balz,LI,4,"MULTIPOLYGON (((2755183.286515937 1214912.4447928744, 2755183.286515937 1214912.4447928744, 2755183.255603471 1214910.690050329, 2755183.16294463 1214908.9374702116, 2755183.008653574 1214907.1892117048, 2755182.7929203934 1214905.447428653, 2755182.516010873 1214903.7142669228, 2755182.1782661686 1214901.9918617674, 2755181.7801023833 1214900.2823352003, 2755181.322010057 1214898.5877933493, 2755180.8045535604 1214896.9103238815, 2755180.2283703997 1214895.251993433, 2755179.594170434 1214893.6148450773, 2755178.902734997 1214892.0008957605, 2755178.1549159368 1214890.4121338737, 2755177.3516345657 1214888.8505167582, 2755176.4938805243 1214887.3179683355, 2755175.582710563 1214885.8163766966, 2755174.619247242 1214884.3475917878, 2755173.6046775435 1214882.9134231594, 2755172.5402514148 1214881.5156376965, 2755171.427280225 1214880.1559574646, 2755170.267135149 1214878.836057578, 2755169.061245482 1214877.5575641568, 2755167.8110968736 1214876.3220523016, 2755166.5182295 1214875.1310441515, 2755165.1842361693 1214873.9860070215, 2755163.8107603528 1214872.8883515936, 2755162.3994941665 1214871.839430173, 2755160.9521762813 1214870.840535019, 2755159.470589786 1214869.892896776, 2755157.956559985 1214868.9976829074, 2755156.4119521547 1214868.1559963315, 2755154.838669243 1214867.3688739866, 2755153.2386495234 1214866.6372856037, 2755151.613864211 1214865.9621325, 2755149.96631503 1214865.3442464492, 2755148.2980317525 1214864.7843886754, 2755146.6110696904 1214864.2832489247, 2755144.907507171 1214863.8414445883, 2755143.1894429703 1214863.4595199758, 2755141.458993734 1214863.1379455922, 2755139.7182913627 1214862.8771176261, 2755137.9694803893 1214862.6773574036, 2755136.214715338 1214862.5389110388, 2755134.4561580666 1214862.4619490644, 2755132.695975106 1214862.4465663189, 2755130.93633499 1214862.4927817308, 2755129.1794055826 1214862.6005383602, 2755127.427351408 1214862.769703467, 2755125.682330987 1214863.0000686008, 2755123.946494172 1214863.2913499735, 2755122.221979502 1214863.6431887154, 2755120.510911568 1214864.0551513555, 2755118.8153983946 1214864.5267303626, 2755117.137528842 1214865.0573447368, 2755115.4793700348 1214865.646340773, 2755113.8429648154 1214866.292992815, 2755112.230329224 1214866.9965041978, 2755110.643450017 1214867.7560081843, 2755109.0842822213 1214868.5705690729, 2755107.554746721 1214869.4391833225, 2755106.0567278955 1214870.360780808, 2755104.592071296 1214871.3342261151, 2755103.162581371 1214872.3583199722, 2755101.7700192444 1214873.431800686, 2755100.4161005453 1214874.5533457408, 2755099.1024932954 1214875.7215733915, 2755097.8308158517 1214876.9350444057, 2755096.6026349156 1214878.1922637722, 2755095.419463601 1214879.4916826002, 2755094.282759568 1214880.8317000307, 2755093.193923235 1214882.210665154, 2755092.1542960415 1214883.626879107, 2755091.165158807 1214885.0785971032, 2755090.2277301433 1214886.5640306608, 2755089.3431649623 1214888.0813497093, 2755088.5125530446 1214889.6286849352, 2755087.736917704 1214891.2041300293, 2755087.017214521 1214892.8057440508, 2755086.35433017 1214894.4315538325, 2755085.7490813253 1214896.079556371, 2755085.2022136524 1214897.7477213545, 2755084.714400893 1214899.4339936078, 2755084.286244035 1214901.1362956555, 2755083.918270569 1214902.8525302715, 2755083.610933839 1214904.5805830758, 2755083.364612487 1214906.318325109, 2755083.1796099837 1214908.0636155093, 2755083.056154255 1214909.8143040605, 2755082.9943974013 1214911.568233946, 2755082.9944155114 1214913.3232443396, 2755083.0562085668 1214915.0771730638, 2755083.179700443 1214916.8278593156, 2755083.3647390017 1214918.5731462385, 2755083.61109628 1214920.3108836699, 2755083.918468771 1214922.038930723, 2755084.286477797 1214923.755158463, 2755084.714669976 1214925.4574524998, 2755085.20251778 1214927.1437156138, 2755085.7494201865 1214928.8118703677, 2755086.354703417 1214930.4598615824, 2755087.0176217686 1214932.0856589463, 2755087.7373585314 1214933.6872595097, 2755088.513026996 1214935.2626900666, 2755089.343671544 1214936.8100097538, 2755090.228268827 1214938.3273122283, 2755091.1657290277 1214939.8127282227, 2755092.1548972004 1214941.2644276961, 2755093.194554696 1214942.6806221695, 2755094.283420662 1214944.0595668883, 2755095.4201536216 1214945.3995630157, 2755096.603353126 1214946.6989596589, 2755097.831561478 1214947.95615599, 2755099.1032655304 1214949.169603151, 2755100.41689855 1214950.3378061685, 2755101.770842146 1214951.4593258146, 2755103.1634282656 1214952.5327803933, 2755104.592941248 1214953.55684741, 2755106.057619937 1214954.5302652165, 2755107.5556598553 1214955.4518345636, 2755109.0852154214 1214956.3204200778, 2755110.6444022288 1214957.1349516602, 2755112.231299362 1214957.8944258252, 2755113.8439517715 1214958.5979068761, 2755115.480372672 1214959.244528138, 2755117.138545998 1214959.8334929717, 2755118.816428885 1214960.3640757732, 2755120.5119541846 1214960.8356228624, 2755122.2230330147 1214961.2475532817, 2755123.9475573306 1214961.5993595337, 2755125.683402522 1214961.890608198, 2755127.4284300325 1214962.1209404452, 2755129.180489992 1214962.2900725107, 2755130.9374238662 1214962.3977960106, 2755132.6970671182 1214962.4439782249, 2755134.4572518715 1214962.4285622535, 2755136.215809581 1214962.3515670903, 2755137.9705737093 1214962.2130875806, 2755139.719382391 1214962.0132943268, 2755141.460081097 1214961.7524334732, 2755143.1905252934 1214961.4308263923, 2755144.9085830743 1214961.0488692867, 2755146.612137799 1214960.6070327405, 2755148.299090692 1214960.1058610794, 2755149.9673634316 1214959.5459717305, 2755151.6149007105 1214958.9280544976, 2755153.2396727684 1214958.2528706256, 2755154.83967789 1214957.521251939, 2755156.4129448747 1214956.7340997965, 2755157.957535462 1214955.8923839456, 2755159.471546722 1214954.9971413875, 2755160.9531133976 1214954.0494750482, 2755162.4004102047 1214953.0505524504, 2755163.8116540783 1214952.0016042583, 2755165.1851063725 1214950.903922767, 2755166.5190749983 1214949.7588603285, 2755167.811916514 1214948.5678276299, 2755169.0620381436 1214947.332292041, 2755170.267899743 1214946.053775719, 2755171.4280156973 1214944.7338537993, 2755172.540956749 1214943.374152421, 2755173.605351762 1214941.9763467298, 2755174.6198894065 1214940.542158819, 2755175.583319779 1214939.0733555977, 2755176.49445594 1214937.571746627, 2755177.352175375 1214936.0391819002, 2755178.1554213804 1214934.4775495077, 2755178.903204363 1214932.8887734069, 2755179.5946030607 1214931.2748109275, 2755180.228765676 1214929.6376505108, 2755180.804910926 1214927.9793090972, 2755181.322329007 1214926.3018297758, 2755181.780382464 1214924.6072792152, 2755182.1785069825 1214922.897745063, 2755182.516212078 1214921.1753334878, 2755182.793081702 1214919.4421664926, 2755183.0087747574 1214917.7003793283, 2755183.163025515 1214915.952117886, 2755183.255643942 1214914.1995360025, 2755183.286515937 1214912.4447928744)))"
8,La Chaux-de-Fonds-Les Eplatures,Regionalflugplatz ohne Linienverkehr,LSGC,Epla,NE,2,"MULTIPOLYGON (((2551455.1500317683 1215313.82599991, 2551480.451003311 1215278.7235226606, 2551264.9364179126 1215127.7203673215, 2551286.437140499 1215095.418104202, 2551102.6244773767 1214965.4152439043, 2551092.1241134 1214980.1162931332, 2550968.5154430056 1214891.614247658, 2550958.615037045 1214901.5150205812, 2550792.8035313366 1214791.9123934044, 2550485.3876045337 1214591.4016614023, 2550458.7866150737 1214674.0057373582, 2550970.6179104387 1215027.8217245927, 2550925.616388241 1215089.0261530078, 2551091.7278698394 1215207.8288182209, 2551137.3294107416 1215144.2242548026, 2551431.2491628393 1215347.5283850797, 2551455.1500317683 1215313.82599991)))"
9,La Côte,Flugfeld,LSGP,LaCo,VD,3,"MULTIPOLYGON (((2509417.2589560547 1140410.4626691234, 2509435.6589809745 1140381.9617575745, 2509459.2589864023 1140339.5604883486, 2509468.758958631 1140315.3598726417, 2509428.9584796187 1140268.1604745681, 2509452.058564896 1140247.7594802417, 2509308.8558819187 1140081.0601172221, 2509323.255833233 1140068.6593347294, 2509271.554769046 1140008.6592988719, 2509203.3549874625 1140066.7629992766, 2509040.148693542 1139876.2631996549, 2508997.6481276597 1139921.2656438034, 2509417.2589560547 1140410.4626691234)))"
10,Lausanne-La Blécherette,Regionalflugplatz ohne Linienverkehr,LSGL,Laus,VD,2,"MULTIPOLYGON (((2536945.4673504927 1155691.5525285534, 2537059.1680249544 1155684.2517161008, 2537070.567512602 1155625.650360433, 2537086.567158688 1155544.1482476445, 2537097.967157241 1155523.2476294842, 2537070.2656080173 1155138.737849873, 2537089.2657573796 1155137.637628082, 2537087.3654486197 1155053.1354408797, 2537106.46561299 1155054.0352550622, 2537097.864758233 1154824.6293292595, 2537116.0648385487 1154796.8283553156, 2537093.7645923505 1154787.4284073296, 2537042.4640162 1154765.1285248878, 2537006.9635214186 1154726.028017415, 2536990.2632471565 1154698.0275449613, 2536982.5630371 1154645.4264005334, 2536981.6630087537 1154631.7261010704, 2536985.3629572163 1154577.3248033305, 2536859.761791226 1154584.126721361, 2536945.4673504927 1155691.5525285534)))"
11,Bern-Belp,Regionalflugplatz mit Linienverkehr,LSZB,Bern,BE,2,"MULTIPOLYGON (((2603647.070067631 1196609.9812603532, 2603615.66979989 1196616.0817401127, 2603555.96991107 1196647.9828789586, 2603524.5700273463 1196666.6834998974, 2603493.77002333 1196681.1840664337, 2603447.9697825364 1196695.0848236964, 2603390.0697308453 1196720.9858749257, 2603318.269441428 1196745.7870974927, 2603253.669086945 1196765.0881639817, 2603318.2718091276 1196823.5879716503, 2603377.3743091803 1196877.2877945327, 2603469.6780550573 1196955.6874534127, 2603503.477942222 1196935.786782457, 2603615.682763181 1197037.1865792966, 2603783.381993707 1196933.9830587185, 2603910.0815118616 1196857.9805437354, 2603931.1814291384 1196845.2801250396, 2603945.8813697053 1196836.3798328845, 2603856.5762779266 1196713.2796524905, 2603843.275767807 1196702.9797137093, 2604447.463873192 1196040.5645718756, 2604454.664089474 1196044.3645243763, 2604563.467935075 1196121.0640580412, 2604598.7665670277 1196059.5628455025, 2604689.066633316 1195877.5600189297, 2604808.168215845 1195936.3588756903, 2604808.568072705 1195901.2585241196, 2604810.2679463266 1195866.8581602047, 2604810.267851996 1195844.6579409584, 2604835.5676960708 1195755.256657965, 2604864.967710635 1195708.955707859, 2604924.6678902544 1195663.2542241386, 2604950.16799053 1195651.7536635622, 2604969.3679777957 1195632.0531088174, 2604995.9678522237 1195594.0521988524, 2605025.067687538 1195554.5512031757, 2605042.7676889487 1195544.6507607934, 2605034.3675195477 1195529.5507268852, 2605048.4674121425 1195510.2502274634, 2605067.467289515 1195488.4495984486, 2605089.267086897 1195459.0488086697, 2605091.067009454 1195450.4486628044, 2605093.1668187985 1195430.1483588552, 2605145.7671932136 1195452.5476415837, 2605157.1671704184 1195447.3473518465, 2605200.367203317 1195439.5464106996, 2605144.1666992204 1195406.7470516653, 2605107.2664142596 1195385.9475042229, 2605097.366519603 1195398.447864156, 2605075.4662759164 1195376.9480219332, 2605024.065914678 1195343.1486366387, 2605229.8631544802 1195104.6409875469, 2605199.0628341786 1195079.0412503288, 2605229.8620963 1195043.5399102382, 2605157.7613493092 1194982.940526795, 2605134.461894922 1195009.1415280118, 2605102.961594371 1194983.5418209166, 2604869.66531631 1195257.1508763134, 2604526.863265086 1195078.4550295307, 2604585.862318094 1194907.7524427585, 2604530.1610514503 1194887.152458292, 2604470.7616623454 1195056.354778074, 2604307.4595827144 1195524.6602449762, 2604191.159016954 1195859.9654595093, 2604173.65900144 1195907.766306337, 2604126.258967691 1196021.5684950228, 2604079.461729451 1196138.57044237, 2603987.764942542 1196284.2732204292, 2603935.166549916 1196360.474731778, 2603862.5682023684 1196447.9766442592, 2603726.6695996025 1196557.179630595, 2603647.070067631 1196609.9812603532)))"
12,Bex,Flugfeld,LSGB,Bex,VD,3,"MULTIPOLYGON (((2565362.2841897923 1122781.3728193752, 2565350.983837191 1122774.7729145866, 2565317.682792653 1122754.773184579, 2565305.18240221 1122747.773288968, 2565301.9823037134 1122746.273318447, 2565297.582160103 1122742.6733434633, 2565299.782208152 1122739.9732858823, 2565301.682253011 1122738.2732425425, 2565253.5807470144 1122711.8736368967, 2565239.0804583933 1122734.4740698503, 2565231.4803081923 1122746.3742988845, 2564869.1764367116 1123327.1873465115, 2564903.5779459495 1123353.887122475, 2564892.4778114506 1123371.0875671578, 2564893.677862902 1123371.8875571594, 2564950.9803355974 1123408.9870490548, 2564956.880586023 1123412.2869878286, 2564957.8806276517 1123412.7869766005, 2564959.6807040917 1123413.7869577673, 2565261.8822020157 1122937.7758382957, 2565362.2841897923 1122781.3728193752)))"
50,Luzern-Beromünster,Flugfeld,LSZO,Bero,LU,3,"MULTIPOLYGON (((2658135.6630784734 1227023.7772837617, 2658184.3651072304 1226825.6754810556, 2658098.0618595676 1226804.4773432263, 2658186.0648728646 1226603.6750896992, 2658117.56226198 1226572.7765473456, 2658144.963205585 1226511.7758476674, 2658078.160653322 1226481.8772703726, 2657905.2547856034 1226880.1816990643, 2657822.6516969153 1226870.2834947668, 2657804.251093836 1227004.9842224305, 2657930.455665672 1227015.3815832834, 2657897.854470722 1227093.5825101717, 2657959.5566473 1227121.581333099, 2658015.158755064 1226994.0797132826, 2658135.6630784734 1227023.7772837617)))"
13,Birrfeld,Regionalflugplatz ohne Linienverkehr,LSZF,Birr,AG,2,"MULTIPOLYGON (((2660346.2743073422 1255192.4139626476, 2660367.5743926223 1255163.5134473396, 2660379.674437212 1255147.1131458164, 2660429.674585636 1255079.0118270796, 2660462.274642736 1255033.710896309, 2660396.272647362 1254985.311180877, 2660335.7708686027 1254941.6115401739, 2660299.769827647 1254915.5117940863, 2660292.4698124514 1254925.811994393, 2660278.5698049776 1254947.4123870563, 2660065.865096487 1254903.415064373, 2660057.4650836494 1254917.6152626704, 2659843.4604732343 1254876.518439221, 2659851.160495984 1254862.018207581, 2659644.455971965 1254821.8236742879, 2659634.4558948255 1254836.4239415638, 2659574.4554396058 1254927.32548599, 2659530.5550964535 1254995.326550073, 2659502.554880697 1255040.3271976525, 2659481.5547155617 1255074.3276675758, 2659481.3547137766 1255074.6276720155, 2659460.754496039 1255101.528130509, 2659461.6545451535 1255105.3281025859, 2659464.0546290507 1255109.5280379872, 2659466.95471877 1255113.1279625017, 2659471.554845185 1255116.827846264, 2659477.254995707 1255120.627703822, 2659482.1551246806 1255123.8275818038, 2659488.05528129 1255127.827435056, 2659493.955434026 1255131.3272894155, 2659497.8555309186 1255133.1271939992, 2659506.45572961 1255135.2269863295, 2659572.9572861246 1255153.425390281, 2659667.159499882 1255178.7231667452, 2659728.260920763 1255192.5217451965, 2659827.6632092567 1255211.2194579653, 2659838.1634821827 1255216.519224702, 2659848.163744769 1255221.8190040146, 2659850.7638169876 1255223.6189476606, 2659851.0638252515 1255223.8189411475, 2659896.265112164 1255254.9185018584, 2659899.865216209 1255257.4184783543, 2659996.666069853 1255130.7170769337, 2660082.6680725543 1255146.3162513648, 2660217.2712282813 1255169.3150312942, 2660346.2743073422 1255192.4139626476)))"
14,Bressaucourt,Regionalflugplatz ohne Linienverkehr,LSZQ,Bress,JU,2,"MULTIPOLYGON (((2569487.686003515 1249263.5959989387, 2568677.379581167 1248975.6014239094, 2568657.2811654983 1249032.0999317255, 2568706.3815261745 1249049.099653315, 2568712.3823318323 1249078.9989104427, 2569013.184753332 1249186.7968748198, 2569012.886628596 1249255.3951335885, 2569335.289163823 1249368.3929954048, 2569352.1897716774 1249391.7924377536, 2569360.989596044 1249385.9926048012, 2569408.087899289 1249327.2942023028, 2569460.8882985488 1249345.5938539375, 2569487.686003515 1249263.5959989387)))"
16,Buttwil,Flugfeld,LSZU,Butt,AG,3,"MULTIPOLYGON (((2665183.002520476 1235563.3564756252, 2665296.204863066 1235600.053658459, 2665557.903347305 1234905.0439715115, 2665452.2002465567 1234861.7486684439, 2665431.4009350548 1234963.1493241922, 2665420.101022286 1234992.5496984327, 2665364.7009779187 1235089.651423463, 2665344.7008902086 1235116.45199704, 2665318.000293134 1235114.8529570098, 2665246.6982769445 1235081.755808764, 2665160.999685603 1235293.2563014906, 2665168.8001393434 1235327.0561710848, 2665207.801821418 1235433.655399823, 2665211.302122426 1235460.4553918014, 2665183.6020849985 1235513.3563079683, 2665183.0022017825 1235527.6563673192, 2665183.0023839073 1235548.0564291736, 2665183.002520476 1235563.3564756252)))"
20,Davos,Heliport,NA1,Davo,GR,4,"MULTIPOLYGON (((2789651.8809398897 1184598.989579124, 2789651.8809398897 1184598.989579124, 2789651.850072736 1184597.234848014, 2789651.757459127 1184595.4822773624, 2789651.603213165 1184593.734026324, 2789651.3875248847 1184591.992248719, 2789651.110660016 1184590.259090416, 2789650.7729596575 1184588.5366866274, 2789650.374839858 1184586.8271593526, 2789649.916791103 1184585.1326146985, 2789649.3993777083 1184583.4551403392, 2789648.823237128 1184581.796802913, 2789648.189079167 1184580.1596454561, 2789647.497685107 1184578.5456849493, 2789646.7499067443 1184576.9569097701, 2789645.946665342 1184575.3952772787, 2789645.08895049 1184573.862711387, 2789644.177818891 1184572.3611002206, 2789643.2143930565 1184570.8922937356, 2789642.1998599237 1184569.4581014975, 2789641.1354693943 1184568.060290427, 2789640.0225327923 1184566.700582613, 2789638.8624212514 1184565.3806532188, 2789637.656564024 1184564.102128365, 2789636.40644672 1184562.8665832127, 2789635.113609479 1184561.6755399378, 2789633.7796450686 1184560.530465911, 2789632.406196927 1184559.4327718408, 2789630.994957135 1184558.3838101125, 2789629.547664332 1184557.3848730256, 2789628.0661015757 1184556.4371912607, 2789626.552094142 1184555.5419323836, 2789625.0075072786 1184554.7001993544, 2789623.4342439086 1184553.913029178, 2789621.8342422824 1184553.18139166, 2789620.2094735927 1184552.5061881735, 2789618.561939544 1184551.8882505759, 2789616.893669889 1184551.328340176, 2789615.2067199238 1184550.8271467895, 2789613.5031679613 1184550.3852878874, 2789611.7851127656 1184550.0033078545, 2789610.054670971 1184549.6816772888, 2789608.313974469 1184549.420792452, 2789606.565167787 1184549.220974766, 2789604.8104054434 1184549.0824704128, 2789603.0518492935 1184549.005450039, 2789601.2916658684 1184548.9900085428, 2789599.5320237014 1184549.0361649618, 2789597.7750906604 1184549.1438624335, 2789596.0230312753 1184549.3129683004, 2789594.278004072 1184549.5432742184, 2789592.542158913 1184549.8344964725, 2789590.8176343483 1184550.1862762745, 2789589.106554981 1184550.5981802554, 2789587.4110288494 1184551.0697009603, 2789585.7331448332 1184551.6002574726, 2789584.074970073 1184552.1891961754, 2789582.4385474315 1184552.8357914917, 2789580.8258929695 1184553.5392468367, 2789579.23899347 1184554.2986955517, 2789577.6798039824 1184555.113202022, 2789576.1502454197 1184555.9817627696, 2789574.6522021894 1184556.9033077343, 2789573.187519873 1184557.8767015955, 2789571.758002951 1184558.9007451346, 2789570.3654125803 1184559.9741767254, 2789569.0114644254 1184561.0956739269, 2789567.6978265443 1184562.263855036, 2789566.4261173313 1184563.4772808866, 2789565.1979035283 1184564.7344565259, 2789564.0146982884 1184566.0338331244, 2789562.8779593143 1184567.3738098564, 2789561.7890870664 1184568.7527358716, 2789560.74942303 1184570.1689123323, 2789559.760248067 1184571.620594513, 2789558.8227808387 1184573.10599396, 2789557.9381763022 1184574.623280627, 2789557.1075242874 1184576.1705852563, 2789556.331848156 1184577.7460015647, 2789555.61210354 1184579.3475886157, 2789554.949177164 1184580.9733732613, 2789554.343885753 1184582.6213525503, 2789553.7969750245 1184584.2894961634, 2789553.3091187743 1184585.9757489394, 2789552.8809180413 1184587.6780334217, 2789552.51290037 1184589.3942524025, 2789552.2055191607 1184591.1222914776, 2789551.959153108 1184592.860021712, 2789551.7741057365 1184594.6053022244, 2789551.6506050285 1184596.3559828156, 2789551.588803138 1184598.1099066592, 2789551.588776209 1184599.8649129046, 2789551.650524279 1184601.6188393987, 2789551.773971276 1184603.3695252885, 2789551.958965119 1184605.114813726, 2789552.205277898 1184606.8525545246, 2789552.512606161 1184608.5806067819, 2789552.880571285 1184610.2968415287, 2789553.30871994 1184611.9991443728, 2789553.796524652 1184613.6854180715, 2789554.3433844512 1184615.3535851336, 2789554.948625612 1184617.0015903825, 2789555.6115024816 1184618.627403462, 2789556.331198401 1184620.2290213988, 2789557.10682671 1184621.8044709745, 2789557.937431841 1184623.3518112467, 2789558.821990493 1184624.869135892, 2789559.7594128964 1184626.3545755758, 2789560.7485441514 1184627.806300222, 2789561.7881656545 1184629.222521326, 2789562.8769965973 1184630.6014941062, 2789564.0136955455 1184631.9415196718, 2789565.196862092 1184633.24094711, 2789566.4250385817 1184634.4981755333, 2789567.6967119053 1184635.7116560452, 2789569.0103153675 1184636.8798936426, 2789570.364230614 1184638.0014490702, 2789571.7567896275 1184639.074940576, 2789573.1862767795 1184640.0990456226, 2789574.650930948 1184641.0725025218, 2789576.148947684 1184641.994111984, 2789577.6784814363 1184642.8627386012, 2789579.237647824 1184643.6773122237, 2789580.8245259593 1184644.4368293267, 2789582.4371608132 1184645.1403541765, 2789584.0735656256 1184645.7870200458, 2789585.7317243493 1184646.376030261, 2789587.409594138 1184646.9066591584, 2789589.105107862 1184647.3782530343, 2789590.816176652 1184647.790230876, 2789592.540692476 1184648.1420851515, 2789594.2765307357 1184648.4333823863, 2789596.021552884 1184648.6637637024, 2789597.773609057 1184648.8329452865, 2789599.5305407266 1184648.9407187265, 2789601.290183357 1184648.9869512457, 2789603.0503690746 1184648.9715859059, 2789604.808929334 1184648.8946416336, 2789606.563697595 1184648.7562132478, 2789608.312511987 1184648.5564712957, 2789610.053217975 1184648.295661868, 2789611.7836710154 1184647.9741062876, 2789613.501739194 1184647.5922007223, 2789615.2053058567 1184647.1504156913, 2789616.8922722125 1184646.6492954707, 2789618.5605599266 1184646.089457447, 2789620.2081136713 1184645.4715913604, 2789621.8329036664 1184644.7964584066, 2789623.432928176 1184644.0648903647, 2789625.006215975 1184643.2777885327, 2789626.550828779 1184642.4361226063, 2789628.06486363 1184641.540929536, 2789629.546455242 1184640.5933121922, 2789630.993778301 1184639.594438031, 2789632.405049709 1184638.5455376853, 2789633.778530787 1184637.4479033768, 2789635.1125294114 1184636.3028873994, 2789636.4054021016 1184635.1119004001, 2789637.6555560445 1184633.8764096806, 2789638.861451057 1184632.5979373462, 2789640.0216014814 1184631.2780584795, 2789641.134578019 1184629.9183991512, 2789642.199009489 1184628.5206344582, 2789643.213584517 1184627.0864864397, 2789644.177053153 1184625.6177219613, 2789645.0882284106 1184624.116150509, 2789645.945987726 1184622.5836220197, 2789646.749274347 1184621.0220245598, 2789647.49709863 1184619.4332820058, 2789648.188539261 1184617.8193516564, 2789648.822744391 1184616.1822218723, 2789649.3989326856 1184614.523909581, 2789649.916394285 1184612.8464578006, 2789650.3744916827 1184611.1519331385, 2789650.7726605074 1184609.4424232454, 2789651.1104102205 1184607.7200341967, 2789651.3873247188 1184605.986887973, 2789651.603062848 1184604.2451197915, 2789651.757358823 1184602.4968754877, 2789651.8500225567 1184600.7443088866, 2789651.8809398897 1184598.989579124)))"
21,Dittingen,Segelflugfeld,LSPD,Ditt,BL,3,"MULTIPOLYGON (((2604195.303314298 1254171.4872697077, 2604177.0031629307 1254113.6868072161, 2604012.7010967596 1254173.1889887636, 2603999.4009514055 1254137.4886959605, 2603915.49994136 1254167.7897999112, 2603928.0000661514 1254203.7901417227, 2603520.0956662833 1254351.3948546366, 2603526.395629754 1254412.5955112532, 2604195.303314298 1254171.4872697077)))"
22,Untervaz,Heliport,LSXU,Unte,GR,4,"MULTIPOLYGON (((2760916.4806694575 1197883.8235947413, 2760861.6797891487 1197897.1237786892, 2760874.0790869547 1197995.2261732197, 2760982.6808132776 1197973.8258889525, 2760916.4806694575 1197883.8235947413)))"
23,Wangen-Lachen,Flugfeld,LSPV,Wang,SZ,3,"MULTIPOLYGON (((2708043.108228725 1229054.3921540058, 2708031.3083099057 1229093.692349797, 2707990.207600473 1229078.0932740786, 2707959.7077569165 1229167.4937614358, 2708511.8148670876 1229286.0840809622, 2708523.314819866 1229223.2836571676, 2708106.1096412493 1229131.3906824065, 2708121.609529974 1229082.9904556647, 2708043.108228725 1229054.3921540058)))"
24,Winterthur,Segelflugfeld,LSPH,Wint,ZH,3,"MULTIPOLYGON (((2700381.2931659 1263166.1187184094, 2700309.193664237 1263185.519896133, 2700291.794676463 1263268.6196741548, 2700406.89955386 1263720.1140659847, 2700386.099809984 1263725.3145121043, 2700428.9022647343 1263892.112476878, 2700496.5022769286 1263923.410736464, 2700582.502272995 1263954.6086143139, 2700381.2931659 1263166.1187184094)))"
25,Ecuvillens,Regionalflugplatz ohne Linienverkehr,LSGE,Ecuv,FR,2,"MULTIPOLYGON (((2572474.888006852 1178154.3918129862, 2572403.686572818 1178165.7928877056, 2572264.9840013147 1178200.8950917895, 2572095.6804288775 1178219.6975785336, 2571862.775351673 1178238.3009513197, 2571842.3750962294 1178250.9013410294, 2571847.9774392205 1178379.1023664295, 2572707.2958435337 1178296.7898606458, 2572704.2944792467 1178223.1892636153, 2572697.1940663094 1178208.9892378363, 2572480.189396685 1178226.8923673728, 2572474.888006852 1178154.3918129862)))"
26,Emmen,Zivil mitbenützter Militärflugplatz,LSME,Emm,LU,0,"MULTIPOLYGON (((2666807.774438399 1217523.1920227648, 2666452.282690726 1216381.4127423293, 2666310.88328896 1216414.614698306, 2666176.185905503 1216089.9216939148, 2666302.085872395 1216039.1198120036, 2666191.6871888875 1215822.7246128002, 2666112.1863819724 1215299.2196444364, 2665880.2861333913 1215447.22535952, 2665937.6866179463 1215601.8269380433, 2665849.3868333786 1215646.0287144128, 2665780.8865337214 1215551.0282000299, 2665805.186367213 1215509.1272758918, 2665716.6860472183 1215423.0272351599, 2665655.886332834 1215489.7289800115, 2665193.484006076 1215062.9305541718, 2665239.7836713037 1215003.329087598, 2665166.98317807 1214919.4294639493, 2665107.283447338 1214968.0310496234, 2665014.882611278 1214840.6307541714, 2665033.7824488087 1214814.7298816682, 2664767.1795951934 1214519.6293363366, 2664555.1804049825 1214740.5380789752, 2664612.0816348023 1214819.7381884826, 2664726.7821717355 1214814.5356297658, 2664941.6843474098 1215124.8354433344, 2664884.2849371075 1215224.237283303, 2665036.6861986313 1215440.6369900303, 2665100.6877481667 1215710.0388600954, 2665029.9880467867 1215756.4402221506, 2665107.2884107423 1215824.9399798294, 2665333.7893918343 1216050.4332398965, 2665615.288490468 1216352.7247380083, 2665719.6876499336 1216265.9253841122, 2665970.7850449863 1216518.418517717, 2666041.4839528017 1216655.3152250221, 2666006.183740087 1216805.5133367563, 2666138.6822643355 1216854.1110742956, 2666666.4750437876 1217348.7969056722, 2666766.3742456515 1217536.1926315753, 2666766.3742456515 1217536.1926315753, 2666807.774438399 1217523.1920227648)))"
27,Erstfeld,Heliport,LSXE,Erst,UR,4,"MULTIPOLYGON (((2691644.174095328 1187758.7464571358, 2691646.07409074 1187733.046192309, 2691655.5740748057 1187663.5453371974, 2691510.874007393 1187642.1496303636, 2691486.073889522 1187685.4506507278, 2691491.2737881267 1187731.1507670647, 2691644.174095328 1187758.7464571358)))"
28,Fricktal-Schupfart,Flugfeld,LSZI,Fric,AG,3,"MULTIPOLYGON (((2638216.528765404 1262120.8627973888, 2638323.0306006274 1262150.5623015233, 2638503.3333586287 1262202.9612058764, 2638642.035028513 1262243.7600270356, 2638685.435542834 1262256.759653011, 2638746.036257437 1262275.5591306349, 2638785.8367111124 1262286.3587699812, 2638812.9363340163 1262190.057614349, 2638789.0359554356 1262169.057696142, 2638807.23582931 1262122.4570841824, 2638794.735569627 1262102.7570475214, 2638777.8352897014 1262087.1570934579, 2638765.335086221 1262076.357132952, 2638750.2350056255 1262087.5573969982, 2638746.4349330543 1262082.7573951867, 2638746.7349265274 1262081.3573793608, 2638746.7349141208 1262079.5573631974, 2638745.934898885 1262078.5573628843, 2638721.434560071 1262066.6575206704, 2638720.034576941 1262071.1575765912, 2638659.333820731 1262054.45807866, 2638655.7338148956 1262058.8581582112, 2638627.533457065 1262050.5583845396, 2638583.9329966693 1262050.4588524874, 2638563.532976872 1262075.8593147094, 2638539.0327501735 1262079.5596158311, 2638389.730756866 1262059.7608299004, 2638370.1304333555 1262056.9609418137, 2638243.5281776655 1262025.1614868846, 2638216.528765404 1262120.8627973888)))"
30,Genève,Landesflughafen,LSGG,Gene,GE,1,"MULTIPOLYGON (((2495746.4975611847 1120285.9848882996, 2496052.298986966 1120580.586297913, 2496119.00300865 1120725.0853809402, 2496202.308288779 1120808.4849074646, 2496224.7097876943 1120825.4848067935, 2496198.8091130983 1120859.184351633, 2496286.8157326044 1120926.6838276987, 2496224.212507727 1121011.6838786837, 2496413.6220153742 1121164.185855181, 2496474.3249928947 1121183.4860856489, 2496544.0277555385 1121234.586611711, 2496483.623777376 1121292.6872161995, 2496397.6180688827 1121422.7886937493, 2496697.425394205 1121662.190481433, 2496650.922246472 1121722.6910372654, 2496669.522433458 1121738.8911105248, 2496859.538805104 1121570.1921084344, 2497035.0476113553 1121730.596835703, 2497169.554885937 1121848.000879269, 2497283.5617898903 1121957.608302787, 2497435.1768317493 1121811.8041659205, 2497501.1821975685 1121868.106759718, 2497600.390137818 1121972.214290503, 2497983.8212503097 1122341.0414694506, 2498365.852631844 1122698.0610269168, 2498329.648385807 1122754.76426862, 2498527.164685879 1122938.6733099998, 2498659.7747450736 1123055.9775100586, 2498745.7766260616 1123184.6783676464, 2498982.1865653363 1123170.6610608003, 2499400.494592018 1123575.056203548, 2499502.7980294693 1123472.7463746525, 2499074.992316561 1123042.7475722977, 2499098.4949857416 1122931.8398476057, 2498985.993423192 1122626.1357935742, 2498959.49234962 1122626.1373559283, 2498837.187841105 1122576.1427856276, 2498726.084203097 1122509.4457922697, 2498620.381140653 1122392.7441865979, 2498575.977684206 1122337.1412822728, 2498559.277948395 1122203.7342346164, 2498570.3795453478 1122164.8321964291, 2498459.268973879 1122164.8320310344, 2498287.2548303013 1122006.2230041143, 2498426.6701603476 1121857.515397862, 2498287.2573557966 1121706.4044439176, 2498209.0502408794 1121631.0976114476, 2498109.0413483246 1121514.3859262355, 2497981.1302518332 1121358.7678738234, 2497892.2233656757 1121241.9609010697, 2497731.0121536013 1121019.655397055, 2497591.99987756 1120875.163366208, 2497503.0890590753 1120780.6712457042, 2497347.4704608764 1120652.7824544422, 2497319.667027681 1120630.5841514987, 2497235.161250504 1120634.9851574746, 2497192.4571397253 1120611.685321856, 2497152.95562962 1120637.285802173, 2496983.3362993626 1120495.4874951295, 2496978.634852407 1120474.5876199948, 2497006.535315061 1120444.3872300694, 2496917.324254307 1120361.5891882076, 2496769.3043177915 1120208.0941473835, 2496594.5857847827 1119992.2004168318, 2496506.786093958 1119886.6021638971, 2496481.2864190354 1119872.6021064436, 2496323.1896309284 1119933.0976836367, 2496096.693477578 1120024.692042811, 2495923.495374037 1120091.0884413396, 2495732.898510309 1119893.5855635367, 2495714.296086885 1120063.1846539308, 2495820.8963162717 1120160.2863263173, 2495807.69643914 1120169.1860796332, 2495757.6969859507 1120213.6851767292, 2495746.4975611847 1120285.9848882996)))"
55,Neuchâtel,Flugfeld,LSGN,Neuc,NE,3,"MULTIPOLYGON (((2556356.939990288 1201221.9946355114, 2556441.4421785115 1201143.9924589142, 2556455.242240696 1201156.5926475234, 2556466.842429683 1201145.2922912352, 2556453.8423793796 1201132.092082246, 2556492.742971335 1201098.3909741982, 2556543.2432471598 1201138.5915340148, 2556562.3435690477 1201114.4908001588, 2556579.6436672406 1201128.8910124998, 2556633.344524471 1201061.3889201449, 2556121.33212525 1200658.7792428252, 2556152.632446503 1200620.4780036777, 2556112.730210131 1200589.676593944, 2556080.829901491 1200628.4778649618, 2556033.9271356845 1200591.2760903384, 2555980.2269385275 1200657.778481389, 2556401.9428140623 1200988.8891728923, 2556304.039350452 1201092.0916600358, 2556323.239791312 1201108.5920294889, 2556281.138310563 1201149.5930276392, 2556356.939990288 1201221.9946355114)))"
29,Gampel,Heliport,LSEG,Gamp,VS,4,"MULTIPOLYGON (((2622059.1190561494 1128796.6975554926, 2622037.719245571 1128765.2998710892, 2621991.5201854235 1128793.9026566753, 2622014.819986086 1128829.1001025778, 2622059.1190561494 1128796.6975554926)))"
31,Gossau,Heliport,LSXO,Goss,SG,4,"MULTIPOLYGON (((2739751.7110855044 1252149.4258530932, 2739751.7110855044 1252149.4258530932, 2739751.6802163552 1252147.6711172282, 2739751.5876628975 1252145.9185442235, 2739751.4335391577 1252144.1702932238, 2739751.2180350176 1252142.4285180806, 2739750.9414159786 1252140.6953646466, 2739750.604022837 1252138.972968152, 2739750.2062712605 1252137.2634505806, 2739749.7486512796 1252135.5689180642, 2739749.231726682 1252133.8914582424, 2739748.6561343167 1252132.2331377454, 2739748.0225833133 1252130.5959996004, 2739747.3318542056 1252128.9820607665, 2739746.584797969 1252127.3933096149, 2739745.782334975 1252125.8317034657, 2739744.925453855 1252124.2991662167, 2739744.015210284 1252122.7975859446, 2739743.052725679 1252121.3288125794, 2739742.039185816 1252119.8946556596, 2739740.9758393737 1252118.4968820459, 2739739.8639963893 1252117.1372137957, 2739738.7050266485 1252115.8173260188, 2739737.500357998 1252114.5388447929, 2739736.2514745835 1252113.303345217, 2739734.9599150224 1252112.1123494161, 2739733.627270511 1252110.9673246962, 2739732.255182861 1252109.8696817101, 2739730.845342476 1252108.8207727666, 2739729.3994862745 1252107.8218900997, 2739727.9193955422 1252106.8742643439, 2739726.4068937437 1252105.9790629528, 2739724.8638442727 1252105.137388821, 2739723.2921481584 1252104.3502788958, 2739721.693741722 1252103.6187028836, 2739720.0705941916 1252102.9435620827, 2739718.424705275 1252102.3256882736, 2739716.758102699 1252101.7658426699, 2739715.0728397085 1252101.264714994, 2739713.370992538 1252100.8229226482, 2739711.654657854 1252100.441009896, 2739709.92595017 1252100.119447271, 2739708.186999245 1252099.8586309406, 2739706.4399474557 1252099.658882223, 2739704.6869471613 1252099.5204472123, 2739702.930158047 1252099.4434964508, 2739701.1717444668 1252099.4281247538, 2739699.4138727756 1252099.474351069, 2739697.658708663 1252099.5821184195, 2739695.9084144807 1252099.7512940594, 2739694.1651465795 1252099.981669568, 2739692.431052658 1252100.2729611096, 2739690.708269107 1252100.6248098207, 2739688.998918389 1252101.0367822323, 2739687.3051064126 1252101.5083708006, 2739685.6289199456 1252102.0389945186, 2739683.9724240396 1252102.6279996652, 2739682.33765949 1252103.274660597, 2739680.726640316 1252103.9781806252, 2739679.1413512854 1252104.737693025, 2739677.5837454656 1252105.5522620622, 2739676.055741819 1252106.4208842118, 2739674.559222838 1252107.3424893334, 2739673.0960322265 1252108.3159420027, 2739671.667972627 1252109.3400429392, 2739670.276803402 1252110.4135304603, 2739668.9242384667 1252111.5350820234, 2739667.611944173 1252112.7033158909, 2739666.341537262 1252113.9167927946, 2739665.1145828688 1252115.1740177455, 2739663.9325925955 1252116.4734418497, 2739662.7970226496 1252117.813464215, 2739661.709272048 1252119.1924339512, 2739660.670680895 1252120.6086521521, 2739659.6825287305 1252122.0603740644, 2739658.7460329556 1252123.5458111686, 2739657.8623473286 1252125.0631334037, 2739657.032560547 1252126.6104714414, 2739656.2576949056 1252128.1859189621, 2739655.5387050374 1252129.7875350367, 2739654.8764767353 1252131.4133464629, 2739654.271825863 1252133.061350249, 2739653.7254973496 1252134.7295160736, 2739653.2381642708 1252136.415788757, 2739652.8104270194 1252138.1180908133, 2739652.4428125694 1252139.8343250146, 2739652.135773821 1252141.5623769686, 2739651.889689046 1252143.3001177236, 2739651.7048614225 1252145.0454063842, 2739651.5815186584 1252146.7960927805, 2739651.519812715 1252148.5500200451, 2739651.5198196135 1252150.3050273617, 2739651.5815393487 1252152.0589525742, 2739651.7048958843 1252153.8096348427, 2739651.889737247 1252155.5549173434, 2739652.1358357156 1252157.2926498824, 2739652.4428880992 1252159.0206915927, 2739652.8105161125 1252160.7369135167, 2739653.238266842 1252162.4392013014, 2739653.725613302 1252164.125457712, 2739654.271955086 1252165.7936052964, 2739654.876619104 1252167.441588901, 2739655.5388604146 1252169.067378223, 2739656.2578631416 1252170.6689702976, 2739657.0327414777 1252172.2443919596, 2739657.8625407773 1252173.7917022957, 2739658.7462387322 1252175.3089950492, 2739659.682746633 1252176.7944008908, 2739660.6709107053 1252178.246089817, 2739661.709513538 1252179.6622733667, 2739662.7972755753 1252181.041206787, 2739663.9328567022 1252182.3811912623, 2739665.114857887 1252183.6805759235, 2739666.3418229097 1252184.9377599226, 2739667.612240155 1252186.1511944416, 2739668.924544475 1252187.3193845183, 2739670.277119117 1252188.4408909534, 2739671.668297713 1252189.5143320465, 2739673.0963663384 1252190.5383853302, 2739674.5595656177 1252191.5117891822, 2739676.0560928965 1252192.4333443644, 2739677.584104458 1252193.3019155376, 2739679.141717797 1252194.1164326174, 2739680.7270139414 1252194.87589212, 2739682.3380398126 1252195.5793584012, 2739683.9728106307 1252196.2259648037, 2739685.6293123667 1252196.8149146885, 2739687.3055042145 1252197.345482492, 2739688.9993211124 1252197.8170145573, 2739690.708676284 1252198.2289299504, 2739692.4314638106 1252198.5807212049, 2739694.1655612225 1252198.8719549023, 2739695.9088321193 1252199.102272267, 2739697.659128796 1252199.2713895366, 2739699.414294894 1252199.3790983555, 2739701.172168055 1252199.4252660347, 2739702.930582585 1252199.4098357004, 2739704.687372123 1252199.3328263639, 2739706.4403723106 1252199.1943328904, 2739708.187423458 1252198.9945259215, 2739709.926373204 1252198.733651606, 2739711.6550791687 1252198.4120313406, 2739713.3714115936 1252198.030061364, 2739715.073255962 1252197.5882122775, 2739716.7585156076 1252197.0870284173, 2739718.425114298 1252196.5271272522, 2739720.0709987883 1252195.9091985652, 2739721.6941413563 1252195.2340036614, 2739723.292542295 1252194.5023743657, 2739724.8642323823 1252193.715212042, 2739726.4072753005 1252192.8734864823, 2739727.9197700284 1252191.9782346843, 2739729.399853177 1252191.0305595882, 2739730.845701291 1252190.031628733, 2739732.2555330913 1252188.9826727933, 2739733.6276116716 1252187.8849840865, 2739734.960246637 1252186.7399149425, 2739736.251796186 1252185.5488761002, 2739737.500669136 1252184.3133349034, 2739738.705326882 1252183.034813537, 2739739.8642852916 1252181.714887131, 2739740.9761165325 1252180.3551818337, 2739742.0394508354 1252178.9573727893, 2739743.052978177 1252177.52318209, 2739744.015449898 1252176.0543766557, 2739744.9256802383 1252174.5527660619, 2739745.7825477985 1252173.0202002528, 2739746.584996924 1252171.4585673665, 2739747.3320390014 1252169.8697913163, 2739748.0227536806 1252168.255829473, 2739748.6562900054 1252166.618670227, 2739749.2318674633 1252164.960330546, 2739749.748776947 1252163.2828535046, 2739750.2063816288 1252161.5883057346, 2739750.604117743 1252159.8787749158, 2739750.9414952826 1252158.1563671853, 2739751.218098602 1252156.4232045312, 2739751.4335869285 1252154.6814222087, 2739751.587694784 1252152.9331660762, 2739751.680232311 1252151.1805899811, 2739751.7110855044 1252149.4258530932)))"
40,Hausen a.A.,Flugfeld,LSZN,Haus,ZH,3,"MULTIPOLYGON (((2681150.2084983736 1232560.771569544, 2681202.609197891 1232599.4720160333, 2681244.0092075937 1232603.5721563308, 2681955.607792251 1232601.6740979003, 2681958.606742544 1232548.5735085825, 2682044.106573706 1232548.5737340995, 2682045.105353287 1232486.2730128611, 2681906.205617905 1232486.2726825492, 2681885.8050824157 1232457.1723154322, 2681803.1052156775 1232456.0721157088, 2681718.3046932034 1232421.8715723918, 2681448.30522958 1232424.8710439415, 2681397.9053253555 1232425.5709546895, 2681372.4051455082 1232414.6708095903, 2681361.005709947 1232441.571025577, 2681295.8063236196 1232466.4711110196, 2681197.00643454 1232463.870885193, 2681151.906997202 1232487.6709838086, 2681150.2084983736 1232560.771569544)))"
32,Grenchen,Regionalflugplatz ohne Linienverkehr,LSZG,Gren,SO,2,"MULTIPOLYGON (((2597845.2915428267 1225637.634917024, 2597769.3932310184 1225808.13605585, 2597939.294010909 1225816.733742347, 2598028.094418244 1225821.232531542, 2598121.694820116 1225823.631256273, 2598176.2950393893 1225823.730513314, 2598336.1949868137 1225781.9281244327, 2598519.895868542 1225838.3248805758, 2598555.9948917804 1225753.0243971688, 2598839.0967533793 1225878.6192741196, 2598880.6963154324 1225839.0186412777, 2598883.2961549936 1225825.8186262797, 2598885.895979589 1225811.4186141505, 2598703.59485517 1225736.6219012684, 2598734.394072519 1225669.7215179184, 2598799.2940069186 1225659.220602904, 2598628.09296816 1225583.1242288956, 2598635.992744626 1225563.4243368548, 2598424.7916390277 1225468.0271911705, 2598419.4917525896 1225478.8272160864, 2598204.9904320645 1225376.5288985686, 2598228.790040167 1225324.1283587995, 2598030.5879290346 1225231.2303171018, 2598002.188443524 1225293.930993562, 2597991.4883273835 1225288.9310976902, 2597945.0892080357 1225391.5322305942, 2597876.9884492178 1225356.832886107, 2597805.4887838424 1225418.1341400726, 2597916.9900388527 1225478.133068333, 2597845.2915428267 1225637.634917024)))"
33,Gruyères,Flugfeld,LSGT,Gruy,FR,3,"MULTIPOLYGON (((2573598.687434325 1160806.929556601, 2573704.6592261298 1159940.7986987194, 2573630.659048213 1159928.99828322, 2573583.57352031 1160374.71386206, 2573471.3728920184 1160374.314757901, 2573457.279548528 1160607.7243211626, 2573561.6808481123 1160613.523018595, 2573539.8864887906 1160805.230673031, 2573598.687434325 1160806.929556601)))"
34,Olten,Segelflugfeld,LSPO,Olte,SO,3,"MULTIPOLYGON (((2634078.7245621798 1243748.4691512121, 2633473.312702418 1243262.97417299, 2633486.2131424374 1243246.973811114, 2633419.511206588 1243193.6746340299, 2633407.110780435 1243209.6749872395, 2633360.8094526385 1243172.5755519075, 2633324.808204265 1243218.576578293, 2633718.2179961484 1243534.1722967443, 2633693.71764528 1243584.6729512054, 2633710.9179737605 1243598.8728139084, 2633735.4183254233 1243547.8721537245, 2633998.323184399 1243758.7702444575, 2633970.322738987 1243799.7709097203, 2633907.2215848393 1243728.9711680172, 2633896.0214137076 1243749.271458524, 2633892.521380859 1243773.771681434, 2633949.2224018 1243824.271355795, 2633933.5221546805 1243844.2716979114, 2633979.422962357 1243878.8714062737, 2634078.7245621798 1243748.4691512121)))"
37,Gsteigwiler,Heliport,LSXG,Gste,BE,4,"MULTIPOLYGON (((2633674.724485107 1166445.6042496026, 2633725.623547335 1166368.4040399783, 2633659.022501731 1166328.4037496722, 2633614.723489746 1166405.1039645176, 2633674.724485107 1166445.6042496026)))"
38,Haltikon,Heliport,LSXN,Halt,SZ,4,"MULTIPOLYGON (((2674126.2856300785 1215939.7894458503, 2674126.2856300785 1215939.7894458503, 2674126.2547896346 1215938.0347245508, 2674126.162201805 1215936.2821655048, 2674126.0079806508 1215934.533927866, 2674125.7923161658 1215932.7921654577, 2674125.515474042 1215931.0590241156, 2674125.1777953403 1215929.336639078, 2674124.7796960743 1215927.6271323, 2674124.3216666947 1215925.9326099027, 2674123.8042714866 1215924.2551595343, 2674123.228147873 1215922.5968478043, 2674122.5940056304 1215920.9597177452, 2674121.902626015 1215919.3457862893, 2674121.1548607987 1215917.7570418112, 2674120.351631221 1215916.1954416186, 2674119.493926853 1215914.662909612, 2674118.58280438 1215913.1613338643, 2674117.6193862977 1215911.6925643007, 2674116.6048595295 1215910.2584104487, 2674115.540473967 1215908.860639181, 2674114.427540926 1215907.5009725364, 2674113.267431534 1215906.1810856261, 2674112.0615750393 1215904.9026045431, 2674110.811457052 1215903.6671043744, 2674109.5186177115 1215902.4761072455, 2674108.1846497906 1215901.3310804619, 2674106.811196733 1215900.2334346839, 2674105.3999506277 1215899.1845222097, 2674103.952650125 1215898.1856352983, 2674102.4710782953 1215897.2380045753, 2674100.9570604316 1215896.3427974994, 2674099.4124617996 1215895.5011169743, 2674097.8391853413 1215894.7139999447, 2674096.2391693294 1215893.9824161232, 2674094.6143849813 1215893.3072668263, 2674092.9668340283 1215892.689383833, 2674091.2985462495 1215892.12952837, 2674089.6115769744 1215891.6283901662, 2674087.908004546 1215891.1865866217, 2674086.1899277633 1215890.8046620437, 2674084.4594632946 1215890.483086941, 2674082.7187430705 1215890.2222575115, 2674080.9699116563 1215890.0224950812, 2674079.2151236106 1215889.8840457518, 2674077.45654083 1215889.8070800933, 2674075.696329887 1215889.7916929217, 2674073.9366593603 1215889.8379032053, 2674072.179697161 1215889.9456539904, 2674070.4276078655 1215890.11481254, 2674068.682550046 1215890.345170443, 2674066.9466736116 1215890.6364438834, 2674065.22211716 1215890.988274038, 2674063.5110053425 1215891.4002274352, 2674061.815446247 1215891.8717965505, 2674060.137528799 1215892.4024004152, 2674058.4793201913 1215892.9913853153, 2674056.842863333 1215893.6380256307, 2674055.230174336 1215894.341524709, 2674053.643240031 1215895.1010158146, 2674052.0840155166 1215895.9155632826, 2674050.5544217536 1215896.7841635803, 2674049.0563431983 1215897.705746602, 2674047.5916254786 1215898.6791769527, 2674046.162073123 1215899.7032553754, 2674044.7694473346 1215900.7767202037, 2674043.415463824 1215901.8982489356, 2674042.101790693 1215903.0664598579, 2674040.830046382 1215904.2799137312, 2674039.601797674 1215905.537115591, 2674038.418557765 1215906.8365165747, 2674037.2817844013 1215908.1765158211, 2674036.19287808 1215909.5554624517, 2674035.153180328 1215910.9716576238, 2674034.163972046 1215912.4233565864, 2674033.2264719317 1215913.9087708546, 2674032.341834977 1215915.426070394, 2674031.511151048 1215916.9733859238, 2674030.7354435404 1215918.5488111463, 2674030.0156681165 1215920.1504051508, 2674029.352711534 1215921.7761947785, 2674028.747390547 1215923.4241770608, 2674028.2004509023 1215925.0923217025, 2674027.7125664223 1215926.7785735647, 2674027.284338174 1215928.480855183, 2674026.9162937254 1215930.197069358, 2674026.6088865004 1215931.9251017324, 2674026.3624952175 1215933.6628233732, 2674026.177423423 1215935.408093427, 2674026.053899119 1215937.1587617092, 2674025.99207448 1215938.9126714391, 2674025.9920374393 1215940.667664206, 2674026.053819148 1215942.4215842583, 2674026.1773005687 1215944.172261962, 2674026.362329573 1215945.9175404927, 2674026.6086782045 1215947.6552696852, 2674026.916042965 1215949.383308647, 2674027.284045181 1215951.0995284487, 2674027.7122314763 1215952.8018147268, 2674028.200074327 1215954.4880702547, 2674028.746972714 1215956.1562175963, 2674029.352252859 1215957.804201583, 2674030.0151690617 1215959.429991899, 2674030.7349046115 1215961.0315856, 2674031.510572797 1215962.6070095217, 2674032.3412179993 1215964.154322752, 2674033.225816868 1215965.6716189878, 2674034.16327958 1215967.1570289603, 2674035.1524511855 1215968.6087226328, 2674036.192113031 1215970.0249115254, 2674037.2809842573 1215971.403850902, 2674038.4177233796 1215972.7438419196, 2674039.600929941 1215974.0432337015, 2674040.8291462366 1215975.300425416, 2674042.1008591093 1215976.513868214, 2674043.4145018146 1215977.6820671204, 2674044.768455951 1215978.8035829368, 2674046.161053453 1215979.8770339608, 2674047.590578648 1215980.9010976877, 2674049.0552703654 1215981.87451249, 2674050.5533241136 1215982.796079127, 2674052.082894297 1215983.6646622252, 2674053.6420964906 1215984.4791916944, 2674055.229009766 1215985.2386640513, 2674056.8416790534 1215985.9421436037, 2674058.4781175517 1215986.5887636899, 2674060.136309175 1215987.177727665, 2674061.8142110403 1215987.7083099457, 2674063.509755979 1215988.1798568324, 2674065.220855088 1215988.5917874055, 2674066.9454003014 1215988.9435941495, 2674068.681266987 1215989.2348436415, 2674070.4263165654 1215989.465177072, 2674072.1783991433 1215989.634310664, 2674073.9353561634 1215989.7420360474, 2674075.695023062 1215989.7882205092, 2674077.455231938 1215989.7728071532, 2674079.2138142227 1215989.6958149446, 2674080.9686033498 1215989.5573387702, 2674082.717437428 1215989.3575492231, 2674084.458161901 1215989.0966924236, 2674086.1886322047 1215988.7750897598, 2674087.9067164077 1215988.393137447, 2674089.610297838 1215987.9513060409, 2674091.2972776913 1215987.4501398818, 2674092.965577616 1215986.8902564046, 2674094.6131422743 1215986.272345375, 2674096.2379418747 1215985.5971680728, 2674097.8379746703 1215984.8655562918, 2674099.411269429 1215984.0784113898, 2674100.9558878588 1215983.236703122, 2674102.469926997 1215982.3414684625, 2674103.951521554 1215981.3938103428, 2674105.398846213 1215980.3948962751, 2674106.8101178748 1215979.3459569127, 2674108.1835978613 1215978.2482845334, 2674109.51759405 1215977.103231485, 2674110.810462965 1215975.912208463, 2674112.0606117966 1215974.6766827921, 2674113.2665003673 1215973.3981766407, 2674114.4266430293 1215972.0782651245, 2674115.5396104907 1215970.7185743563, 2674116.6040315814 1215969.320779493, 2674117.6185949394 1215967.8866025826, 2674118.5820506276 1215966.417810546, 2674119.4932116726 1215964.9162129236, 2674120.350955528 1215963.3836596692, 2674121.1542254584 1215961.822038887, 2674121.9020318375 1215960.2332744866, 2674122.5934533733 1215958.6193238092, 2674123.2276382353 1215956.9821752498, 2674123.8038051124 1215955.3238457688, 2674124.321244169 1215953.646378406, 2674124.779317923 1215951.9518398065, 2674125.1774620293 1215950.2423176253, 2674125.515185976 1215948.519917988, 2674125.792073689 1215946.786762887, 2674126.0077840444 1215945.044987561, 2674126.1620512875 1215943.296737862, 2674126.254685362 1215941.5441676364, 2674126.2856300785 1215939.7894458503)))"
41,Holziken,Heliport,LSXH,Holz,AG,4,"MULTIPOLYGON (((2644481.091424921 1240480.4017023616, 2644481.091424921 1240480.4017023616, 2644481.06054066 1240478.6469715696, 2644480.9679705403 1240476.8944034511, 2644480.8138286076 1240475.1461571718, 2644480.5983047644 1240473.404386577, 2644480.321664535 1240471.6712375004, 2644479.9842487383 1240469.9488451784, 2644479.58647307 1240468.2393315951, 2644479.1288275877 1240466.5448028566, 2644478.6118761078 1240464.8673466279, 2644478.036255513 1240463.2090295088, 2644477.4026749646 1240461.5718945544, 2644476.711915031 1240459.9579586962, 2644475.964826726 1240458.369210302, 2644475.1623304584 1240456.8076066964, 2644474.3054149 1240455.2750717802, 2644473.3951357664 1240453.773493622, 2644472.4326145183 1240452.3047221554, 2644471.4190369765 1240450.8705669022, 2644470.355651864 1240449.4727947367, 2644469.2437692666 1240448.1131277087, 2644468.084759019 1240446.7932409246, 2644466.880049015 1240445.5147604744, 2644465.631123454 1240444.2792614377, 2644464.3395210044 1240443.0882659454, 2644463.0068329154 1240441.943241302, 2644461.634701052 1240440.8455981712, 2644460.224815876 1240439.7966888403, 2644458.778914358 1240438.7978055654, 2644457.298777842 1240437.850178962, 2644455.7862298493 1240436.9549765058, 2644454.2431338327 1240436.113301082, 2644452.671390879 1240435.3261896314, 2644451.0729373684 1240434.594611861, 2644449.449742588 1240433.9194690797, 2644447.8038063063 1240433.3015930683, 2644446.1371563096 1240432.741745029, 2644444.451845902 1240432.2406147036, 2644442.7499513794 1240431.7988194858, 2644441.0335694677 1240431.4169036578, 2644439.3048147405 1240431.095337742, 2644437.5658170157 1240430.8345179043, 2644435.818718732 1240430.634765468, 2644434.065672305 1240430.4963265338, 2644432.308837481 1240430.4193716545, 2644430.550378671 1240430.403995641, 2644428.792462289 1240430.450217442, 2644427.0372540792 1240430.5579800988, 2644425.286916451 1240430.7271508463, 2644423.543605811 1240430.95752129, 2644421.8094699113 1240431.2488076002, 2644420.086645198 1240431.6006509014, 2644418.377254184 1240432.012617741, 2644416.6834028307 1240432.4842005775, 2644415.0071779555 1240433.0148184176, 2644413.3506446593 1240433.6038175344, 2644411.7158437837 1240434.2504722974, 2644410.104789396 1240434.9539860291, 2644408.519466307 1240435.713491998, 2644406.961827629 1240436.5280544988, 2644405.433792364 1240437.396669992, 2644403.9372430444 1240438.3182683554, 2644402.4740234134 1240439.2917141696, 2644401.04593615 1240440.3158081714, 2644399.654740651 1240441.389288653, 2644398.3021508637 1240442.510833134, 2644396.9898331715 1240443.6790598407, 2644395.719404344 1240444.8925295342, 2644394.4924295438 1240446.1497472397, 2644393.310420398 1240447.4491640504, 2644392.1748331366 1240448.7891790986, 2644391.087066798 1240450.1681414873, 2644390.048461505 1240451.58435235, 2644389.060296815 1240453.0360669217, 2644388.123790141 1240454.5214966852, 2644387.2400952573 1240456.03881161, 2644386.41030087 1240457.5861423635, 2644385.6354292827 1240459.16158265, 2644384.9164351337 1240460.763191527, 2644384.25420422 1240462.3889958174, 2644383.649552407 1240464.036992551, 2644383.103224624 1240465.7051513845, 2644382.615893943 1240467.391417164, 2644382.188160754 1240469.093712424, 2644381.8205520227 1240470.8099399356, 2644381.5135206403 1240472.537985317, 2644381.2674448686 1240474.275719631, 2644381.0826278715 1240476.0210019816, 2644380.9592973436 1240477.7716821986, 2644380.897605227 1240479.525603456, 2644380.8976275255 1240481.2806049264, 2644380.959364213 1240483.0345244587, 2644381.082739229 1240484.7852012238, 2644381.2676005764 1240486.5304784134, 2644381.5137205073 1240488.2682058334, 2644381.8207958033 1240489.9962426217, 2644382.1884481483 1240491.7124598497, 2644382.6162245967 1240493.4147431373, 2644383.1035981295 1240495.1009952878, 2644383.649968305 1240496.7691388421, 2644384.2546619982 1240498.417118646, 2644384.9169342285 1240500.042904408, 2644385.63596908 1240501.644493167, 2644386.4108807053 1240503.2199117688, 2644387.240714417 1240504.767219307, 2644388.1244478626 1240506.284509508, 2644389.060992288 1240507.7699130732, 2644390.0491938735 1240509.2215999814, 2644391.0878351605 1240510.6377817958, 2644392.1756365467 1240512.0167137552, 2644393.311257867 1240513.3566970276, 2644394.4933000403 1240514.6560807535, 2644395.720306796 1240515.9132641328, 2644396.990766468 1240517.1266982856, 2644398.3031138554 1240518.2948882752, 2644399.6557321525 1240519.4163948917, 2644401.0469549396 1240520.4898364649, 2644402.475068237 1240521.513890503, 2644403.9383126157 1240522.4872953757, 2644405.4348853645 1240523.408851856, 2644406.9629427134 1240524.277424596, 2644408.520602103 1240525.0919435117, 2644410.1059445036 1240525.8514051193, 2644411.7170167807 1240526.5548737743, 2644413.3518341007 1240527.201482792, 2644415.0083823763 1240527.7904355638, 2644416.684620748 1240528.3210064936, 2644418.3784840973 1240528.7925419325, 2644420.0878855926 1240529.2044609415, 2644421.8107192586 1240529.5562560346, 2644423.544862573 1240529.84749382, 2644425.2881790786 1240530.0778154766, 2644427.0385210174 1240530.2469372572, 2644428.793731977 1240530.3546507983, 2644430.5516495444 1240530.400823408, 2644432.3101079743 1240530.3853981888, 2644434.066940854 1240530.3083941434, 2644435.819983772 1240530.1699061596, 2644437.567076989 1240529.9701048413, 2644439.306068094 1240529.7092363334, 2644441.034814657 1240529.3876220386, 2644442.7511868714 1240529.0056581777, 2644444.453070174 1240528.5638153316, 2644446.138367852 1240528.0626378532, 2644447.805003627 1240527.50274318, 2644449.4509242116 1240526.884821105, 2644451.0741018383 1240526.209632907, 2644452.67253676 1240525.478010402, 2644454.244259713 1240524.6908549657, 2644455.7873343416 1240523.8491363574, 2644457.299859585 1240522.953891582, 2644458.7799720177 1240522.0062235529, 2644460.2258481495 1240521.0072998162, 2644461.635706667 1240519.9583510335, 2644463.0078106313 1240518.860669505, 2644464.340469617 1240517.7156075682, 2644465.6320417933 1240516.5245759294, 2644466.8809359507 1240515.2890419385, 2644468.0856134556 1240514.0105277756, 2644469.2445901525 1240512.6906085636, 2644470.356438187 1240511.3309104093, 2644471.4197877664 1240509.9331084916, 2644472.4333288507 1240508.498924876, 2644473.39581276 1240507.0301264746, 2644474.3060537204 1240505.5285228386, 2644475.162930318 1240503.9959639385, 2644475.9653868857 1240502.4343378823, 2644476.7124348 1240500.8455685808, 2644477.403153701 1240499.2316133978, 2644478.0366926277 1240497.5944607072, 2644478.612271062 1240495.9361274804, 2644479.129179894 1240494.258656783, 2644479.5867822943 1240492.564115237, 2644479.9845144995 1240490.8545905286, 2644480.3218865045 1240489.1321887607, 2644480.5984826693 1240487.3990319478, 2644480.813962229 1240485.657255311, 2644480.9680597126 1240483.9090047216, 2644481.060585274 1240482.1564340137, 2644481.091424921 1240480.4017023616)))"
42,Interlaken,Heliport,LSXI,Inte,BE,4,"MULTIPOLYGON (((2634432.0787452613 1170334.1233607484, 2634470.1794159906 1170301.9223057798, 2634403.37588797 1170176.219652258, 2634286.2656370103 1170017.1207432623, 2633864.435755188 1169439.6140368013, 2633946.1344398423 1169309.3108856166, 2634005.236476652 1169369.0135651578, 2634034.835314457 1169341.1144755832, 2633941.7308814665 1169230.9109525473, 2633960.4287172337 1169187.811965494, 2633851.1205547587 1169102.8143978044, 2633816.9211548488 1169137.014462543, 2633866.6255351314 1169185.613035833, 2633903.029925078 1169240.8115454835, 2633899.7315417803 1169279.511520346, 2633830.1329113427 1169397.6142839624, 2633505.5030920636 1168969.1187622284, 2633481.301181341 1168939.9188390272, 2633582.399608223 1168837.3182928513, 2633570.698565181 1168820.2183167865, 2633540.3967169146 1168794.5183141811, 2633511.595022704 1168770.4182469747, 2633487.494050588 1168760.3181777005, 2633456.3947233846 1168795.3182921743, 2633423.79525342 1168829.5185023763, 2633412.895839912 1168852.118671821, 2633385.694839305 1168844.318672825, 2633350.893503291 1168832.218625944, 2633206.6883327384 1168834.3209825084, 2632978.9793212735 1168836.9258018418, 2632952.1797847026 1168880.8268555528, 2632941.1820090897 1168957.0279372504, 2633001.886518059 1169016.6273268105, 2633402.817521533 1169445.1237144575, 2633485.623653927 1169525.7228895584, 2633524.227983892 1169605.2229724305, 2633539.7315881993 1169690.323598937, 2633538.6393669355 1169913.32611037, 2633525.041710225 1169995.6273128076, 2633552.543493697 1170015.1269560468, 2633562.742529814 1169976.0263067668, 2633576.0402022367 1169894.5251198371, 2633579.1372773824 1169807.6240857316, 2633584.634392197 1169719.122983769, 2633583.8333182344 1169689.4226691655, 2633615.235232172 1169708.2222239343, 2633610.533476022 1169663.5218234647, 2634342.5763694816 1170335.2238635214, 2634383.9774957174 1170337.5237091754, 2634432.0787452613 1170334.1233607484)))"
43,Kägiswil,Flugfeld,LSPG,Kägi,OW,3,"MULTIPOLYGON (((2662236.7852329747 1195913.984251, 2662293.485313748 1195887.5832784472, 2661874.3681712686 1195025.9751277894, 2661822.167918797 1195049.7761602718, 2661871.7697742768 1195153.177316557, 2661792.169425462 1195190.278883768, 2661825.7705887784 1195253.3795530337, 2661901.570882326 1195215.6780269996, 2662236.7852329747 1195913.984251)))"
67,Schänis,Segelflugfeld,LSZX,Schä,SG,3,"MULTIPOLYGON (((2721179.94523391 1226227.378721053, 2721224.5450696466 1226194.2779998833, 2721294.5448147105 1226142.4768683393, 2721359.7435271004 1225950.1735027074, 2721398.843687958 1225962.37352649, 2721449.742855337 1225808.1709225758, 2721573.3435575743 1225739.969677687, 2721472.6413635416 1225560.366978255, 2721490.5411785124 1225506.066104479, 2721428.64045715 1225485.4658647857, 2721406.340863071 1225551.8670056723, 2721399.640857715 1225553.3670569842, 2721322.842283134 1225782.6710078584, 2721326.4423439284 1225790.271113048, 2721179.94523391 1226227.378721053)))"
44,Lauterbrunnen,Heliport,LSXL,Laut,BE,4,"MULTIPOLYGON (((2636439.112227833 1159471.4684318479, 2636439.112227833 1159471.4684318479, 2636439.0813146774 1159469.713679577, 2636438.988653068 1159467.9610904993, 2636438.8343571597 1159466.2128238014, 2636438.618617041 1159464.4710333454, 2636438.3416985 1159462.7378650205, 2636438.003942694 1159461.0154540846, 2636437.6057657353 1159459.3059225369, 2636437.1476581716 1159457.6113765268, 2636436.6301843873 1159455.933903721, 2636436.0539819044 1159454.2755707803, 2636435.419760599 1159452.6384207504, 2636434.728301826 1159451.0244706026, 2636433.9804574572 1159449.4357087126, 2636433.177148832 1159447.8740924485, 2636432.31936562 1159446.341545699, 2636431.4081646046 1159444.8399565676, 2636430.444668379 1159443.371174997, 2636429.4300639667 1159441.9370105416, 2636428.365601353 1159440.5392300666, 2636427.25259195 1159439.1795556468, 2636426.0924069798 1159437.859662376, 2636424.8864757842 1159436.5811763816, 2636423.636284066 1159435.3456727369, 2636422.343372054 1159434.1546735826, 2636421.009332611 1159433.0096462246, 2636419.6358092683 1159431.912001327, 2636418.2244942 1159430.863091184, 2636416.7771261423 1159429.864208044, 2636415.295488246 1159428.9165825231, 2636413.7814058843 1159428.021382095, 2636412.236744401 1159427.1797096392, 2636410.663406814 1159426.3926020847, 2636409.0633314704 1159425.6610291456, 2636407.438489658 1159424.9858921156, 2636405.790883176 1159424.3680227427, 2636404.122541871 1159423.808182255, 2636402.435521135 1159423.307060355, 2636400.7318993723 1159422.8652744233, 2636399.0137754404 1159422.483368734, 2636397.2832660633 1159422.1618137858, 2636395.5425032238 1159421.9010057296, 2636393.7936315364 1159421.7012658739, 2636392.0388056072 1159421.5628402932, 2636390.280187377 1159421.4858995155, 2636388.5199434585 1159421.470538342, 2636386.760242467 1159421.516775684, 2636385.003252351 1159421.6245545726, 2636383.251137716 1159421.793742207, 2636381.506057164 1159422.024130155, 2636379.770160629 1159422.3154345804, 2636378.0455867304 1159422.6672965882, 2636376.334460139 1159423.0792826696, 2636374.6388889574 1159423.550885279, 2636372.960962125 1159424.081523375, 2636371.3027468426 1159424.6705432248, 2636369.666286026 1159425.317219153, 2636368.053595791 1159426.0207544444, 2636366.4666629657 1159426.7802823582, 2636364.907442647 1159427.5948671508, 2636363.3778557885 1159428.463505237, 2636361.8797868355 1159429.3851264813, 2636360.4150814046 1159430.3585954516, 2636358.9855440077 1159431.3827128026, 2636357.5929358276 1159432.4562168552, 2636356.2389725535 1159433.5777850407, 2636354.925322262 1159434.746035603, 2636353.6536033647 1159435.959529257, 2636352.4253826137 1159437.2167709803, 2636351.2421731707 1159438.5162118636, 2636350.1054327437 1159439.856250988, 2636349.016561792 1159441.2352374608, 2636347.9769017976 1159442.6514723492, 2636346.987733617 1159444.1032108741, 2636346.050275898 1159445.5886645021, 2636345.1656835843 1159447.10600316, 2636344.335046487 1159448.6533574944, 2636343.5593879446 1159450.2288211782, 2636342.8396635633 1159451.8304532636, 2636342.176760038 1159453.456280521, 2636341.57149406 1159455.1042999702, 2636341.024611312 1159456.7724812482, 2636340.5367855476 1159458.4587691652, 2636340.108617763 1159460.161086238, 2636339.740635456 1159461.8773352199, 2636339.433291976 1159463.6054017046, 2636339.186965965 1159465.3431567252, 2636339.0019608927 1159467.0884593807, 2636338.878504681 1159468.839159472, 2636338.8167494233 1159470.5931001506, 2636338.816771199 1159472.3481205762, 2636338.878569978 1159474.102058576, 2636339.00206962 1159475.8527533119, 2636339.1871179715 1159477.5980479298, 2636339.4334870502 1159479.3357922568, 2636339.740873327 1159481.0638454037, 2636340.1088981004 1159482.780078411, 2636340.5371079617 1159484.4823769014, 2636341.024975356 1159486.1686436424, 2636341.57189923 1159487.8368011876, 2636342.177205773 1159489.4847943583, 2636342.8401492476 1159491.1105928472, 2636343.559912908 1159492.7121936823, 2636344.3356100065 1159494.2876237049, 2636345.1662848843 1159495.8349419832, 2636346.050914155 1159497.3522422456, 2636346.988407955 1159498.8376551806, 2636347.977611296 1159500.2893507623, 2636349.0173054826 1159501.705540525, 2636350.106209615 1159503.084479719, 2636351.242982168 1159504.4244695052, 2636352.4262226424 1159505.7238590235, 2636353.654473291 1159506.9810474282, 2636354.9262209143 1159508.1944858674, 2636356.239898726 1159509.3626793993, 2636357.593888281 1159510.4841888053, 2636358.9865214713 1159511.5576323909, 2636360.4160825806 1159512.581687681, 2636361.880810396 1159513.5550930358, 2636363.378900382 1159514.4766492343, 2636364.9085069005 1159515.345220915, 2636366.4677454843 1159516.159737995, 2636368.0546951615 1159516.9191969973, 2636369.6674008192 1159517.6226622586, 2636371.303875614 1159518.2692671185, 2636372.9621034185 1159518.8582149528, 2636374.6400413066 1159519.3887801792, 2636376.3356220704 1159519.8603091415, 2636378.046756764 1159520.2722209117, 2636379.771337281 1159520.6240080122, 2636381.5072389496 1159520.9152370377, 2636383.2523231497 1159521.1455491865, 2636385.0044399495 1159521.3146607198, 2636386.7614307525 1159521.4223632808, 2636388.5211309567 1159521.4685241776, 2636390.2813726244 1159521.4530865347, 2636392.039987149 1159521.3760693576, 2636393.7948079286 1159521.2375675386, 2636395.543673036 1159521.0377516982, 2636397.284427881 1159520.776868011, 2636399.014927864 1159520.4552378743, 2636400.733041021 1159520.0732575327, 2636402.436650648 1159519.63139757, 2636404.1236579074 1159519.1302023681, 2636405.7919844184 1159518.570289375, 2636407.4395748125 1159517.9523484134, 2636409.0643992685 1159517.2771407694, 2636410.6644560127 1159516.5454982894, 2636412.237773785 1159515.7583223588, 2636413.7824142673 1159514.9165827676, 2636415.2964744708 1159514.0213165362, 2636416.7780890823 1159513.0736266186, 2636418.2254327615 1159512.0746805677, 2636419.6367223877 1159511.025709081, 2636421.0102192606 1159509.9280044828, 2636422.3442312386 1159508.782919134, 2636423.6371148247 1159507.5918637754, 2636424.8872771943 1159506.3563057897, 2636426.093178152 1159505.0777673656, 2636427.2533320333 1159503.757823668, 2636428.366309534 1159502.3981008588, 2636429.4307394694 1159501.0002741092, 2636430.445310466 1159499.566065541, 2636431.4087725757 1159498.0972420813, 2636432.319938816 1159496.5956133348, 2636433.177686634 1159495.0630292955, 2636433.980959285 1159493.5013780994, 2636434.72876714 1159491.9125836978, 2636435.420188899 1159490.29860349, 2636436.054372733 1159488.6614258846, 2636436.630537327 1159487.0030678853, 2636437.147972846 1159485.3255725822, 2636437.606041809 1159483.6310066532, 2636438.0041798744 1159481.921457794, 2636438.341896535 1159480.1990321765, 2636438.6187757216 1159478.4658518068, 2636438.8344763173 1159476.7240519715, 2636438.9887325764 1159474.975778569, 2636439.0813544528 1159473.2231854633, 2636439.112227833 1159471.4684318479)))"
69,Biel-Kappelen,Flugfeld,LSZP,Biel,BE,3,"MULTIPOLYGON (((2588935.5624647103 1215627.4841504025, 2588966.1631100806 1215493.080725932, 2588365.0410770504 1214851.8761775957, 2588311.139346597 1215072.6834888556, 2588449.3447905853 1215195.6849328734, 2588429.344143618 1215271.6874133074, 2588745.856693869 1215529.386703763, 2588793.5582965063 1215591.286844855, 2588832.9594535395 1215634.3867862856, 2588914.861946239 1215696.3860471551, 2588935.5624647103 1215627.4841504025)))"
58,Raron,Flugfeld,LSTA,Raro,VS,3,"MULTIPOLYGON (((2628827.488016747 1128171.088863393, 2628828.888214835 1128231.3921924361, 2629165.1975816404 1128225.8830838236, 2629179.3987498125 1128317.388207624, 2629129.0972869103 1128317.4897607183, 2629136.197879309 1128363.9923865832, 2629306.8029443673 1128378.087858623, 2629316.6030844995 1128360.0864935515, 2629315.6030554646 1128360.0865248877, 2629316.202763783 1128321.48424221, 2629256.800991719 1128316.0857503943, 2629260.2014064845 1128355.0879638314, 2629230.2005124358 1128352.288734415, 2629216.3998289965 1128317.6870878811, 2629202.9986798223 1128224.9819155522, 2629768.7150487895 1128215.0641056758, 2629740.7132103923 1128066.5576344586, 2629702.512118197 1128067.4587973095, 2629711.5127578545 1128119.7612656143, 2629584.8090603705 1128120.9649654145, 2629575.7084030323 1128069.6623955998, 2629504.4063178543 1128072.064472963, 2629491.4053028077 1127990.360232778, 2629423.40329344 1127991.0620509547, 2629431.903946737 1128042.3647565374, 2629459.2047518035 1128042.16401144, 2629479.2062540245 1128159.7701069263, 2629194.1979268454 1128164.5785281195, 2629181.596894074 1128083.974007468, 2629213.297790836 1128079.372859577, 2629205.2971291617 1128027.3699465222, 2629134.895049398 1128027.5718383084, 2629156.0968120834 1128164.9796427542, 2628827.488016747 1128171.088863393)))"
59,Raron,Heliport,LSER,Raro,VS,4,"MULTIPOLYGON (((2630344.230082986 1127931.2372367918, 2630344.230082243 1127931.0372331415, 2630429.032595414 1127924.4319914198, 2630418.231946444 1127825.4308074769, 2630417.0319098444 1127825.4308803796, 2630319.6289727176 1127832.9363649522, 2630318.428936961 1127833.0363862226, 2630329.7296545506 1127932.338048326, 2630344.230082986 1127931.2372367918)))"
46,Locarno,Flugfeld,LSZL,Loca,TI,3,"MULTIPOLYGON (((2710888.430474127 1113823.6679845855, 2711763.6539694136 1113847.8591290233, 2711758.452584654 1113753.35603806, 2711764.6513485005 1113643.4526150082, 2711769.7505995287 1113571.5505637361, 2711956.1492183893 1113060.7340698123, 2711737.442674837 1112997.5349304564, 2711549.537048651 1112940.5357737874, 2711353.931418273 1112895.9373309603, 2711145.9255267093 1112855.8392280107, 2710921.0192871317 1112823.5415577167, 2710780.9154550713 1112806.5431011585, 2710668.5176135506 1113230.1555999657, 2710720.7190928063 1113240.4551292537, 2710707.32181274 1113496.8619204015, 2710705.023186604 1113616.6650376779, 2710695.0249577197 1113785.669609405, 2710888.430474127 1113823.6679845855)))"
47,Lodrino,Flugfeld (ehem. Zivil mitbenützter Militärflugplatz),LSML,Lodr,TI,3,"MULTIPOLYGON (((2719498.5973047484 1128768.2595501626, 2719615.1975655914 1128699.952812541, 2719596.29679784 1128684.8524383486, 2719625.79522649 1128602.7472861984, 2719665.0963196815 1128614.8470153452, 2719684.2954812753 1128568.444044745, 2719718.5966069456 1128585.5441631295, 2719734.696077251 1128553.2420307684, 2719744.7964366507 1128559.342123382, 2719793.894926202 1128464.835837856, 2719834.593706389 1128387.7306947722, 2719864.8914992968 1128280.8241806214, 2719912.2901831614 1128195.018407993, 2719948.7889955947 1128122.3136033413, 2719995.084348403 1127910.401016958, 2719990.981194632 1127793.29476161, 2720007.175111151 1127482.4849635602, 2719845.668866214 1127335.1842062867, 2719771.064652025 1127202.9818822118, 2719682.2703478406 1127574.3943537353, 2719687.271985867 1127649.996447419, 2719581.880807055 1128086.1202908407, 2719539.984228761 1128243.4299511313, 2719432.992373274 1128619.8533352502, 2719410.792101101 1128622.954123477, 2719453.1951278234 1128712.7578082322, 2719498.5973047484 1128768.2595501626)))"
56,Pfaffnau,Heliport,LSXP,Pfaf,LU,4,"MULTIPOLYGON (((2635750.9710907424 1231706.4441080063, 2635750.9710907424 1231706.4441080063, 2635750.940205272 1231704.6893840942, 2635750.8475727146 1231702.936822979, 2635750.6933071916 1231701.188583822, 2635750.4775987593 1231699.4468204407, 2635750.2007131693 1231697.7136786785, 2635749.862991543 1231695.9912937568, 2635749.464849952 1231694.2817876572, 2635749.0067789066 1231692.587266473, 2635748.489342747 1231690.9098178523, 2635747.9131789533 1231689.251508408, 2635747.278997356 1231687.6143811645, 2635746.587579265 1231686.0004530614, 2635745.839776503 1231684.411712451, 2635745.036510361 1231682.8501166455, 2635744.178770459 1231681.3175895365, 2635743.2676135283 1231679.816019188, 2635742.3041621107 1231678.3472555187, 2635741.2896031737 1231676.9131080497, 2635740.2251866492 1231675.5153436419, 2635739.112223894 1231674.1556843373, 2635737.9520860724 1231672.835805222, 2635736.74620247 1231671.5573323881, 2635735.4960587285 1231670.3218409074, 2635734.20319502 1231669.1308528974, 2635732.8692041473 1231667.98583565, 2635731.495729579 1231666.8881998244, 2635730.084463431 1231665.8392976942, 2635728.6371443756 1231664.840421513, 2635727.1555555044 1231663.8928018792, 2635725.641522127 1231662.9976062714, 2635724.0969095253 1231662.1559375525, 2635722.5236206553 1231661.3688326532, 2635720.923593801 1231660.6372612913, 2635719.298800188 1231659.9621247554, 2635717.6512415553 1231659.3442548094, 2635715.9829476858 1231658.784412662, 2635714.295973911 1231658.2832880432, 2635712.5923985736 1231657.8414983223, 2635710.874320471 1231657.4595877982, 2635709.143856267 1231657.138026971, 2635707.403137885 1231656.8772120029, 2635705.6543098823 1231656.677464212, 2635703.8995268065 1231656.539029693, 2635702.140950542 1231656.4620789934, 2635700.3807476466 1231656.4467069125, 2635698.6210866813 1231656.492932387, 2635696.8641355406 1231656.60069847, 2635695.112058779 1231656.7698723997, 2635693.3670149487 1231657.000245743, 2635691.631153934 1231657.2915346792, 2635689.9066143073 1231657.64338034, 2635688.195520694 1231658.0553492575, 2635686.499981153 1231658.5269338868, 2635684.82208458 1231659.0575532385, 2635683.163898137 1231659.6465535874, 2635681.5274647013 1231660.2932092897, 2635679.9148003515 1231660.9967236638, 2635678.3278918816 1231661.7562299836, 2635676.768694357 1231662.57079255, 2635675.2391287 1231663.4394078106, 2635673.741079329 1231664.3610056369, 2635672.276391834 1231665.3344506344, 2635670.8468707036 1231666.3585435108, 2635669.4542770996 1231667.432022595, 2635668.100326692 1231668.5535653732, 2635666.7866875418 1231669.7217900972, 2635665.5149780447 1231670.935257516, 2635664.286764943 1231672.1924726607, 2635663.103561388 1231673.4918866316, 2635661.9668250815 1231674.8318985633, 2635660.877956478 1231676.210857573, 2635659.838297058 1231677.6270647806, 2635658.8491276773 1231679.0787754285, 2635657.9116669884 1231680.5642010155, 2635657.0270699384 1231682.0815115038, 2635656.196426347 1231683.6288375817, 2635655.4207595633 1231685.2042729396, 2635654.701025206 1231686.8058766644, 2635654.038109984 1231688.4316755806, 2635653.432830605 1231690.079666709, 2635652.885932773 1231691.7478197338, 2635652.3980902624 1231693.4340795018, 2635651.9699040926 1231695.1363685452, 2635651.6019017887 1231696.8525896573, 2635651.294536727 1231698.5806284533, 2635651.04818758 1231700.3183560185, 2635650.8631578498 1231702.0636314682, 2635650.7396754916 1231703.8143046226, 2635650.6778926356 1231705.5682186817, 2635650.6778853987 1231707.3232128234, 2635650.739653789 1231709.0771248944, 2635650.86312171 1231710.8277940988, 2635651.0481370483 1231712.5730636134, 2635651.294471868 1231714.3107832726, 2635651.601822684 1231716.03881223, 2635651.9698108425 1231717.7550215481, 2635652.397982985 1231719.457296867, 2635652.8858116036 1231721.1435409961, 2635653.432695698 1231722.8116764955, 2635654.037961508 1231724.4596482194, 2635654.7008633506 1231726.085425889, 2635655.420584534 1231727.6870065383, 2635656.1962383627 1231729.2624170438, 2635657.0268692374 1231730.8097164985, 2635657.9114538245 1231732.3269986385, 2635658.8489023196 1231733.8123941778, 2635659.8380597895 1231735.2640731225, 2635660.8777075987 1231736.6802470037, 2635661.966564905 1231738.059171107, 2635663.1032902417 1231739.399146608, 2635664.286483168 1231740.6985226504, 2635665.514685996 1231741.9556984275, 2635666.7863855856 1231743.1691250894, 2635668.100015208 1231744.337307702, 2635669.4539564783 1231745.4588070773, 2635670.846541347 1231746.5322415219, 2635672.2760541555 1231747.5562885806, 2635673.7407337506 1231748.5296866295, 2635675.2387756538 1231749.4512364366, 2635676.768334285 1231750.3198026626, 2635678.3275252334 1231751.1343152386, 2635679.914427584 1231751.893770688, 2635681.5270862794 1231752.5972333779, 2635683.163514532 1231753.2438366103, 2635684.82169627 1231753.832783799, 2635686.499588619 1231754.3633493625, 2635688.195124425 1231754.834879636, 2635689.9062147955 1231755.2467937048, 2635691.6307516736 1231755.59858408, 2635693.366610438 1231755.8898173687, 2635695.1116525196 1231756.1201347623, 2635696.863728033 1231756.2892525145, 2635698.6206784286 1231756.3969622697, 2635700.3803391536 1231756.4431313323, 2635702.1405423116 1231756.4277028223, 2635703.8991193413 1231756.3506957376, 2635705.653903683 1231756.2122049585, 2635707.4027334517 1231756.0124010984, 2635709.143454095 1231755.7515303108, 2635710.873921054 1231755.4299140072, 2635712.5920024007 1231755.0479483868, 2635714.295581467 1231754.6061040487, 2635715.9825594504 1231754.104925338, 2635717.6508580027 1231753.5450296975, 2635719.2984217866 1231752.9271069246, 2635720.923221011 1231752.2519182903, 2635722.523253931 1231751.5202956179, 2635724.0965493135 1231750.7331402781, 2635725.6411688654 1231749.8914220291, 2635727.155209622 1231748.996177874, 2635728.6368062925 1231748.048510729, 2635730.084133556 1231747.0495881343, 2635731.4954083115 1231746.000640755, 2635732.868891877 1231744.902960886, 2635734.202892125 1231743.7579008574, 2635735.4957655743 1231742.566871388, 2635736.74591941 1231741.3313398166, 2635737.951813449 1231740.0528283042, 2635739.1119620353 1231738.7329119956, 2635740.224935871 1231737.3732169895, 2635741.2893637777 1231735.975418453, 2635742.303934385 1231734.541238447, 2635743.267397747 1231733.072443883, 2635744.178566881 1231731.570844309, 2635745.0363192316 1231730.0382896885, 2635745.8395980513 1231728.476668128, 2635746.587413705 1231726.8879035297, 2635747.2788448865 1231725.2739532553, 2635747.9130397574 1231723.636805676, 2635748.4892169912 1231721.978477749, 2635749.006666742 1231720.3010125433, 2635749.4647515123 1231718.6064766613, 2635749.8629069454 1231716.896957792, 2635750.2006425164 1231715.1745620414, 2635750.4775421354 1231713.4414114002, 2635750.693264664 1231711.6996411004, 2635750.847544334 1231709.951396995, 2635750.940191074 1231708.19883291, 2635750.9710907424 1231706.4441080063)))"
60,Reichenbach,Flugfeld,LSGR,Reic,BE,3,"MULTIPOLYGON (((2618650.8294017357 1162927.431296276, 2618711.630242535 1162869.7277597836, 2618713.0300703607 1162854.6273054415, 2618708.5295788795 1162828.1267320032, 2618672.0278868973 1162779.0265510993, 2618692.8282196056 1162761.8254256935, 2618647.226161793 1162705.4253986096, 2618656.7263410874 1162697.7250913165, 2618630.72520939 1162662.0258149488, 2618607.2247393113 1162678.7265699573, 2618560.222501413 1162597.4278302519, 2618576.1228129524 1162585.5273194108, 2618551.4217164414 1162549.9279924182, 2618517.521009394 1162571.5290726419, 2618297.711456522 1162275.7349557865, 2618213.108012192 1162183.4372148511, 2618110.7044655224 1162126.5400782195, 2618122.0045558414 1162106.6396828457, 2618096.703679331 1162092.640386298, 2618079.1033753413 1162109.4409586815, 2618060.0027050585 1162098.141486756, 2617975.1010940736 1162165.4442095608, 2617932.999364031 1162117.9452876837, 2617915.099028119 1162132.3458637844, 2617934.2998811277 1162159.545392224, 2617945.900108411 1162151.045021359, 2617973.7012811904 1162185.0443166574, 2617998.7017550985 1162165.3435134236, 2618602.328030677 1162926.2327633533, 2618630.1284871954 1162903.7312832088, 2618650.8294017357 1162927.431296276)))"
61,Saanen,Flugfeld,LSGK,Saan,BE,3,"MULTIPOLYGON (((2586184.3389799064 1148574.736595109, 2586196.2374589494 1148518.635986277, 2586144.6367113325 1148481.0364465632, 2586096.0359550887 1148443.636864323, 2586024.6351063834 1148399.1375657099, 2585962.8344989135 1148365.5382110276, 2585883.533944994 1148331.0391048216, 2585837.1336703678 1148312.7396418774, 2585742.732869915 1148266.2406603443, 2585697.632587379 1148247.84117608, 2585639.8322563088 1148225.4418456862, 2585556.7318747668 1148196.8428356068, 2585415.831059797 1148141.6444609705, 2585327.3305997946 1148108.3454998834, 2585236.430610426 1148092.6467136447, 2585212.6306448216 1148089.7470410173, 2585187.4306413806 1148085.1473756211, 2585142.630522656 1148072.6479365276, 2585105.2305209762 1148065.9484342441, 2585063.4306152635 1148062.149019524, 2585033.6308859605 1148067.2494980688, 2584960.8318581344 1148091.6507602937, 2584914.73267274 1148114.7516190389, 2584869.1332426593 1148128.5523973093, 2584818.233719757 1148137.8532180488, 2584751.934203206 1148146.4542819127, 2584701.2348640943 1148164.7551948812, 2584664.835599387 1148188.1559351368, 2584630.736422165 1148215.4566751556, 2584620.537919033 1148272.557295803, 2585180.5382882957 1148377.249776428, 2585166.440235157 1148449.4505513378, 2585194.5402732003 1148455.8501900358, 2585233.140427433 1148468.5497246038, 2585256.4406283833 1148480.3494763118, 2585271.0383578055 1148395.8485959528, 2585421.8383597177 1148422.4465949559, 2585740.038529029 1148482.4423967928, 2585893.138611962 1148511.2403719807, 2585891.438961727 1148524.3404993338, 2585964.0387384696 1148527.9394595735, 2586184.3389799064 1148574.736595109)))"
62,Samedan,Regionalflugplatz mit Linienverkehr,LSZS,Same,GR,2,"MULTIPOLYGON (((2787278.2131008487 1156464.1346696753, 2787380.8180446415 1156421.8336549678, 2787893.7263219263 1157427.145789352, 2787970.72845874 1157478.0458439225, 2788147.0354835596 1157381.3435963397, 2787235.7294736262 1155641.0098795616, 2787018.615125782 1155752.8156704833, 2787146.316831183 1155987.0220541833, 2787085.5115607176 1156093.2259119353, 2787278.2131008487 1156464.1346696753)))"
65,San Vittore,Heliport,LSXV,SanV,GR,4,"MULTIPOLYGON (((2727400.6618451313 1121398.181985053, 2727400.6618451313 1121398.181985053, 2727400.6309613734 1121396.4289643907, 2727400.5383916204 1121394.6781033054, 2727400.3842499177 1121392.9315588637, 2727400.168726168 1121391.191482817, 2727399.8920858954 1121389.4600189098, 2727399.55466992 1121387.739300337, 2727399.156893936 1121386.0314469864, 2727398.6992480024 1121384.3385629645, 2727398.1822959376 1121382.662733873, 2727397.606674623 1121381.0060243497, 2727396.9730932238 1121379.3704754373, 2727396.282332307 1121377.7581021488, 2727395.5352428886 1121376.1708909122, 2727394.7327453787 1121374.610797179, 2727393.8758284515 1121373.0797429683, 2727392.965547824 1121371.5796145422, 2727392.0030249576 1121370.1122600506, 2727390.9894456775 1121368.6794872673, 2727389.9260587078 1121367.283061377, 2727388.8141741357 1121365.924702755, 2727387.6551617994 1121364.6060849004, 2727386.4504495957 1121363.3288323453, 2727385.2015217254 1121362.0945186587, 2727383.9099168605 1121360.9046645046, 2727382.577226253 1121359.7607357937, 2727381.205091772 1121358.664141813, 2727379.795203881 1121357.6162335807, 2727378.349299554 1121356.6183021031, 2727376.869160139 1121355.6715768266, 2727375.356609161 1121354.7772241181, 2727373.813510075 1121353.9363458047, 2727372.241763973 1121353.1499778435, 2727370.643307238 1121352.4190890326, 2727369.0201091617 1121351.7445798125, 2727367.3741695154 1121351.1272811806, 2727365.7075160905 1121350.567953642, 2727364.022202194 1121350.0672862804, 2727362.3203041274 1121349.625895905, 2727360.603918619 1121349.2443263077, 2727358.8751602485 1121348.9230475633, 2727357.136158838 1121348.6624554968, 2727355.389056828 1121348.4628711466, 2727353.6360066407 1121348.3245403853, 2727351.879168026 1121348.2476336467, 2727350.1207054006 1121348.2322456508, 2727348.3627851815 1121348.2783953643, 2727346.607573118 1121348.3860259277, 2727344.857231624 1121348.555004723, 2727343.113917111 1121348.7851235766, 2727341.379777335 1121349.0760989715, 2727339.656948747 1121349.427572426, 2727337.947553865 1121349.8391109095, 2727336.2536986535 1121350.3102074196, 2727334.5774699366 1121350.840281549, 2727332.920932818 1121351.428680248, 2727331.2861281447 1121352.0746786194, 2727329.675069988 1121352.7774807804, 2727328.089743164 1121353.5362208805, 2727326.5321007883 1121354.3499641565, 2727325.004061869 1121355.2177080654, 2727323.507508942 1121356.1383835606, 2727322.044285754 1121357.110856365, 2727320.6161949895 1121358.1339283974, 2727319.224996049 1121359.2063392394, 2727317.872402884 1121360.326767675, 2727316.5600818824 1121361.4938333519, 2727315.289649817 1121362.706098452, 2727314.0626718565 1121363.9620694504, 2727312.8806596296 1121365.2601990171, 2727311.7450693715 1121366.5988878456, 2727310.6573001235 1121367.9764866927, 2727309.6186920125 1121369.3912983602, 2727308.6305245985 1121370.841579817, 2727307.6940153004 1121372.325544309, 2727306.810317893 1121373.8413636147, 2727305.980521087 1121375.387170253, 2727305.205647189 1121376.9610597962, 2727304.48665084 1121378.5610932168, 2727303.82441784 1121380.1852993008, 2727303.2197640585 1121381.8316770322, 2727302.6734344247 1121383.4981980692, 2727302.186102015 1121385.1828093007, 2727301.7583672213 1121386.8834352759, 2727301.3907570103 1121388.597980843, 2727301.083724277 1121390.3243336985, 2727300.837647285 1121392.060366982, 2727300.6528291986 1121393.8039419225, 2727300.5294977142 1121395.5529104439, 2727300.467804776 1121397.3051178304, 2727300.467826389 1121399.0584053746, 2727300.529562528 1121400.8106130427, 2727300.6529371324 1121402.5595821273, 2727300.8377982075 1121404.3031579219, 2727301.0839180048 1121406.0391923438, 2727301.390993306 1121407.7655466078, 2727301.7586457958 1121409.4800938729, 2727302.186422529 1121411.1807218248, 2727302.6737961005 1121412.8653076312, 2727303.2201661603 1121414.531782281, 2727303.824859889 1121416.1781144731, 2727304.4871323076 1121417.8022759457, 2727305.2061674995 1121419.4022657275, 2727305.981079618 1121420.9761126458, 2727306.8109139754 1121422.5218777305, 2727307.694648219 1121424.037656604, 2727308.631193593 1121425.5215818337, 2727309.6193962796 1121426.9718252306, 2727310.658038816 1121428.3866001037, 2727311.745841601 1121429.7641634583, 2727312.8814644665 1121431.102818124, 2727314.06350833 1121432.4009149142, 2727315.2905169185 1121433.6568545615, 2727316.5609785644 1121434.8690897673, 2727317.873328064 1121436.0361270488, 2727319.2259486085 1121437.1565286354, 2727320.6171737756 1121438.2289141777, 2727322.045289583 1121439.2519625195, 2727323.5085365963 1121440.224413263, 2727325.005112103 1121441.145068354, 2727326.533172328 1121442.0127935465, 2727328.090834708 1121442.8265198101, 2727329.6761802095 1121443.5852446363, 2727331.287255693 1121444.288033278, 2727332.922076322 1121444.9340198985, 2727334.578628002 1121445.5224086507, 2727336.2548698704 1121446.0524746438, 2727337.948736802 1121446.5235648346, 2727339.6581419623 1121446.9350988383, 2727341.380979369 1121447.2865696463, 2727343.1151264952 1121447.5775442417, 2727344.8584468774 1121447.807664169, 2727346.608792753 1121447.9766458955, 2727348.3640077035 1121448.084281257, 2727350.1219293103 1121448.1304376202, 2727351.880391821 1121448.1150581355, 2727353.637228817 1121448.0381617444, 2727355.3902758844 1121447.899843187, 2727357.137373274 1121447.7002728756, 2727358.87636857 1121447.4396966628, 2727360.6051193383 1121447.1184355903, 2727362.3214957635 1121446.7368854422, 2727364.023383277 1121446.2955162893, 2727365.708685162 1121445.7948718965, 2727367.3753251326 1121445.235569048, 2727369.0212498954 1121444.618296803, 2727370.644431678 1121443.9438156465, 2727372.2428707276 1121443.2129565242, 2727373.8145977743 1121442.426619864, 2727375.3576764567 1121441.5857744175, 2727376.870205709 1121440.6914561044, 2727378.350322101 1121439.7447667213, 2727379.796202136 1121438.7468725888, 2727381.206064497 1121437.699003095, 2727382.578172239 1121436.602449224, 2727383.910834932 1121435.4585619108, 2727385.2024107412 1121434.268750437, 2727386.4513084516 1121433.0344806402, 2727387.655989426 1121431.7572731203, 2727388.8149695043 1121430.4387013991, 2727389.926820828 1121429.0803899649, 2727390.9901736015 1121427.6840122337, 2727392.003717779 1121426.251288542, 2727392.96620468 1121424.783984006, 2727393.8764485256 1121423.2839063215, 2727394.733327899 1121421.7529035953, 2727395.53578713 1121420.192862013, 2727396.282837592 1121418.6057035318, 2727396.973558924 1121416.9933835315, 2727397.6071001613 1121415.3578883715, 2727398.1826807307 1121413.7012255436, 2727398.6995912543 1121412.0253986863, 2727399.15719522 1121410.332516634, 2727399.5549288625 1121408.624665009, 2727399.892302174 1121406.9039478807, 2727400.1688995147 1121405.1724851797, 2727400.3843801166 1121403.432410048, 2727400.5384785095 1121401.6858662763, 2727400.631004845 1121399.9350055892, 2727400.6618451313 1121398.181985053)))"
66,Schaffhausen,Segelflugfeld,LSPF,Scha,SH,3,"MULTIPOLYGON (((2681425.336912162 1282683.7997184976, 2681991.1425455725 1282923.6952362433, 2682013.2416976867 1282843.0943679693, 2681923.4408490406 1282808.7951067218, 2681887.8404048583 1282786.0953290989, 2681856.9399483763 1282760.395475645, 2681788.8393056123 1282734.3960354764, 2681798.239089614 1282712.2957606378, 2681754.238582817 1282687.796064037, 2681690.038327921 1282692.8968204597, 2681449.936167605 1282610.698883695, 2681425.336912162 1282683.7997184976)))"
89,Lauberhorn,Winterflugfeld,LSWL,Laub,BE,3,"MULTIPOLYGON (((2639244.0958122043 1159306.7589684539, 2639243.9958051406 1159303.6588766673, 2639243.6957994765 1159300.4587745941, 2639243.195795708 1159297.358667935, 2639242.495793818 1159294.3585567176, 2639241.5957935313 1159291.3584380974, 2639240.5957940044 1159288.3583158194, 2639239.295797124 1159285.458185297, 2639237.8958012504 1159282.6580539849, 2639236.295807185 1159279.9579181606, 2639234.495814908 1159277.3577778623, 2639232.5958236163 1159274.8576367765, 2639230.495834369 1159272.557494039, 2639228.2958460953 1159270.3573505296, 2639225.9958588043 1159268.2572062511, 2639223.4958735593 1159266.3570603223, 2639220.895889291 1159264.5569136, 2639218.195906286 1159262.956768921, 2639215.395924566 1159261.556626258, 2639212.4959438443 1159260.256482801, 2639209.4959647013 1159259.2563441494, 2639206.4959857943 1159258.356208343, 2639203.4960074313 1159257.6560781975, 2639200.296031199 1159257.1559463185, 2639197.196054752 1159256.855823733, 2639194.0960789043 1159256.7557067485, 2639190.896104458 1159256.8555916436, 2639187.7961298544 1159257.1554858058, 2639184.6961558964 1159257.655385483, 2639181.5961826122 1159258.3552907044, 2639178.596209225 1159259.2552050974, 2639175.696235422 1159260.2551258968, 2639172.7962626577 1159261.555054946, 2639169.9962895126 1159262.954990356, 2639167.296316306 1159264.554934923, 2639164.6963430694 1159266.3548886077, 2639162.196369462 1159268.2548486472, 2639159.8963950207 1159270.3548215048, 2639157.5964210317 1159272.5547970172, 2639155.5964450547 1159274.8547862668, 2639153.596469868 1159277.3547809361, 2639151.89649269 1159279.9547893705, 2639150.296515142 1159282.6548041794, 2639148.7965372116 1159285.4548253508, 2639147.5965572516 1159288.3548603388, 2639146.4965768876 1159291.3549017156, 2639145.6965941126 1159294.3549541896, 2639144.9966105493 1159297.3550103484, 2639144.496625718 1159300.455076659, 2639144.1966396025 1159303.655153147, 2639144.096651467 1159306.7552343372, 2639144.19666165 1159309.8553229996, 2639144.496670482 1159313.0554218984, 2639144.996677247 1159316.1555255693, 2639145.6966819284 1159319.1556340165, 2639146.496686051 1159322.25574901, 2639147.596686854 1159325.155869815, 2639148.7966867248 1159328.0559944557, 2639150.2966835755 1159330.8561276994, 2639151.896679139 1159333.5562620303, 2639153.596673392 1159336.1563974742, 2639155.596664598 1159338.6565415543, 2639157.5966550154 1159340.9566802275, 2639159.8966427147 1159343.2568303053, 2639162.1966292993 1159345.256972223, 2639164.69661403 1159347.2571217755, 2639167.29659678 1159348.957266912, 2639169.996578221 1159350.5574131543, 2639172.7965580476 1159351.957557734, 2639175.696536579 1159353.257703385, 2639178.5965143996 1159354.3578435786, 2639181.5964903138 1159355.1579792541, 2639184.69646498 1159355.85811601, 2639187.7964389767 1159356.3582472214, 2639190.8964123325 1159356.658372904, 2639194.0963841714 1159356.758496789, 2639197.196356282 1159356.6586113244, 2639200.2963278187 1159356.3587202458, 2639203.4962978857 1159355.8588273358, 2639206.496269174 1159355.1589212054, 2639209.4962402233 1159354.3590122447, 2639212.496210467 1159353.2590947987, 2639215.396181097 1159351.9591678753, 2639218.1961523984 1159350.559234291, 2639220.896124107 1159348.9592912034, 2639223.4960965095 1159347.2593414537, 2639225.9960690704 1159345.259379361, 2639228.2960434738 1159343.2594096183, 2639230.496018047 1159340.9594275581, 2639232.595993588 1159338.6594415908, 2639234.4959704317 1159336.1594423659, 2639236.295947976 1159333.5594364444, 2639237.8959270874 1159330.8594200772, 2639239.2959077447 1159328.059393277, 2639240.595889072 1159325.1593598204, 2639241.595873043 1159322.2593150218, 2639242.49585741 1159319.159260751, 2639243.195843787 1159316.159201782, 2639243.6958316374 1159313.0591324575, 2639243.9958209447 1159309.8590527712, 2639244.0958122043 1159306.7589684539)))"
68,Schattenhalb,Heliport,LSXC,Scha,BE,4,"MULTIPOLYGON (((2658380.492358881 1173569.5088285883, 2658380.492358881 1173569.5088285883, 2658380.4614742976 1173567.7540941092, 2658380.368902641 1173566.0015221094, 2658380.214757956 1173564.2532717471, 2658379.9992301473 1173562.5114968566, 2658379.722584742 1173560.7783433083, 2658379.3851625645 1173559.0559463259, 2658378.9873793144 1173557.346427906, 2658378.529725059 1173555.6518941643, 2658378.0127636227 1173553.9744327657, 2658377.437131899 1173552.3161103276, 2658376.803539062 1173550.6789699004, 2658376.112765694 1173549.0650284374, 2658375.365662823 1173547.4762742992, 2658374.5631508753 1173545.9146648373, 2658373.70621854 1173544.382123938, 2658372.7959215543 1173542.8805396932, 2658371.833381398 1173541.4117620373, 2658370.8197839158 1173539.9776005086, 2658369.756377854 1173538.5798219815, 2658368.644473324 1173537.2201485147, 2658367.485440187 1173535.9002552226, 2658366.2807063656 1173534.6217681968, 2658365.0317560863 1173533.3862625505, 2658363.74012805 1173532.1952603993, 2658362.4074135376 1173531.0502290595, 2658361.035254447 1173529.9525792033, 2658359.6253412715 1173528.9036631323, 2658358.1794110197 1173527.9047731028, 2658356.6992450706 1173526.9571397477, 2658355.186666983 1173526.0619305451, 2658353.6435402473 1173525.2202483756, 2658352.071765989 1173524.433130205, 2658350.473280628 1173523.7015457535, 2658348.8500534934 1173523.026396317, 2658347.2040843936 1173522.4085136857, 2658345.537401157 1173521.8486590914, 2658343.85205713 1173521.3475222613, 2658342.150128652 1173520.9057205932, 2658340.4337124918 1173520.5237983929, 2658338.704923268 1173520.2022261831, 2658336.965890843 1173519.941400124, 2658335.218757698 1173519.741641576, 2658333.4656762956 1173519.6031966135, 2658331.7088064253 1173519.5262358123, 2658329.950312545 1173519.5108539916, 2658328.1923611127 1173519.5570700872, 2658326.437117918 1173519.6648271685, 2658324.686745415 1173519.833992471, 2658322.943400056 1173520.0643575871, 2658321.2092296365 1173520.3556387154, 2658319.4863706483 1173520.7074769842, 2658317.776945647 1173521.1194389306, 2658316.083060638 1173521.5910170213, 2658314.4068024824 1173522.1216302775, 2658312.750236323 1173522.7106249833, 2658311.1154030436 1173523.3572754948, 2658309.5043167523 1173524.060785146, 2658307.918962302 1173524.8202872025, 2658306.361292842 1173525.6348459728, 2658304.8332274165 1173526.5034579209, 2658303.3366485946 1173527.425052925, 2658301.873400156 1173528.3984955738, 2658300.445284816 1173529.4225865987, 2658299.0540620084 1173530.496064317, 2658297.701445712 1173531.6176062105, 2658296.389102345 1173532.7858305501, 2658295.118648708 1173533.9992980796, 2658293.8916499945 1173535.256513814, 2658292.709617861 1173536.5559288869, 2658291.574008566 1173537.895942404, 2658290.486221174 1173539.2749034786, 2658289.447595833 1173540.6911132396, 2658288.459412125 1173542.1428269316, 2658287.5228874865 1173543.6282560427, 2658286.639175711 1173545.1455705287, 2658285.8093655263 1173546.6929010674, 2658285.0344792535 1173548.2683413646, 2658284.3154715477 1173549.8699504747, 2658283.6532282224 1173551.4957552266, 2658283.048565156 1173553.143752642, 2658282.502227289 1173554.8119123913, 2658282.0148877073 1173556.4981793165, 2658281.587146807 1173558.2004759412, 2658281.219531563 1173559.916705047, 2658280.9124948736 1173561.6447522398, 2658280.666415004 1173563.3824885848, 2658280.481595122 1173565.1277732048, 2658280.358262923 1173566.8784559036, 2658280.29657035 1173568.6323798592, 2658280.296593406 1173570.3873842475, 2658280.3583320603 1173572.1413069018, 2658280.48171025 1173573.8919870064, 2658280.666575971 1173575.6372677363, 2658280.9127014684 1173577.374998914, 2658281.2197835143 1173579.1030396628, 2658281.5874437843 1173580.8192610356, 2658282.01522932 1173582.5215486728, 2658282.5026130895 1173584.2078053616, 2658283.0489946385 1173585.87595363, 2658283.6537008244 1173587.5239383373, 2658284.3159866505 1173589.1497291806, 2658285.035036183 1173590.7513231826, 2658285.809963554 1173592.3267471923, 2658286.6398140574 1173593.8740603027, 2658287.5235653184 1173595.3913562149, 2658288.460128559 1173596.8767656477, 2658289.4483499373 1173598.3284585725, 2658290.487011968 1173599.7446465064, 2658291.5748350234 1173601.1235847264, 2658292.7104789107 1173602.4635743832, 2658293.8925445215 1173603.7629645995, 2658295.1195755564 1173605.020154554, 2658296.3900603186 1173606.2335953824, 2658297.702433577 1173607.401792141, 2658299.0550784934 1173608.5233056054, 2658300.4463286167 1173609.5967540878, 2658301.874469933 1173610.6208150978, 2658303.33774298 1173611.5942269892, 2658304.834345013 1173612.5157905337, 2658306.362432225 1173613.384370355, 2658307.920122022 1173614.198896389, 2658309.505495337 1173614.9583651256, 2658311.1165989996 1173615.6618409106, 2658312.7514481386 1173616.308457051, 2658314.4080286287 1173616.8974169288, 2658316.0842995727 1173617.4279949456, 2658317.778195813 1173617.8995374271, 2658319.4876304786 1173618.3114634342, 2658321.2104975567 1173618.6632654807, 2658322.9446744844 1173618.9545101465, 2658324.688024766 1173619.184838609, 2658326.4384006024 1173619.3539671137, 2658328.193645542 1173619.4616872834, 2658329.951597132 1173619.5078664157, 2658331.7100895867 1173619.4924476058, 2658333.466956453 1173619.4154498666, 2658335.220033281 1173619.276968041, 2658336.9671602906 1173619.0771727434, 2658338.7061850303 1173618.8163101263, 2658340.434965032 1173618.4947015445, 2658342.1513704485 1173618.1127432443, 2658343.853286678 1173617.6709057905, 2658345.538616969 1173617.1697335094, 2658347.2052850034 1173616.6098438527, 2658348.851237456 1173615.9919266037, 2658350.474446522 1173615.3167430318, 2658352.0729124174 1173614.5851249504, 2658353.6446658405 1173613.7979737092, 2658355.187770399 1173612.9562590828, 2658356.700324996 1173612.0610180607, 2658358.180466173 1173611.1133535658, 2658359.626370403 1173610.1144331135, 2658361.03625634 1173609.0654873794, 2658362.40838701 1173607.96780866, 2658363.7410719567 1173606.8227492843, 2658365.0326693174 1173605.631719949, 2658366.2815878503 1173604.3961880223, 2658367.4862888935 1173603.1176756576, 2658368.645288261 1173601.7977579755, 2658369.7571580713 1173600.4380611146, 2658370.820528504 1173599.0402602134, 2658371.834089492 1173597.606077351, 2658372.796592332 1173596.1372794488, 2658373.7068512244 1173594.6356760394, 2658374.563744733 1173593.1031171125, 2658375.3662171685 1173591.5414907602, 2658376.113279887 1173589.9527209066, 2658376.8040125095 1173588.3387649048, 2658377.437564055 1173586.7016111459, 2658378.0131539903 1173585.0432765996, 2658378.5300731887 1173583.3658043114, 2658378.9876848073 1173581.6712609436, 2658379.385425069 1173579.9617341515, 2658379.7228039573 1173578.2393300715, 2658379.999405822 1173576.5061706984, 2658380.214889888 1173574.7643912649, 2658380.3689906797 1173573.0161376668, 2658380.461518342 1173571.2635637147, 2658380.492358881 1173569.5088285883)))"
70,Schindellegi,Heliport,LSXS,Schi,SZ,4,"MULTIPOLYGON (((2696701.3993444103 1225149.7151437164, 2696701.3993444103 1225149.7151437164, 2696701.3684652015 1225147.9604271792, 2696701.2759015793 1225146.2078715586, 2696701.1217675833 1225144.4596359995, 2696700.9062531064 1225142.7178743144, 2696700.629623661 1225140.9847323438, 2696700.2922200547 1225139.26234531, 2696699.8944579675 1225137.5528351874, 2696699.4368274407 1225135.8583080892, 2696698.919892274 1225134.1808516593, 2696698.344289328 1225132.5225325217, 2696697.7107277447 1225130.8853937064, 2696697.01998807 1225129.2714521668, 2696696.2729212907 1225127.682696269, 2696695.470447791 1225126.1210833555, 2696694.613556214 1225124.5885373298, 2696693.703302248 1225123.0869462718, 2696692.74080732 1225121.618160142, 2696691.7272572205 1225120.1839884662, 2696690.663900639 1225118.7861981567, 2696689.5520476247 1225117.4265112644, 2696688.3930679774 1225116.1066029335, 2696687.1883895537 1225114.8280992738, 2696685.9394965116 1225113.5925753992, 2696684.6479274817 1225112.4015534688, 2696683.315273671 1225111.2565008248, 2696681.9431769038 1225110.1588281523, 2696680.533327595 1225109.109887788, 2696679.087462674 1225108.1109720196, 2696677.6073634387 1225107.1633115099, 2696676.094853364 1225106.2680737674, 2696674.5517958556 1225105.426361724, 2696672.9800919523 1225104.6392123692, 2696671.381677987 1225103.907595465, 2696669.758523197 1225103.2324123431, 2696668.112627301 1225102.6144948583, 2696666.446018035 1225102.0546042658, 2696664.760748653 1225101.5534303514, 2696663.0588954007 1225101.1115905445, 2696661.3425549506 1225100.7296292114, 2696659.6138418266 1225100.4080169227, 2696657.8748857956 1225100.147149897, 2696656.1278292416 1225099.9473495241, 2696654.37482453 1225099.8088619623, 2696652.618031354 1225099.7318578246, 2696650.859614075 1225099.7164319737, 2696649.1017390536 1225099.7626034296, 2696647.346571984 1225099.8703152882, 2696645.596275222 1225100.0394348744, 2696643.8530051257 1225100.269753828, 2696642.1189093953 1225100.5609883866, 2696640.396124428 1225100.912779756, 2696638.6867726864 1225101.3246945273, 2696636.9929600838 1225101.7962252346, 2696635.3167733885 1225102.3267909503, 2696633.6602776553 1225102.9157380145, 2696632.025513679 1225103.5623408526, 2696630.4144954793 1225104.2658028523, 2696628.8292078236 1225105.0252573579, 2696627.2716037794 1225105.839768721, 2696625.743602307 1225106.7083334597, 2696624.247085897 1225107.629881516, 2696622.7838982497 1225108.6032775457, 2696621.355842006 1225109.627322327, 2696619.9646765245 1225110.700754247, 2696618.6121157147 1225111.822250833, 2696617.299825925 1225112.990430415, 2696616.02942389 1225114.2038538049, 2696614.8024747395 1225115.4610260553, 2696613.62049007 1225116.7603983425, 2696612.4849260794 1225118.1003698595, 2696611.3971817787 1225119.479289752, 2696610.3585972637 1225120.8954591963, 2696609.3704520664 1225122.3471334868, 2696608.4339635763 1225123.8325241583, 2696607.5502855447 1225125.349801225, 2696606.7205066574 1225126.897095411, 2696605.9456491987 1225128.472500437, 2696605.2266677916 1225130.0740754225, 2696604.564448216 1225131.6998472451, 2696603.959806325 1225133.347812944, 2696603.413487035 1225135.01594224, 2696602.9261634084 1225136.7021800093, 2696602.498435827 1225138.4044488107, 2696602.1308312495 1225140.1206514528, 2696601.823802564 1225141.8486735872, 2696601.5777280275 1225143.5863862857, 2696601.392910804 1225145.3316487132, 2696601.2695785887 1225147.082310698, 2696601.207883326 1225148.8362154337, 2696601.2079010247 1225150.5912021324, 2696601.269631664 1225152.3451086318, 2696601.3929991922 1225154.0957741514, 2696601.577851622 1225155.841041865, 2696601.8239612156 1225157.5787616135, 2696602.1310247686 1225159.3067925454, 2696602.4986639805 1225161.023005709, 2696602.9264259217 1225162.7252867555, 2696603.4137835917 1225164.4115384833, 2696603.960136569 1225166.079683425, 2696604.5648117494 1225167.727666449, 2696605.227064176 1225169.3534572255, 2696605.9460779577 1225170.9550528023, 2696606.7209672737 1225172.530480036, 2696607.550777463 1225174.0777979633, 2696608.434486204 1225175.5951003323, 2696609.371004772 1225177.080517833, 2696610.359179381 1225178.5322204167, 2696611.3977926034 1225179.948419608, 2696612.485564874 1225181.3273706515, 2696613.621156062 1225182.6673746763, 2696614.803167124 1225183.9667808234, 2696616.030141828 1225185.2239882143, 2696617.3005685476 1225186.437447978, 2696618.612882122 1225187.6056651426, 2696619.9654657864 1225188.727200468, 2696621.3566531655 1225189.8006722205, 2696622.7847303217 1225190.8247579087, 2696624.24793787 1225191.7981958422, 2696625.744473146 1225192.719786758, 2696627.2724924246 1225193.5883952624, 2696628.8301131926 1225194.4029512324, 2696630.415416468 1225195.162451142, 2696632.0264491644 1225195.8659592816, 2696633.661226496 1225196.512608946, 2696635.317734426 1225197.101603457, 2696636.993932142 1225197.6322171683, 2696638.6877545766 1225198.1037963985, 2696640.397114947 1225198.515760125, 2696642.1199073303 1225198.867600845, 2696643.8540092516 1225199.1588850713, 2696645.597284307 1225199.3892539532, 2696647.347584787 1225199.5584236688, 2696649.1027543307 1225199.666185809, 2696650.8606305765 1225199.712407608, 2696652.619047827 1225199.6970321373, 2696654.3758397214 1225199.6200783195, 2696656.1288419 1225199.481640965, 2696657.875894669 1225199.2818906407, 2696659.61484567 1225199.0210734222, 2696661.343552521 1225198.6995106502, 2696663.059885463 1225198.317598488, 2696664.7617299827 1225197.8758074392, 2696666.446989413 1225197.3746818013, 2696668.1135875224 1225196.8148389454, 2696669.7594710696 1225196.1969686048, 2696671.3826123327 1225195.5218319872, 2696672.9810116095 1225194.7902608754, 2696674.552699679 1225194.0031565456, 2696676.095740228 1225193.1614887023, 2696677.608232237 1225192.2662942938, 2696679.0883123237 1225191.3186761884, 2696680.5341570354 1225190.3198018384, 2696681.9439850985 1225189.2709018602, 2696683.316059611 1225188.1732685077, 2696684.6486901822 1225187.0282540373, 2696685.9402350187 1225185.8372691092, 2696687.1891029426 1225184.601781018, 2696688.3937553545 1225183.323311865, 2696689.5527081285 1225182.00343674, 2696690.6645334396 1225180.6437817044, 2696691.727861525 1225179.2460218621, 2696692.741382369 1225177.8118792286, 2696693.7038473194 1225176.3431206685, 2696694.6140706227 1225174.8415556857, 2696695.4709308897 1225173.3090342123, 2696696.2733724723 1225171.7474442928, 2696697.0204067663 1225170.1587098034, 2696697.71111343 1225168.5447880523, 2696698.344641515 1225166.907667387, 2696698.9202105193 1225165.2493647372, 2696699.437111344 1225163.571923121, 2696699.8947071717 1225161.8774091327, 2696700.2924342444 1225160.167910405, 2696700.6298025665 1225158.4455330402, 2696700.906396502 1225156.7123989984, 2696701.121875289 1225154.9706434875, 2696701.2759734583 1225153.2224123378, 2696701.368501164 1225151.4698593675, 2696701.3993444103 1225149.7151437164)))"
73,Sion,Regionalflugplatz mit Linienverkehr,LSGS,Sion,VS,2,"MULTIPOLYGON (((2590101.5665374068 1118333.168762153, 2590786.8836062867 1118548.1663295394, 2590828.684433545 1118621.868102632, 2591569.8944250415 1118853.2727323845, 2592502.203985446 1119121.2794486408, 2592509.803949842 1119080.8777801772, 2592654.308640689 1119113.8675370351, 2592841.0142819514 1119105.4532076088, 2592859.214131276 1119062.6521561372, 2592894.515332805 1119071.7495115055, 2592949.2131633265 1118873.1488523437, 2592879.7109459867 1118841.8528660554, 2592614.5039560227 1118757.6647959007, 2592134.1977351895 1118578.9635047594, 2592025.1969359703 1118535.9610011545, 2591886.4961590725 1118538.8599342897, 2591615.993712721 1118541.9615672438, 2591598.49369664 1118586.6633372812, 2591210.189115558 1118480.4649574824, 2591218.2888099444 1118394.7627727822, 2590718.1818392063 1118251.759402067, 2590645.581097266 1118332.2610605943, 2590415.6761227837 1118259.1604737835, 2590148.2694205353 1118179.459671358, 2590101.5665374068 1118333.168762153)))"
74,Sitterdorf,Flugfeld,LSZV,Sitt,TG,3,"MULTIPOLYGON (((2737270.201064863 1263616.8070461885, 2737238.702239419 1263756.307649549, 2737315.6026576725 1263793.8067802293, 2737445.1033353005 1263858.605293778, 2737486.601926987 1263677.6045725897, 2737657.202537714 1263717.3025805634, 2737685.8023944744 1263688.7022206225, 2737710.5022297404 1263657.9019120026, 2737155.7000697795 1263528.8082328662, 2737133.5001046928 1263537.4085068107, 2737086.700349772 1263573.5091222213, 2737270.201064863 1263616.8070461885)))"
75,Speck-Fehraltorf,Flugfeld,LSZK,Spec,ZH,3,"MULTIPOLYGON (((2699245.768450026 1248320.1710113445, 2699291.168350522 1248382.171328999, 2699757.0705842236 1248069.0656690036, 2699806.870475145 1248131.6658489218, 2699851.3707483853 1248091.1653191757, 2699878.9709398723 1248061.064968017, 2699917.6708461414 1248110.3650829438, 2699991.9712514007 1248058.764361557, 2699964.9713284345 1248021.9642750747, 2699954.7712735394 1248028.6643680148, 2699922.4713663342 1247983.5642407374, 2699912.771313906 1247989.9643288073, 2699825.371549387 1247866.863886138, 2699680.3707138607 1247978.7653673298, 2699659.2705840277 1247998.265624664, 2699613.7702995813 1248042.5662146986, 2699565.170028226 1248082.6668087237, 2699525.0698078503 1248116.467320635, 2699482.5696067763 1248143.7678041975, 2699448.7694708896 1248158.9681388296, 2699401.4692199794 1248198.6687929633, 2699245.768450026 1248320.1710113445)))"
77,St.Moritz,Winterheliport,LSXM,Stmo,GR,4,"MULTIPOLYGON (((2783231.632674667 1150273.447800795, 2783231.632674667 1150273.447800795, 2783231.6018346045 1150271.6947941885, 2783231.509307449 1150269.9439497285, 2783231.355207197 1150268.1974244174, 2783231.1397236986 1150266.4573699543, 2783230.8631224316 1150264.7259300475, 2783230.525744169 1150263.0052378068, 2783230.12800456 1150261.297413098, 2783229.6703936197 1150259.604559934, 2783229.153475124 1150257.928763869, 2783228.577885916 1150256.2720894858, 2783227.94433512 1150254.6365777622, 2783227.253603268 1150253.0242436398, 2783226.50654134 1150251.4370734817, 2783225.7040697145 1150249.877022657, 2783224.8471770333 1150248.3460131518, 2783223.9369189846 1150246.8459311249, 2783222.974417004 1150245.3786246723, 2783221.9608568884 1150243.9459015073, 2783220.89748734 1150242.5495267273, 2783219.7856184267 1150241.1912206542, 2783218.6266199653 1150239.8726567111, 2783217.421919837 1150238.5954593613, 2783216.1730022267 1150237.3612021038, 2783214.881405795 1150236.1714055454, 2783213.548721781 1150235.0275355212, 2783212.176592048 1150233.9310012572, 2783210.766707051 1150232.8831536965, 2783209.3208037615 1150231.8852837791, 2783207.840663525 1150230.9386209075, 2783206.328109867 1150230.044331363, 2783204.7850062447 1150229.203516907, 2783203.2132537556 1150228.4172134507, 2783201.6147887884 1150227.6863897278, 2783199.991580645 1150227.0119461182, 2783198.3456291086 1150226.3947135492, 2783196.6789619816 1150225.835452468, 2783194.99363259 1150225.3348519094, 2783193.29171725 1150224.893528622, 2783191.575312712 1150224.5120263358, 2783189.846533577 1150224.1908150697, 2783188.1075096913 1150223.9302905884, 2783186.3603835218 1150223.7307738832, 2783184.6073075198 1150223.5925107675, 2783182.8504414638 1150223.5156716057, 2783181.0919498038 1150223.5003510865, 2783179.333998992 1150223.5465681106, 2783177.5787548134 1150223.6542657553, 2783175.828379719 1150223.8233113613, 2783174.085030162 1150224.0534966853, 2783172.3508539386 1150224.3445381678, 2783170.627987544 1150224.6960772655, 2783168.918553542 1150225.1076808886, 2783167.224657944 1150225.578841991, 2783165.548387621 1150226.1089801027, 2783163.8918077294 1150226.6974421153, 2783162.256959167 1150227.343503052, 2783160.6458560564 1150228.046367008, 2783159.060483271 1150228.805168064, 2783157.5027939794 1150229.6189713813, 2783155.9747072486 1150230.4867743822, 2783154.478105673 1150231.4075079444, 2783153.0148330573 1150232.3800377348, 2783151.5866921474 1150233.4031656086, 2783150.195442405 1150234.475631087, 2783148.842797843 1150235.5961129004, 2783147.5304249143 1150236.76323062, 2783146.2599404543 1150237.9755463614, 2783145.0329096955 1150239.2315665616, 2783143.850844334 1150240.5297438079, 2783142.715200668 1150241.8684787464, 2783141.627377808 1150243.246122054, 2783140.5887159454 1150244.660976485, 2783139.6004947075 1150246.111298923, 2783138.6639315793 1150247.5953025757, 2783137.7801804035 1150249.1111591465, 2783136.950329958 1150250.657001092, 2783136.175402615 1150252.230923939, 2783135.456353084 1150253.8309885918, 2783134.7940672934 1150255.4552277857, 2783134.1893612044 1150257.101641577, 2783133.6429797215 1150258.7681953625, 2783133.1555959843 1150260.4528359505, 2783132.7278104457 1150262.1534878789, 2783132.360150136 1150263.8680559401, 2783132.053068009 1150265.5944278017, 2783131.8069423893 1150267.330476564, 2783131.6220765007 1150269.074063434, 2783131.4986980967 1150270.8230403122, 2783131.4369591787 1150272.575252473, 2783131.4369358076 1150274.3285411797, 2783131.498628012 1150276.080746392, 2783131.621959786 1150277.8297094118, 2783131.8067791853 1150279.573275506, 2783132.052858512 1150281.309296609, 2783132.3598945974 1150283.03563396, 2783132.727509174 1150284.7501606976, 2783133.1552493414 1150286.4507645476, 2783133.6425881255 1150288.1353503594, 2783134.1889252267 1150289.801845648, 2783134.7935876995 1150291.4482009436, 2783135.455830408 1150293.072382089, 2783136.1748374724 1150294.6723880938, 2783136.949723081 1150296.2462477325, 2783137.7795325797 1150297.7920220166, 2783138.6632436467 1150299.307806532, 2783139.599767556 1150300.7917338465, 2783140.587950514 1150302.2419757512, 2783141.6265750853 1150303.6567455411, 2783142.714361689 1150305.0343002365, 2783143.8499701777 1150306.372942676, 2783145.032001487 1150307.6710236778, 2783146.25899936 1150308.926943993, 2783147.52945214 1150310.1391563367, 2783148.841794636 1150311.306167271, 2783150.194410047 1150312.4265390544, 2783151.5856319573 1150313.4988914055, 2783153.013746388 1150314.5219031754, 2783154.4769939063 1150315.4943140447, 2783155.9735717983 1150316.4149260102, 2783157.501636286 1150317.2826048913, 2783159.0593048 1150318.09628174, 2783160.6446582987 1150318.8549540986, 2783162.2557436335 1150319.5576873177, 2783163.8905759524 1150320.2036156547, 2783165.547141149 1150320.7919433361, 2783167.2233983413 1150321.321945549, 2783168.9172823867 1150321.7929693765, 2783170.626706426 1150322.2044345362, 2783172.3495644545 1150322.5558341157, 2783174.083733919 1150322.846735215, 2783175.827078328 1150323.076779465, 2783177.577449888 1150323.2456834784, 2783179.3326921486 1150323.3532391894, 2783181.0906426553 1150323.3993141106, 2783182.8491356215 1150323.3838514904, 2783184.6060045906 1150323.3068704177, 2783186.3590851054 1150323.168465739, 2783188.1062173764 1150322.9688080149, 2783189.845248945 1150322.7081432086, 2783191.5740373298 1150322.3867925038, 2783193.2904526694 1150322.005151823, 2783194.992380348 1150321.5636913492, 2783196.6777235963 1150321.0629549874, 2783198.3444060776 1150320.503559667, 2783199.9903744454 1150319.8861945614, 2783201.613600874 1150319.2116202905, 2783203.2120855544 1150318.4806679436, 2783204.7838591593 1150317.694238051, 2783206.3269852707 1150316.853299517, 2783207.839562763 1150315.9588883661, 2783209.3197281472 1150315.012106545, 2783210.765657866 1150314.0141204644, 2783212.175570539 1150312.9661596685, 2783213.547729162 1150311.8695152306, 2783214.8804432396 1150310.7255382105, 2783216.1720708753 1150309.5356380092, 2783217.4210207895 1150308.3012805497, 2783218.6257542814 1150307.0239865733, 2783219.7847871254 1150305.7053296901, 2783220.8966913987 1150304.3469344818, 2783221.9600972407 1150302.9504744662, 2783222.973694541 1150301.5176700712, 2783223.936234553 1150300.0502865172, 2783224.846531432 1150298.550131567, 2783225.7034636987 1150297.019053428, 2783226.5059756157 1150295.4589383504, 2783227.253078495 1150293.8717083726, 2783227.943851909 1150292.2593189597, 2783228.5774448295 1150290.623756519, 2783229.153076675 1150288.9670360738, 2783229.67003827 1150287.2911986536, 2783230.1276927222 1150285.5983088661, 2783230.5254762056 1150283.8904523312, 2783230.8628986534 1150282.1697330994, 2783231.139544364 1150280.4382710694, 2783231.355072513 1150278.6981993658, 2783231.509217574 1150276.9516617323, 2783231.6017896407 1150275.20080987, 2783231.632674667 1150273.447800795)))"
78,Tavanasa,Heliport,LSXA,Tava,GR,4,"MULTIPOLYGON (((2726451.189043691 1180198.9813617654, 2726451.189043691 1180198.9813617654, 2726451.158170722 1180197.2266367609, 2726451.0656121173 1180195.47407433, 2726450.9114819085 1180193.7258336109, 2726450.6959699835 1180191.9840684533, 2726450.419341852 1180190.2509246992, 2726450.081938318 1180188.5285375763, 2726449.684175061 1180186.8190290711, 2726449.226542124 1180185.1245052884, 2726448.7096033082 1180183.447053883, 2726448.133995479 1180181.7887414582, 2726447.500427783 1180180.151611074, 2726446.809680773 1180178.5376796462, 2726446.0626054453 1180176.9489355609, 2726445.2601221935 1180175.3873361202, 2726444.403219674 1180173.8548052327, 2726443.4929535845 1180172.353230965, 2726442.530445371 1180170.884463251, 2726441.516880837 1180169.4503115995, 2726440.4535086905 1180168.0525428893, 2726439.341639001 1180166.6928791709, 2726438.1826415868 1180165.3729955372, 2726436.977944327 1180164.09451808, 2726435.729031404 1180162.8590218741, 2726434.437441471 1180161.6680290466, 2726433.104765762 1180160.523006908, 2726431.732646128 1180159.4253660925, 2726430.322773013 1180158.3764589191, 2726428.876883374 1180157.37757761, 2726427.396758542 1180156.4299527935, 2726425.8842220223 1180155.5347519275, 2726424.341137254 1180154.693077892, 2726422.76940531 1180153.9059676386, 2726421.1709625577 1180153.1743908601, 2726419.5477782707 1180152.4992488592, 2726417.901852204 1180151.8813734148, 2726416.2352121323 1180151.3215257218, 2726414.549911348 1180150.8203955186, 2726412.848026134 1180150.3786001904, 2726411.1316532055 1180149.996684019, 2726409.402907126 1180149.675117516, 2726407.6639177026 1180149.4142968494, 2726405.916827363 1180149.214543343, 2726404.1637885137 1180149.076103078, 2726402.4069608916 1180148.9991466263, 2726400.6485088994 1180148.9837687672, 2726398.890598943 1180149.0299884637, 2726397.1353967586 1180149.1377487564, 2726395.385064748 1180149.306916878, 2726393.6417593122 1180149.5372844117, 2726391.9076281954 1180149.8285675428, 2726390.184807839 1180150.180407405, 2726388.475420751 1180150.592370521, 2726386.781572887 1180151.0639493659, 2726385.1053510616 1180151.594562939, 2726383.448820371 1180152.183557529, 2726381.814021655 1180152.830207485, 2726380.2029689765 1180153.533716139, 2726378.617647146 1180154.293216767, 2726377.0600092723 1180155.1077736642, 2726375.531974359 1180155.9763833012, 2726374.035424937 1180156.8979755589, 2726372.5722047496 1180157.8714150095, 2726371.1441164766 1180158.895502409, 2726369.7529195165 1180159.9689760683, 2726368.400327817 1180161.090513465, 2726367.088007766 1180162.2587328893, 2726365.8175761346 1180163.4721950921, 2726364.590598089 1180164.7294051014, 2726363.408585261 1180166.0288140166, 2726362.272993885 1180167.36882099, 2726361.185223003 1180168.7477751472, 2726360.1466127452 1180170.1639776055, 2726359.1584426737 1180171.6156836231, 2726358.22193021 1180173.1011047156, 2726357.338229133 1180174.6184108348, 2726356.5084281573 1180176.1657326787, 2726355.733549595 1180177.741163957, 2726355.014548092 1180179.3427637506, 2726354.352309455 1180180.9685589029, 2726353.7476495598 1180182.616546434, 2726353.2013133424 1180184.284696037, 2726352.713973888 1180185.970952582, 2726352.286231596 1180187.6732385973, 2726351.918613442 1180189.3894568777, 2726351.6115723317 1180191.1174930744, 2726351.365486537 1180192.8552182368, 2726351.1806592336 1180194.6004915088, 2726351.057318128 1180196.3511627244, 2726350.9956151773 1180198.1050750818, 2726350.9956263974 1180199.8600677664, 2726351.057351774 1180201.613978641, 2726351.1807152634 1180203.364646904, 2726351.3655648814 1180205.1099157385, 2726351.611672893 1180206.847634989, 2726351.9187360955 1180208.5756638094, 2726352.286376187 1180210.2918732755, 2726352.714140238 1180211.9941490183, 2726353.2015012437 1180213.680393858, 2726353.747858778 1180215.3485303528, 2726354.352539731 1180216.9965033696, 2726355.014799138 1180218.6222826147, 2726355.7338210987 1180220.2238651414, 2726356.508719781 1180221.79927781, 2726357.3385405135 1180223.3465797266, 2726358.2222609604 1180224.8638646198, 2726359.1587923826 1180226.3492632073, 2726360.1469809767 1180227.8009454876, 2726361.1856093 1180229.2171229885, 2726362.273397767 1180230.5960510022, 2726363.4090062263 1180231.936030683, 2726364.591035615 1180233.2354111865, 2726365.8180296766 1180234.4925916917, 2726367.0884767617 1180235.706023345, 2726368.4008116843 1180236.87421121, 2726369.7534176544 1180237.9957160866, 2726371.1446282673 1180239.0691562758, 2726372.5727295587 1180240.0932093074, 2726374.035962113 1180241.0666135503, 2726375.5325232367 1180241.9881697728, 2726377.060569171 1180242.8567426226, 2726378.6182173723 1180243.6712620207, 2726380.2035488244 1180244.4307244692, 2726381.8146104068 1180245.1341943163, 2726383.449417298 1180245.7808048849, 2726385.105955426 1180246.3697595552, 2726386.782183942 1180246.9003327235, 2726388.47603774 1180247.3718707378, 2726390.18543 1180247.7837926417, 2726391.9082547603 1180248.1355909498, 2726393.642389507 1180248.4268322492, 2726395.3856977955 1180248.6571577194, 2726397.136031878 1180248.8262836118, 2726398.891235351 1180248.9340015298, 2726400.649145812 1180248.9801787825, 2726402.407597523 1180248.964758468, 2726404.164424081 1180248.887759571, 2726405.9174610823 1180248.7492769698, 2726407.664548795 1180248.5494812492, 2726409.403534815 1180248.2886185471, 2726411.1322767194 1180247.9670102675, 2726412.8486447064 1180247.5850525894, 2726414.550524219 1180247.1432161066, 2726416.235818548 1180246.6420451377, 2726417.902451421 1180246.0821571248, 2726419.5483695525 1180245.4642418441, 2726421.17154518 1180244.7890605603, 2726422.7699785586 1180244.0574450905, 2726424.3417004254 1180243.2702967767, 2726425.884774426 1180242.4285853778, 2726427.3972995016 1180241.5333478786, 2726428.877412227 1180240.5856872057, 2726430.3232891117 1180239.5867708665, 2726431.733148841 1180238.5378295186, 2726433.1052544746 1180237.4401554586, 2726434.437915585 1180236.2951009974, 2726435.7294903398 1180235.104076871, 2726436.978387524 1180233.8685503704, 2726438.183068503 1180232.590043696, 2726439.3420491153 1180231.2701319524, 2726440.453901502 1180229.9104412508, 2726441.5172558655 1180228.5126467466, 2726442.5308021586 1180227.0784705074, 2726443.493291697 1180225.6096794265, 2726444.403538697 1180224.1080830712, 2726445.2604217404 1180222.575531376, 2726446.0628851485 1180221.0139124645, 2726446.809940292 1180219.4251502305, 2726447.500666802 1180217.811202037, 2726448.134213706 1180216.1740562667, 2726448.7098004776 1180214.5157298734, 2726449.2267179955 1180212.8382659117, 2726449.684329421 1180211.1437310113, 2726450.082070977 1180209.434212846, 2726450.419452649 1180207.7118175246, 2726450.696058783 1180205.9786670506, 2726450.9115486033 1180204.2368966613, 2726451.065656625 1180202.4886522084, 2726451.1581929894 1180200.7360875164, 2726451.189043691 1180198.9813617654)))"
79,Thun,Flugfeld,LSZW,Thun,BE,3,"MULTIPOLYGON (((2612091.9206447206 1178719.1018298722, 2612010.1211536 1178816.1045446834, 2612102.623914323 1178890.8040212793, 2612126.4237330216 1178860.603197633, 2612100.422752097 1178828.5032016172, 2612152.422341996 1178762.7014481085, 2612203.3238751213 1178804.301154067, 2612289.0230429797 1178699.3988102775, 2612226.321352694 1178649.4988105479, 2612543.718007502 1178265.6899417134, 2612582.0192684364 1178297.990240115, 2612670.91771327 1178171.9871346122, 2612639.7167211585 1178147.2869184106, 2612692.4160921243 1178085.4853428106, 2612574.1122923726 1177990.5844579975, 2612517.613014158 1178058.886193203, 2612463.011305768 1178017.285811289, 2612374.912718275 1178136.0888010855, 2612424.314279592 1178174.4891554976, 2612024.3185403296 1178657.502015076, 2612091.9206447206 1178719.1018298722)))"
80,Triengen,Flugfeld,LSPN,Trie,LU,3,"MULTIPOLYGON (((2648275.163259236 1231008.0794683313, 2648278.063176728 1231018.579453264, 2648353.662375572 1231057.8782544709, 2648444.36248449 1230923.8761801992, 2648454.862434899 1230919.075977133, 2648465.662344946 1230920.6757913542, 2648543.861519205 1230960.8745491437, 2648553.1615533563 1230943.7743230977, 2648579.061641589 1230897.5736978387, 2648591.7616817933 1230875.5733931493, 2648604.361838447 1230834.7730220004, 2648648.2628612933 1230616.6714487462, 2648579.363340677 1230618.4726878067, 2648509.063835808 1230619.3739483848, 2648395.163557143 1230804.1766325773, 2648275.163259236 1231008.0794683313)))"
86,Buochs,Zivil mitbenützter Militärflugplatz,LSZC,Buoc,NW,5,"MULTIPOLYGON (((2674249.548655027 1203280.062589461, 2674288.1205412676 1203195.5889429706, 2674017.85253484 1203026.1568894568, 2673980.745468224 1203112.0954382005, 2674180.944549221 1203257.6022373652, 2674249.548655027 1203280.062589461)), ((2671497.23852686 1203153.141238021, 2671554.8400173006 1203219.0417555433, 2671670.04097166 1203264.2411235992, 2671809.9412361076 1203280.7396154553, 2671875.7408084353 1203264.238433558, 2671953.9408044745 1203264.2373964079, 2672097.8421219215 1203313.6364019627, 2672271.8446457866 1203404.6357576451, 2672525.2503060177 1203595.9358361033, 2672644.2520188172 1203647.7351652016, 2672721.8475315385 1203482.2310958903, 2673688.9678866575 1203994.2233276006, 2673813.3633119212 1203827.818746784, 2674027.2612452926 1203716.7131585362, 2674023.161489293 1203725.0133463955, 2674232.966280607 1203823.710642137, 2674242.461295708 1203673.508575804, 2674506.170687807 1203839.0072042644, 2674601.969100573 1203742.605032756, 2674664.167441595 1203661.7033935806, 2674450.0590197835 1203526.4039113428, 2674412.5600742614 1203576.8049185711, 2674340.4569087527 1203521.5049746672, 2674316.7562816637 1203510.7051931557, 2674283.2576711127 1203558.0063835736, 2674249.6569578587 1203543.206808982, 2674298.054426237 1203459.3048943477, 2674211.152580739 1203419.9059430007, 2674211.1510593994 1203374.5053667785, 2674183.5503063523 1203356.7056223098, 2674159.6498708026 1203347.7059233363, 2673916.5426230645 1203166.607661563, 2673570.034154106 1202882.208574936, 2673244.13187342 1202561.505695719, 2673208.5319184517 1202559.3059854931, 2673143.4319357406 1202539.5061468598, 2673132.5320636733 1202565.206845929, 2673052.232042332 1202536.1070017733, 2672789.031606494 1202338.6056906253, 2672616.2316738544 1202244.0056168113, 2672505.1318147057 1202186.4056277634, 2672394.032063055 1202153.5062305308, 2672167.832695028 1202149.408993558, 2672085.5328974687 1202182.3108497534, 2672023.833048713 1202198.7120382506, 2671941.533295917 1202174.0124685727, 2671829.4332633438 1202416.4199216939, 2671622.733949632 1202327.8203004904, 2671564.533927747 1202456.524239538, 2671765.7332384223 1202547.6239929162, 2671735.833232116 1202610.125925224, 2671727.6330784205 1202733.5291036118, 2671756.432897668 1202803.5304853246, 2671649.4332466456 1202951.635467823, 2671563.13330482 1202898.1352820601, 2671443.8377532866 1203116.1412123751, 2671497.23852686 1203153.141238021)))"
81,Trogen,Heliport,LSXT,Trog,AR,4,"MULTIPOLYGON (((2753591.7481510914 1252879.302996697, 2753591.7481510914 1252879.302996697, 2753591.717253595 1252877.5500522682, 2753591.6246113162 1252875.799267857, 2753591.470338398 1252874.05280042, 2753591.2546249116 1252872.3128015904, 2753590.9777366235 1252870.5814150227, 2753590.6400146657 1252868.8607738088, 2753590.241875117 1252867.1529977378, 2753589.783808493 1252865.4601907954, 2753589.266379134 1252863.7844384972, 2753588.6902245185 1252862.1278053618, 2753588.0560544715 1252860.4923323744, 2753587.364650295 1252858.8800344083, 2753586.61685303 1252857.2928985127, 2753585.8135891566 1252855.7328796943, 2753584.955852756 1252854.201899602, 2753584.044700555 1252852.701844386, 2753583.081255092 1252851.234562116, 2753582.066703327 1252849.8018604657, 2753581.002295184 1252848.4055045303, 2753579.8893420096 1252847.0472146051, 2753578.7292149574 1252845.728664094, 2753577.523343298 1252844.4514774485, 2753576.2732126615 1252843.2172281593, 2753574.980363201 1252842.0274368199, 2753573.6463877023 1252840.8835692243, 2753572.2729296144 1252839.7870346413, 2753570.8616810334 1252838.739183985, 2753569.4143806086 1252837.741308202, 2753567.9328114064 1252836.794636678, 2753566.418798713 1252835.9003356989, 2753564.8742077835 1252835.059507044, 2753563.3009415455 1252834.273186608, 2753561.700938253 1252833.5423431434, 2753560.076169103 1252832.8678770475, 2753558.4286358 1252832.2506192515, 2753556.760368096 1252831.6913302196, 2753555.0734212883 1252831.190698992, 2753553.369873684 1252830.7493423477, 2753551.651824044 1252830.3678040444, 2753549.9213889968 1252830.046554125, 2753548.180700426 1252829.7859883779, 2753546.431902851 1252829.5864278185, 2753544.6771507794 1252829.4481182985, 2753542.918606055 1252829.3712302279, 2753541.1584351948 1252829.355858333, 2753539.3988067186 1252829.4020215385, 2753537.641888478 1252829.5096630033, 2753535.889844986 1252829.6786500814, 2753534.144834751 1252829.90877459, 2753532.4090076126 1252830.199753047, 2753530.6845021015 1252830.5512269395, 2753528.973442798 1252830.9627632562, 2753527.277937717 1252831.4338550002, 2753525.6000757106 1252831.9639217884, 2753523.9419238963 1252832.5523105843, 2753522.3055251064 1252833.1982964796, 2753520.6928953757 1252833.9010836417, 2753519.1060214555 1252834.659806232, 2753517.5468583647 1252835.4735295137, 2753516.017326984 1252836.3412509845, 2753514.519311689 1252837.2619016194, 2753513.0546580255 1252838.2343471637, 2753511.625170439 1252839.2573895892, 2753510.2326100515 1252840.3297685126, 2753508.8786924905 1252841.4501627493, 2753507.5650857766 1252842.6171920008, 2753506.2934082663 1252843.829418473, 2753505.0652266596 1252845.0853487232, 2753503.8820540723 1252846.3834354517, 2753502.745348167 1252847.7220794107, 2753501.656509361 1252849.0996314036, 2753500.6168790995 1252850.5143942903, 2753499.627738203 1252851.964625093, 2753498.690305289 1252853.448537128, 2753497.8057352724 1252854.9643022195, 2753496.97511794 1252856.5100529615, 2753496.199476611 1252858.0838849868, 2753495.4797668722 1252859.6838593308, 2753494.8168754056 1252861.3080048596, 2753494.211618891 1252862.9543206072, 2753493.664743005 1252864.6207783238, 2753493.176921497 1252866.3053249535, 2753492.7487553633 1252868.0058851244, 2753492.380772105 1252869.7203637636, 2753492.073425078 1252871.4466486354, 2753491.8270929344 1252873.1826129598, 2753491.642079157 1252874.9261180435, 2753491.5186116844 1252876.6750158863, 2753491.4568426297 1252878.4271518535, 2753491.456848095 1252880.1803673287, 2753491.518628076 1252881.9325023473, 2753491.6421064627 1252883.6813982998, 2753491.827131132 1252885.4249005252, 2753492.0734741376 1252887.160861061, 2753492.3808319867 1252888.88714121, 2753492.7488260195 1252890.6016141835, 2753493.1770028714 1252892.3021677674, 2753493.664835031 1252893.9867068918, 2753494.2117214953 1252895.6531562032, 2753494.816988503 1252897.2994626374, 2753495.4798903707 1252898.9235979596, 2753496.199610407 1252900.5235612434, 2753496.9752619225 1252902.0973813364, 2753497.8058893187 1252903.6431192986, 2753498.6904692687 1252905.1588707967, 2753499.6279119747 1252906.642768408, 2753500.617062512 1252908.092983997, 2753501.656702253 1252909.5077308908, 2753502.7455503675 1252910.885266151, 2753503.8822653987 1252912.2238926266, 2753505.065446921 1252913.5219611654, 2753506.2936372585 1252914.7778725328, 2753507.565323287 1252915.990079472, 2753508.8789382954 1252917.1570885237, 2753510.2328639156 1252918.2774619604, 2753511.625432116 1252919.349819479, 2753513.0549272597 1252920.3728399377, 2753514.5195882125 1252921.3452629875, 2753516.01761052 1252922.2658905955, 2753517.5471486226 1252923.1335885716, 2753519.1063181357 1252923.9472879067, 2753520.6931981687 1252924.7059861205, 2753522.305833691 1252925.4087485191, 2753523.9422379406 1252926.054709287, 2753525.6003948734 1252926.6430726275, 2753527.278261646 1252927.1731136509, 2753528.973771132 1252927.6441793684, 2753530.6848344705 1252928.0556894285, 2753532.4093436357 1252928.4071368491, 2753534.145174038 1252928.6980886585, 2753535.8901871415 1252928.9281864036, 2753537.6422330937 1252929.0971465975, 2753539.3991533816 1252929.2047610998, 2753541.1587834843 1252929.2508973237, 2753542.918955542 1252929.23549843, 2753544.6775010307 1252929.1585833929, 2753546.432253427 1252929.0202469677, 2753548.1810508817 1252928.8206595932, 2753549.921738881 1252928.5600671577, 2753551.6521729054 1252928.238790713, 2753553.3702210635 1252927.857226078, 2753555.073766728 1252927.4158433229, 2753556.7607111344 1252926.9151862538, 2753558.428975974 1252926.3558716553, 2753560.076505951 1252925.7385886202, 2753561.701271313 1252925.0640976303, 2753563.301270356 1252924.333229652, 2753564.8745318865 1252923.5468851263, 2753566.419117653 1252922.7060328133, 2753567.933124731 1252921.8117086496, 2753569.414687869 1252920.8650144346, 2753570.8619817887 1252919.8671164915, 2753572.2732234295 1252918.8192442367, 2753573.6466741473 1252917.7226886267, 2753574.980641857 1252916.5788006256, 2753576.2734831157 1252915.388989489, 2753577.5236051497 1252914.1547210645, 2753578.729467814 1252912.8775159735, 2753579.8895854917 1252911.558947709, 2753581.0025289236 1252910.2006407583, 2753582.0669269697 1252908.8042685303, 2753583.0814682967 1252907.3715513614, 2753584.044902995 1252905.9042543496, 2753584.9560441193 1252904.4041852073, 2753585.8137691496 1252902.873191987, 2753586.6170105212 1252901.3131615545, 2753587.3647872065 1252899.7260153417, 2753588.056181231 1252898.1137084805, 2753588.690340806 1252896.4782273353, 2753589.2664846564 1252894.8215867952, 2753589.7839029813 1252893.1458278561, 2753590.2419583322 1252891.453015019, 2753590.640086394 1252889.7452338235, 2753590.9777966808 1252888.0245882638, 2753591.2546731443 1252886.2931981436, 2753591.4703746815 1252884.5531965438, 2753591.6246355576 1252882.8067271153, 2753591.717265731 1252881.0559415189, 2753591.7481510914 1252879.302996697)))"
82,Würenlingen,Heliport,LSXW,Würe,AG,4,"MULTIPOLYGON (((2660747.657497898 1265478.4269308837, 2660747.657497898 1265478.4269308837, 2660747.6265948764 1265476.6721882906, 2660747.534005696 1265474.9196086274, 2660747.379844426 1265473.1713510628, 2660747.1643009945 1265471.429569442, 2660746.88764095 1265469.6964096245, 2660746.5502051366 1265467.9740068635, 2660746.1524092746 1265466.2644831438, 2660745.694743448 1265464.5699446057, 2660745.1777714984 1265462.8924788954, 2660744.602130335 1265461.2341526551, 2660743.968529144 1265459.5970089224, 2660743.27774852 1265457.98306467, 2660742.5306395027 1265456.3943082576, 2660741.7281225272 1265454.8326970236, 2660740.8711862913 1265453.300154874, 2660739.9608865366 1265451.7985698895, 2660738.998344748 1265450.3297920243, 2660737.9847467733 1265448.8956307932, 2660736.9213413605 1265447.4978530805, 2660735.809438621 1265446.1381809511, 2660734.6504084137 1265444.8182895004, 2660733.445678658 1265443.539804834, 2660732.1967335762 1265442.304302048, 2660730.9051118623 1265441.1133032707, 2660729.572404788 1265439.9682757894, 2660728.2002542433 1265438.8706303067, 2660726.79035071 1265437.8217190872, 2660725.3444311833 1265436.8228343942, 2660723.8642770285 1265435.8752068605, 2660722.3517117887 1265434.980003941, 2660720.8085989365 1265434.138328524, 2660719.2368395803 1265433.3512175686, 2660717.63837012 1265432.6196407685, 2660716.015159861 1265431.9444994363, 2660714.3692085915 1265431.326625338, 2660712.702544114 1265430.766779682, 2660711.017219752 1265430.2656522193, 2660709.315311817 1265429.8238603163, 2660707.59891705 1265429.4419482646, 2660705.8701500413 1265429.120386573, 2660704.1311406232 1265428.8595714127, 2660702.3840312464 1265428.659824095, 2660700.6309743416 1265428.52139072, 2660698.874129665 1265428.4444418307, 2660697.115661642 1265428.4290722192, 2660695.357736695 1265428.4753008399, 2660693.6025205785 1265428.583070733, 2660691.8521757117 1265428.752249104, 2660690.108858509 1265428.982627545, 2660688.3747167294 1265429.2739222303, 2660686.6518868264 1265429.6257742934, 2660684.942491318 1265430.0377502327, 2660683.2486361717 1265430.5093425065, 2660681.572408207 1265431.0399701232, 2660679.91587253 1265431.6289793344, 2660678.2810699837 1265432.2756445028, 2660676.670014637 1265432.9791689229, 2660675.084691302 1265433.7386858638, 2660673.52705309 1265434.553259597, 2660671.9990190025 1265435.4218865838, 2660670.502471571 1265436.3434966689, 2660669.0392545345 1265437.3169544332, 2660667.6111705694 1265438.3410605881, 2660666.2199790683 1265439.4145534383, 2660664.867393973 1265440.5361104368, 2660663.555081661 1265441.7043498398, 2660662.284658896 1265442.9178323816, 2660661.0576908323 1265444.1750630408, 2660659.875689089 1265445.474492942, 2660658.740109887 1265446.8145211714, 2660657.652352255 1265448.1934968305, 2660656.6137563046 1265449.609721034, 2660655.6256015827 1265451.061448981, 2660654.6891054916 1265452.546892167, 2660653.8054217896 1265454.0642205286, 2660652.975639172 1265455.611564715, 2660652.200779927 1265457.187018413, 2660651.4817986777 1265458.7886406844, 2660650.819581208 1265460.4144583142, 2660650.214943365 1265462.0624683164, 2660649.668630062 1265463.730640353, 2660649.181314355 1265465.4169192328, 2660648.753596614 1265467.1192274767, 2660648.386003787 1265468.835467836, 2660648.078988747 1265470.563525934, 2660647.8329297355 1265472.3012727972, 2660647.648129897 1265474.0465675346, 2660647.5248169056 1265475.7972599394, 2660647.463142682 1265477.5511931845, 2660647.463183209 1265479.3062064182, 2660647.5249384376 1265481.0601374859, 2660647.6483322876 1265482.8108255405, 2660647.8332127375 1265484.5561137474, 2660648.079352017 1265486.293851923, 2660648.3864468834 1265488.021899179, 2660648.754118999 1265489.7381265685, 2660649.181915394 1265491.4404197112, 2660649.669309025 1265493.1266813837, 2660650.215699427 1265494.7948341274, 2660650.8204134484 1265496.4428227828, 2660651.4827060862 1265498.0686170303, 2660652.2017614 1265499.6702139159, 2660652.9766935157 1265501.24564026, 2660653.8065477223 1265502.7929551676, 2660654.6903016428 1265504.3102523177, 2660655.626866497 1265505.7956624369, 2660656.615088442 1265507.2473555012, 2660657.6537499926 1265508.6635430288, 2660658.7415715237 1265510.0424802892, 2660659.877212843 1265511.3824684278, 2660661.059274846 1265512.681856593, 2660662.2863012394 1265513.9390439345, 2660663.5567803304 1265515.1524816277, 2660664.869146895 1265516.3206746923, 2660666.221784105 1265517.442183933, 2660667.613025516 1265518.515627665, 2660669.0411571246 1265519.5396834074, 2660670.50441948 1265520.513089508, 2660672.001009849 1265521.4346467573, 2660673.5290844385 1265522.3032197875, 2660675.086760668 1265523.1177385347, 2660676.6721194866 1265523.877199502, 2660678.2832077392 1265524.5806670336, 2660679.918040572 1265525.2272744777, 2660681.574603878 1265525.8162252044, 2660683.250856779 1265526.346793628, 2660684.9447341366 1265526.818326101, 2660686.654149103 1265527.2302416859, 2660688.376995686 1265527.5820329143, 2660690.111151345 1265527.8732663677, 2660691.8544796077 1265528.1035832572, 2660693.6048327014 1265528.27269983, 2660695.3600541987 1265528.3804077394, 2660697.1179816737 1265528.4265742842, 2660698.876449367 1265528.4111425863, 2660700.6332908547 1265528.334131666, 2660702.3863417143 1265528.195636383, 2660704.133442195 1265527.9958273896, 2660705.8724398767 1265527.73495081, 2660707.601192321 1265527.4133280744, 2660709.3175697126 1265527.031355418, 2660711.0194574823 1265526.589503419, 2660712.7047589105 1265526.0883164338, 2660714.3713977137 1265525.5284119293, 2660716.0173206 1265524.910479719, 2660717.640499799 1265524.2352810584, 2660719.2389355614 1265523.5036478147, 2660720.8106586216 1265522.7164813492, 2660722.3537326227 1265521.8747514538, 2660723.866256505 1265520.9794951188, 2660725.3463668455 1265520.0318153107, 2660726.7922401545 1265519.0328795642, 2660728.2020951235 1265517.983918558, 2660729.5741948155 1265516.8862246154, 2660730.906848812 1265515.7411500737, 2660732.1984152887 1265514.550105685, 2660733.4473030414 1265513.3145587915, 2660734.651973446 1265512.0360315796, 2660735.8109423537 1265510.7160991975, 2660736.9227819215 1265509.3563878036, 2660737.9861223674 1265507.95857254, 2660738.999653662 1265506.524375518, 2660739.962127139 1265505.0555636531, 2660740.8723570355 1265503.5539465218, 2660741.729221953 1265502.0213741132, 2660742.531666239 1265500.4597345418, 2660743.2787012854 1265498.870951739, 2660743.969406749 1265497.2569830965, 2660744.6029316853 1265495.6198169917, 2660745.178495594 1265493.9614704195, 2660745.695389384 1265492.283986458, 2660746.152976245 1265490.5894317538, 2660746.550692433 1265488.8798939902, 2660746.888047964 1265487.15747931, 2660747.1646272177 1265485.4243097212, 2660747.380089451 1265483.6825204932, 2660747.5341692157 1265481.934257481, 2660747.626676688 1265480.1816745573, 2660747.657497898 1265478.4269308837)))"
84,Zermatt,Heliport,LSEZ,Zerm,VS,4,"MULTIPOLYGON (((2624398.3682880867 1097573.990306482, 2624387.4681185163 1097561.0895097782, 2624373.6680133147 1097547.2886859467, 2624356.4680788363 1097534.8880160034, 2624341.6684497995 1097532.4880686782, 2624326.9690800454 1097537.2886743168, 2624330.2695468212 1097552.9898324914, 2624322.1699474254 1097557.290297825, 2624325.570858342 1097585.3924122483, 2624341.670299422 1097582.991952886, 2624346.1707670796 1097599.2931284474, 2624398.3689287053 1097590.5915639733, 2624398.3682880867 1097573.990306482)))"
35,Payerne,Zivil mitbenützter Militärflugplatz,LSMP,Paye,VD,5,"MULTIPOLYGON (((2561330.0746543314 1189035.6544900008, 2560172.935249801 1188019.4606460317, 2560205.0365168336 1188049.4605566722, 2560205.0365168336 1188049.4605566722, 2559713.120972167 1187618.4623349463, 2559674.0211299793 1187646.9636286558, 2559366.207063326 1187371.161887583, 2559297.0042902543 1187376.4625791651, 2558843.367648941 1186989.355581761, 2558743.6665384076 1187096.1584448745, 2560411.8510694206 1188559.7647387097, 2560341.7521353285 1188635.6673304902, 2560433.7546822294 1188716.0667193322, 2560501.5536136557 1188640.264179487, 2561295.7817391506 1189372.3598381989, 2561330.0746543314 1189035.6544900008)))"
87,Zweisimmen,Flugfeld,LSTZ,Zwei,BE,3,"MULTIPOLYGON (((2595384.7293340843 1155998.589147788, 2595446.230115745 1155998.5889419902, 2595445.429475938 1155947.289816226, 2595427.4292528103 1155948.0898715225, 2595426.629348757 1155956.6897269366, 2595384.7287868275 1155954.989913719, 2595384.7293340843 1155998.589147788)), ((2595497.2305279933 1155978.9890946285, 2595568.6315424736 1155987.5887063146, 2595573.5311422003 1155947.9893139002, 2595622.531824365 1155952.189062001, 2595632.9314656467 1155908.9896794339, 2595642.231064573 1155862.9903356927, 2595672.2304781745 1155775.191498556, 2595670.529938921 1155729.2921892242, 2595661.7295240853 1155703.3926278776, 2595646.6288135797 1155659.4933824774, 2595641.328055653 1155599.4943245775, 2595652.8276330912 1155547.3950244652, 2595677.5271777837 1155474.1959172662, 2595697.0269815596 1155439.9960799776, 2595705.826755951 1155415.8962165543, 2595715.5264793127 1155386.7964064723, 2595711.9260375565 1155348.7970568556, 2595635.223452633 1155205.0000907518, 2595615.72233126 1155137.001047461, 2595568.122221666 1155194.4008807456, 2595593.6229164326 1155217.400370131, 2595578.4241916 1155346.498750573, 2595495.622786023 1155337.699686752, 2595486.7225674554 1155331.1998803457, 2595461.021901271 1155309.8004897959, 2595421.1218512594 1155356.900074141, 2595441.122408755 1155376.799546331, 2595450.524691754 1155551.2965041804, 2595419.7242148793 1155549.496769372, 2595416.3246855848 1155591.4960703054, 2595477.0256114895 1155594.895575281, 2595480.824901639 1155531.6966000749, 2595471.322889556 1155377.6992515004, 2595471.922794426 1155369.0993898173, 2595481.9228656674 1155362.0994128939, 2595574.4244872755 1155377.1983051375, 2595497.2305279933 1155978.9890946285)))"
18,Collombey-Muraz,Heliport,LSEC,Collo,VS,4,"MULTIPOLYGON (((2563124.6325255483 1124230.3690152725, 2563124.6325255483 1124230.3690152725, 2563124.6016174383 1124228.6160220657, 2563124.508960912 1124226.865187888, 2563124.3546701223 1124225.1186697653, 2563124.138935155 1124223.3786194, 2563123.862021793 1124221.6471805186, 2563123.524271195 1124219.926486258, 2563123.1260994654 1124218.218656495, 2563122.6679971516 1124216.52579527, 2563122.150528634 1124214.8499881916, 2563121.57433143 1124213.1932998276, 2563120.9401154127 1124211.5577712297, 2563120.2486619335 1124209.945417352, 2563119.5008228594 1124208.3582246096, 2563118.697519525 1124206.798148419, 2563117.8397415965 1124205.267110781, 2563116.9285458527 1124203.7669979287, 2563115.9650548813 1124202.2996580007, 2563114.9504557 1124200.866898741, 2563113.88599829 1124199.4704853117, 2563112.7729940573 1124198.1121380883, 2563111.6128142187 1124196.7935305408, 2563110.40688811 1124195.5162872036, 2563109.156701427 1124194.2819816181, 2563107.863794394 1124193.0921344496, 2563106.529759866 1124191.9482115852, 2563105.156241367 1124190.8516223277, 2563103.744931067 1124189.8037176724, 2563102.2975676926 1124188.8057886353, 2563100.8159343884 1124187.8590646558, 2563099.301856521 1124186.9647121064, 2563097.757199426 1124186.1238328004, 2563096.1838661158 1124185.337462721, 2563094.5837949277 1124184.6065706583, 2563092.9589571427 1124183.9320570794, 2563091.3113545533 1124183.3147529764, 2563089.6430169987 1124182.7554188517, 2563087.9559998633 1124182.2547438156, 2563086.252381543 1124181.8133446993, 2563084.534260889 1124181.4317653012, 2563082.803754618 1124181.1104757173, 2563081.0629947046 1124180.8498717905, 2563079.3141257577 1124180.650274572, 2563077.5593023757 1124180.5119299581, 2563075.800686493 1124180.4350084027, 2563074.0404447163 1124180.41960467, 2563072.280745655 1124180.465737733, 2563070.5237572496 1124180.5733507508, 2563068.771644103 1124180.7423111543, 2563067.026564809 1124180.972410775, 2563065.2906692987 1124181.2633661442, 2563063.566096186 1124181.6148187881, 2563061.8549701385 1124182.0263357265, 2563060.1593992542 1124182.4974099824, 2563058.4814724694 1124183.0274611784, 2563056.8232569816 1124183.6158363076, 2563055.186795704 1124184.2618104871, 2563053.574104751 1124184.964587874, 2563051.987170949 1124185.7233026552, 2563050.427949394 1124186.537020102, 2563048.8983610393 1124187.4047377065, 2563047.400290331 1124188.3253864592, 2563045.9355828846 1124189.297832113, 2563044.5060432134 1124190.3208766277, 2563043.1134325033 1124191.3932596107, 2563041.759466445 1124192.5136598886, 2563040.445813118 1124193.6806971435, 2563039.174090937 1124194.8929335866, 2563037.945866658 1124196.1488757452, 2563036.7626534477 1124197.4469763052, 2563035.6259090193 1124198.7856360062, 2563034.5370338364 1124200.163205646, 2563033.4973693886 1124201.577988049, 2563032.508196538 1124203.0282402039, 2563031.57073394 1124204.5121754226, 2563030.686136545 1124206.0279654982, 2563029.8554941732 1124207.573742982, 2563029.0798301715 1124209.1476034892, 2563028.3601001548 1124210.747608027, 2563027.6971908268 1124212.3717853893, 2563027.091918889 1124214.0181346044, 2563026.5450300337 1124215.6846273826, 2563026.0571980258 1124217.3692106176, 2563025.6290238714 1124219.069808894, 2563025.2610350796 1124220.7843270975, 2563024.9536850112 1124222.5106529335, 2563024.7073523197 1124224.2466595927, 2563024.522340486 1124225.9902083194, 2563024.398877443 1124227.7391510662, 2563024.337115298 1124229.4913331405, 2563024.337130141 1124231.2445958727, 2563024.398921954 1124232.9967792488, 2563024.5224146093 1124234.7457245807, 2563024.7074559657 1124236.4892771828, 2563024.953818052 1124238.2252890011, 2563025.261197352 1124239.9516212838, 2563025.6292151753 1124241.6661471978, 2563026.0574181257 1124243.366754441, 2563026.5452786596 1124245.051347893, 2563027.092195735 1124246.717852136, 2563027.6974955527 1124248.364214044, 2563028.3604323855 1124249.988405296, 2563029.080189499 1124251.5884249117, 2563029.8558801557 1124253.1623016694, 2563030.6865487085 1124254.7080965533, 2563031.571171777 1124256.2239051685, 2563032.508659509 1124257.7078600265, 2563033.4978569257 1124259.1581329126, 2563034.53754534 1124260.572937099, 2563035.6264438597 1124261.9505295465, 2563036.7632109676 1124263.2892130718, 2563037.946446172 1124264.58733842, 2563039.1746917316 1124265.8433063228, 2563040.446434454 1124267.0555694073, 2563041.7601075587 1124268.222634181, 2563043.1140926057 1124269.343062831, 2563044.506721492 1124270.4154749955, 2563045.9362785053 1124271.438549463, 2563047.401002438 1124272.4110258091, 2563048.8990887566 1124273.3317059476, 2563050.428691826 1124274.1994556081, 2563051.987927181 1124275.0132057248, 2563053.5748738525 1124275.7719537595, 2563055.1875767293 1124276.474764943, 2563056.824048968 1124277.1207734048, 2563058.482274443 1124277.7091832773, 2563060.1602102276 1124278.2392696321, 2563061.855789113 1124278.7103794098, 2563063.5669221533 1124279.1219322118, 2563065.2915012413 1124279.473420996, 2563067.0274017025 1124279.7644127312, 2563068.7724849163 1124279.9945489222, 2563070.5246009477 1124280.1635460348, 2563072.2815911984 1124280.271195871, 2563074.041291064 1124280.3173658024, 2563075.801532602 1124280.301998945, 2563077.5601472035 1124280.2251142312, 2563079.3149682633 1124280.0868064046, 2563081.0638338495 1124279.8872458197, 2563082.804589368 1124279.626678368, 2563084.535090216 1124279.3054250446, 2563086.2532044244 1124278.9238816479, 2563087.9568152847 1124278.4825182273, 2563089.643823955 1124277.9818785435, 2563091.3121520495 1124277.422579379, 2563092.959744196 1124276.8053097995, 2563094.5845705676 1124276.1308302614, 2563096.1846293854 1124275.3999717275, 2563097.757949385 1124274.6136346138, 2563099.302592243 1124273.7727876727, 2563100.8166549676 1124272.8784668474, 2563102.298272239 1124271.931773912, 2563103.745618712 1124270.9338752031, 2563105.156911263 1124269.8860001268, 2563106.530411185 1124268.7894396477, 2563107.8644263335 1124267.6455447325, 2563109.1573132076 1124266.4557246529, 2563110.4074789765 1124265.2214452703, 2563111.613383442 1124263.9442271949, 2563112.773540935 1124262.6256439616, 2563113.8865221464 1124261.267320053, 2563114.95095589 1124259.8709289334, 2563115.9655307867 1124258.4381909338, 2563116.928996886 1124256.9708711933, 2563117.840167202 1124255.470777436, 2563118.697919177 1124253.939757774, 2563119.5011960636 1124252.3796984106, 2563120.24900823 1124250.7925213345, 2563120.9404343744 1124249.1801819454, 2563121.574622662 1124247.544666638, 2563122.1507917773 1124245.8879903494, 2563122.668231882 1124244.212194113, 2563123.126305492 1124242.5193424867, 2563123.5244482635 1124240.811521068, 2563123.8621696862 1124239.0908338788, 2563124.1390536884 1124237.359400805, 2563124.354759151 1124235.619354958, 2563124.5090203257 1124233.872840062, 2563124.6016471633 1124232.1220078338, 2563124.6325255483 1124230.3690152725)))"
88,Blumenstein,Winterflugfeld,LSWB,Blum,BE,3,"MULTIPOLYGON (((2633443.7138161734 1156893.5749909284, 2633443.6137040188 1156890.4749460982, 2633443.313580404 1156887.2749105257, 2633442.813452321 1156884.174887471, 2633442.113319767 1156881.1748769113, 2633441.313179764 1156878.0748701976, 2633440.2130348175 1156875.1748830772, 2633438.9128819504 1156872.2749068434, 2633437.512728612 1156869.4749376734, 2633435.912570843 1156866.7749810412, 2633434.2124126283 1156864.1750314885, 2633432.2122460003 1156861.6750998986, 2633430.1120824185 1156859.3751770083, 2633427.911918386 1156857.1752612037, 2633425.6117539024 1156855.0753524676, 2633423.1115850015 1156853.0754562705, 2633420.5114226136 1156851.3755703848, 2633417.8112597703 1156849.7756915747, 2633415.0110999485 1156848.3758214638, 2633412.110939666 1156847.07595843, 2633409.210786359 1156845.9760986308, 2633406.110635571 1156845.176254597, 2633403.11049224 1156844.4764067382, 2633400.010351902 1156843.9765675552, 2633396.810214557 1156843.676737071, 2633393.710088113 1156843.57690436, 2633390.609968599 1156843.6770748796, 2633387.4098520544 1156843.9772540806, 2633384.3097463865 1156844.4774310621, 2633381.3096515494 1156845.1776057992, 2633378.309558789 1156845.9777818113, 2633375.3094763397 1156847.0779626505, 2633372.4094047532 1156848.3781412623, 2633369.6093405723 1156849.7783160172, 2633366.909287235 1156851.3784885502, 2633364.3092412706 1156853.0786572385, 2633361.8092095912 1156855.0788252698, 2633359.5091893035 1156857.1789840478, 2633357.30917639 1156859.3791389582, 2633355.20917086 1156861.6792900306, 2633353.309180171 1156864.1794334145, 2633351.50919687 1156866.779572963, 2633349.909224982 1156869.4797032084, 2633348.5092645176 1156872.2798241952, 2633347.2093114615 1156875.1799413394, 2633346.109366427 1156878.080047609, 2633345.3094403385 1156881.180140785, 2633344.6095148306 1156884.1802269157, 2633344.109600824 1156887.2803037784, 2633343.8096983256 1156890.4803713972, 2633343.709800503 1156893.580426563, 2633343.809910815 1156896.6804708894, 2633344.110032689 1156899.880505953, 2633344.6101592924 1156902.9805285977, 2633345.3102906523 1156905.980538799, 2633346.1104261237 1156908.9805435746, 2633347.210573874 1156911.9805321174, 2633348.5107264277 1156914.8805082396, 2633349.910879707 1156917.68047734, 2633351.5110377893 1156920.3804340377, 2633353.311200704 1156922.9803783062, 2633355.211364364 1156925.4803155751, 2633357.3115294278 1156927.7802388298, 2633359.5116952294 1156929.9801550836, 2633361.8118617693 1156932.080064331, 2633364.3120297217 1156933.9799595654, 2633366.912198409 1156935.7798478007, 2633369.6123643834 1156937.3797274164, 2633372.4125276348 1156938.7795984207, 2633375.3126916103 1156940.0794624186, 2633378.3128528423 1156941.179317808, 2633381.313003309 1156941.9791682546, 2633384.31314784 1156942.6790164632, 2633387.4132894683 1156943.1788560236, 2633390.6134281857 1156943.4786869024, 2633393.7135559646 1156943.5785200028, 2633396.8136768118 1156943.4783498598, 2633400.013794714 1156943.1781710533, 2633403.113901663 1156942.6779944515, 2633406.113997632 1156941.9778200397, 2633409.1140901153 1156941.1776440048, 2633412.1141721513 1156940.0774631223, 2633415.014243186 1156938.777284421, 2633417.814306714 1156937.3771095322, 2633420.5143592325 1156935.776936818, 2633423.1144007556 1156933.9767663097, 2633425.614434744 1156932.0765995947, 2633427.914453722 1156929.9764405042, 2633430.114465164 1156927.7762852274, 2633432.2144690896 1156925.4761337636, 2633434.1144579854 1156922.9759898984, 2633435.914439366 1156920.3758498675, 2633437.5144092203 1156917.6757190628, 2633438.9143675514 1156914.8755975123, 2633440.214318367 1156911.9754797714, 2633441.31425767 1156908.9753712753, 2633442.1141849686 1156905.9752790947, 2633442.814108249 1156902.975192364, 2633443.3140200474 1156899.8751148828, 2633443.6139203617 1156896.6750466416, 2633443.7138161734 1156893.5749909284)))"
90,Männlichen,Winterflugfeld,LSWM,Männ,BE,3,"MULTIPOLYGON (((2638649.8995944336 1162298.625422351, 2638649.7995901294 1162295.5253508738, 2638649.4995844327 1162292.3252769983, 2638648.99957763 1162289.225205239, 2638648.2995697632 1162286.2251355145, 2638647.499561274 1162283.1250631653, 2638646.3995512747 1162280.22499497, 2638645.0995402224 1162277.3249262178, 2638643.69952887 1162274.5248593038, 2638642.09951662 1162271.8247940661, 2638640.399504101 1162269.2247306097, 2638638.3994901483 1162266.7246685938, 2638636.2994760377 1162264.424610641, 2638634.099461675 1162262.2245544186, 2638631.79944706 1162260.1244999063, 2638629.2994316453 1162258.1244469332, 2638626.6994160833 1162256.4244005117, 2638623.9994002595 1162254.824355866, 2638621.1993841813 1162253.4243154645, 2638618.2993677882 1162252.124276913, 2638615.399351646 1162251.0242429448, 2638612.2993346434 1162250.224215681, 2638609.2993183234 1162249.5241909258, 2638606.19930157 1162249.0241707752, 2638602.9992843503 1162248.724155329, 2638599.8992677024 1162248.6241451553, 2638596.7992510255 1162248.7241401086, 2638593.59923374 1162249.024140037, 2638590.499216874 1162249.5241455496, 2638587.4992003855 1162250.224156682, 2638584.4991837414 1162251.0241706965, 2638581.499166801 1162252.1241929259, 2638578.5991501138 1162253.4242210388, 2638575.7991337134 1162254.8242524415, 2638573.099117516 1162256.4242898494, 2638570.499101584 1162258.1243305965, 2638567.9990857155 1162260.124380156, 2638565.699070645 1162262.224433311, 2638563.499055815 1162264.4244898479, 2638561.3990412145 1162266.7245498067, 2638559.4990273234 1162269.2246160542, 2638557.6990136714 1162271.8246856786, 2638556.0990008847 1162274.5247587797, 2638554.698988972 1162277.3248353167, 2638553.3989773532 1162280.2249151089, 2638552.298966798 1162283.1249954186, 2638551.4989577318 1162286.2250818224, 2638550.79894931 1162289.2251657047, 2638550.2989419517 1162292.325252646, 2638549.99893569 1162295.525342548, 2638549.8989308565 1162298.625429715, 2638549.998927356 1162301.7255168508, 2638550.2989251055 1162304.9256066796, 2638550.798924414 1162308.02569348, 2638551.4989253255 1162311.0257771653, 2638552.2989270547 1162314.0258605564, 2638553.398931037 1162317.025943379, 2638554.6989367562 1162319.9260228262, 2638556.098943505 1162322.7260989896, 2638557.69895204 1162325.4261716863, 2638559.4989623814 1162328.0262408648, 2638561.3989738026 1162330.5263066383, 2638563.498987171 1162332.826366083, 2638565.6990016364 1162335.0264221057, 2638567.9990171986 1162337.1264747258, 2638570.4990346963 1162339.0265210124, 2638573.0990532814 1162340.8265639017, 2638575.7990730125 1162342.4266007205, 2638578.599093861 1162343.8266315658, 2638581.4991157325 1162345.1266591062, 2638584.499138679 1162346.226680761, 2638587.4991618968 1162347.026694212, 2638590.4991852706 1162347.7267048429, 2638593.5992095727 1162348.226709829, 2638596.79923478 1162348.526709235, 2638599.899259245 1162348.62670373, 2638602.999283736 1162348.5266931087, 2638606.199308969 1162348.226677223, 2638609.2993333293 1162347.7266566807, 2638612.2993567735 1162347.0266315686, 2638615.3993808525 1162346.2266039576, 2638618.299403135 1162345.12656968, 2638621.1994251558 1162343.8265308547, 2638623.999446149 1162342.4264902098, 2638626.699466062 1162340.8264453388, 2638629.299484856 1162339.026396316, 2638631.7995025716 1162337.1263455634, 2638634.0995183843 1162335.0262909152, 2638636.2995331213 1162332.8262345667, 2638638.399546774 1162330.5261765048, 2638640.399559257 1162328.0261143856, 2638642.099569202 1162325.4260508635, 2638643.6995781013 1162322.7259855634, 2638645.0995852435 1162319.9259186026, 2638646.399591364 1162317.0258498196, 2638647.4995957892 1162314.0257792517, 2638648.299597976 1162311.025709222, 2638648.999599354 1162308.025639474, 2638649.499599153 1162304.9255677112, 2638649.799597417 1162301.725493833, 2638649.8995944336 1162298.625422351)))"
92,Domat-Ems,Heliport,LSXD,Doma,GR,4,"MULTIPOLYGON (((2754651.655224255 1189398.9901893784, 2754651.624377451 1189397.2355429705, 2754651.531783365 1189395.4830570475, 2754651.37755608 1189393.7348906768, 2754651.161885611 1189391.9931975852, 2754650.8850376634 1189390.2601235383, 2754650.5473533124 1189388.5378036893, 2754650.1492485846 1189386.8283599159, 2754649.691213958 1189385.1338982421, 2754649.1738137114 1189383.4565062493, 2754648.5976853026 1189381.7982504985, 2754647.9635385126 1189380.1611739306, 2754647.2721546134 1189378.54729342, 2754646.5243853866 1189376.9585972698, 2754645.7211520765 1189375.3970427446, 2754644.863444268 1189373.8645536723, 2754643.9523186665 1189372.3630180887, 2754642.9888977604 1189370.8942858558, 2754641.9743684884 1189369.4601664634, 2754640.909980751 1189368.0624267363, 2754639.797045851 1189366.7027886873, 2754638.636934941 1189365.3829273705, 2754637.431077267 1189364.1044688737, 2754636.180958436 1189362.8689882404, 2754634.8881185865 1189361.6780075498, 2754633.554150499 1189360.5329941493, 2754632.180697606 1189359.4353586172, 2754630.7694520024 1189358.3864532812, 2754629.322152334 1189357.387570372, 2754627.8405816583 1189356.439940506, 2754626.3265652675 1189355.5447311664, 2754624.7819684227 1189354.7030452127, 2754623.2086940487 1189353.9159196413, 2754621.6086804224 1189353.184324162, 2754619.983898753 1189352.509160096, 2754618.336350751 1189351.8912592528, 2754616.6680661812 1189351.3313828593, 2754614.981100378 1189350.8302206907, 2754613.277531651 1189350.3883901648, 2754611.5594588094 1189350.006435624, 2754609.828998487 1189349.684827631, 2754608.088282609 1189349.4239623891, 2754606.3394557233 1189349.2241612962, 2754604.5846723807 1189349.085670489, 2754602.826094453 1189349.0086605917, 2754601.0658885073 1189348.9932264802, 2754599.3062378606 1189349.0394079476, 2754597.549300925 1189349.1471347935, 2754595.7972369175 1189349.316266756, 2754594.0522043826 1189349.5465955015, 2754592.3163531767 1189349.8378372514, 2754590.591821879 1189350.1896331941, 2754588.880735083 1189350.6015499262, 2754587.1852008626 1189351.0730799653, 2754585.5073080943 1189351.6036423903, 2754583.8491239287 1189352.1925835588, 2754582.212691258 1189352.8391778772, 2754580.600026157 1189353.5426287758, 2754579.013115413 1189354.3020695776, 2754577.453914095 1189355.116564678, 2754575.9243431357 1189355.9851106133, 2754574.426286959 1189356.9066373298, 2754572.961591163 1189357.8800095192, 2754571.532060246 1189358.9040279924, 2754570.1394553795 1189359.9774311748, 2754568.785492258 1189361.0988966273, 2754567.471838947 1189362.2670427067, 2754566.2001138646 1189363.4804302629, 2754564.9718837715 1189364.7375644136, 2754563.7886618404 1189366.0368963757, 2754562.651905795 1189367.376825359, 2754561.563016112 1189368.7557006197, 2754560.5233342997 1189370.1718233456, 2754559.5341412383 1189371.6234489044, 2754558.59665561 1189373.1087888961, 2754557.7120323987 1189374.6260133698, 2754556.8813614594 1189376.1732531365, 2754556.1056661587 1189377.7486019891, 2754555.385902156 1189379.3501191197, 2754554.722956201 1189380.9758314565, 2754554.117645045 1189382.6237361322, 2754553.5707144104 1189384.2918029192, 2754553.0828381316 1189385.9779767792, 2754552.6546172537 1189387.6801803408, 2754552.2865793523 1189389.396316526, 2754551.9791778447 1189391.12427104, 2754551.73279145 1189392.8619150557, 2754551.5477237157 1189394.607107796, 2754551.4242026424 1189396.3576992087, 2754551.3623804 1189398.111532546, 2754551.36233316 1189399.8664471167, 2754551.424060983 1189401.6202808635, 2754551.5474878224 1189403.370873062, 2754551.7324615987 1189405.1160670125, 2754551.978754445 1189406.8537126163, 2754552.2860629144 1189408.5816691148, 2754552.654008419 1189410.297807682, 2754553.0821376415 1189412.0000140187, 2754553.5699231247 1189413.6861910424, 2754554.1167639303 1189415.35426138, 2754554.7219863413 1189417.00216996, 2754555.384844729 1189418.627886585, 2754556.1045224643 1189420.2294083645, 2754556.8801328884 1189421.8047622524, 2754557.710720471 1189423.3520073916, 2754558.5952619216 1189424.8692376108, 2754559.532667499 1189426.3545836622, 2754560.5217823107 1189427.8062156294, 2754561.561387783 1189429.2223450977, 2754562.650203122 1189430.6012273796, 2754563.786886902 1189431.941163761, 2754564.9700387563 1189433.240503367, 2754566.1982010277 1189434.4976454831, 2754567.469860626 1189435.7110412829, 2754568.7834508903 1189436.8791958718, 2754570.137353469 1189438.0006701003, 2754571.529900358 1189439.0740822956, 2754572.959375962 1189440.098110041, 2754574.4240191537 1189441.0714917337, 2754575.922025514 1189441.9930281632, 2754577.4515495016 1189442.86158401, 2754579.010706755 1189443.6760892074, 2754580.5975763877 1189444.4355403117, 2754582.2102033948 1189445.1390016582, 2754583.8466010266 1189445.785606593, 2754585.504753242 1189446.3745585203, 2754587.182617208 1189446.9051318166, 2754588.8781258096 1189447.3766728728, 2754590.5891901883 1189447.7886007081, 2754592.313702316 1189448.140407834, 2754594.049537598 1189448.431660845, 2754595.7945575113 1189448.6620009216, 2754597.546612179 1189448.8311442619, 2754599.3035593354 1189448.9389048887, 2754601.0632241042 1189448.9851357979, 2754602.8234326844 1189448.9697719396, 2754604.582016527 1189448.8928322245, 2754606.3368090424 1189448.7544114396, 2754608.085648347 1189448.5546801102, 2754609.826379856 1189448.2938843307, 2754611.5568590113 1189447.9723453557, 2754613.274953853 1189447.5904593552, 2754614.9785476997 1189447.148696782, 2754616.6655417364 1189446.6476018839, 2754618.333857577 1189446.087792026, 2754619.9814398726 1189445.4699568648, 2754621.606258803 1189444.7948575849, 2754623.2063125866 1189444.0633258934, 2754624.779629988 1189443.2762630365, 2754626.3242726624 1189442.4346386725, 2754627.8383376207 1189441.539489668, 2754629.3199595446 1189440.5919188475, 2754630.7673130822 1189439.5930936097, 2754632.1786150914 1189438.544244505, 2754633.5521268584 1189437.4466637059, 2754634.8861562368 1189436.301703434, 2754636.179059681 1189435.1107742728, 2754637.4292443623 1189433.8753434196, 2754638.6351700416 1189432.5969329642, 2754639.7953510387 1189431.2771178812, 2754640.908358013 1189429.9175241473, 2754641.9728197404 1189428.5198268148, 2754642.9874248197 1189427.0857478278, 2754643.950923246 1189425.6170539686, 2754644.8621280147 1189424.1155546603, 2754645.71991652 1189422.5830997417, 2754646.523231967 1189421.0215772039, 2754647.271084688 1189419.4329108258, 2754647.962553327 1189417.819057844, 2754648.596785996 1189416.1820065218, 2754649.1730013373 1189414.5237736942, 2754649.6904894435 1189412.846402323, 2754650.1486127963 1189411.15195889, 2754650.546806967 1189409.442530955, 2754650.884581408 1189407.7202245474, 2754651.161519971 1189405.9871615274, 2754651.377281478 1189404.2454770233, 2754651.5316001214 1189402.4973167882, 2754651.624285773 1189400.7448345579, 2754651.655224255 1189398.9901893784)))"
93,Porrentruy,Flugfeld,LSZY,Porr,JU,3,"MULTIPOLYGON (((2571113.2943984843 1251354.145473845, 2571138.7931293417 1251298.0468675997, 2570811.102402042 1251114.3509804371, 2570808.2021059375 1251066.2521573214, 2570630.0067275413 1250926.2554270641, 2570560.8095668205 1251002.6535207846, 2570490.011381378 1250954.5546980437, 2570437.7135995235 1251023.8530338162, 2571113.2943984843 1251354.145473845)))"
94,Benken,Heliport,LSXK,Benk,SG,4,"MULTIPOLYGON (((2718801.553580154 1229314.5673264123, 2718801.5227300725 1229312.8143815296, 2718801.430195392 1229311.0635976887, 2718801.2760901204 1229309.3171318406, 2718801.0606041164 1229307.5771356234, 2718800.7840028466 1229305.8457527196, 2718800.446627078 1229304.1251161713, 2718800.048892455 1229302.4173457741, 2718799.591288995 1229300.7245455233, 2718799.0743804406 1229299.0488009332, 2718798.498803627 1229297.392176528, 2718797.865267668 1229295.7567132208, 2718797.1745530674 1229294.1444259274, 2718796.4275107784 1229292.5573009695, 2718795.6250611627 1229290.997293678, 2718794.768192825 1229289.466325976, 2718793.8579614167 1229287.9662840082, 2718792.895488341 1229286.499015805, 2718791.88195937 1229285.0663290522, 2718790.8186231568 1229283.6699888082, 2718789.7067897236 1229282.3117153742, 2718788.5478288536 1229280.9931820915, 2718787.3431683695 1229279.716013436, 2718786.094292404 1229278.4817828464, 2718784.8027395825 1229277.2920108906, 2718783.470101087 1229276.1481633706, 2718782.098018721 1229275.0516494995, 2718780.688182881 1229274.0038201811, 2718779.2423304813 1229273.005966314, 2718777.762242817 1229272.0593172803, 2718776.2497433233 1229271.1650393337, 2718774.706695428 1229270.3242342158, 2718773.1350001274 1229269.537937802, 2718771.53659377 1229268.8071187993, 2718769.913445583 1229268.1326775807, 2718768.2675552666 1229267.515445052, 2718766.6009505596 1229266.9561816414, 2718764.9156847224 1229266.4555763572, 2718763.213833977 1229266.0142459425, 2718761.4974950147 1229265.6327341155, 2718759.7687823586 1229265.311510902, 2718758.0298257717 1229265.0509720468, 2718756.2827676395 1229264.8514385137, 2718754.529760337 1229264.7131561558, 2718752.7729635695 1229264.636295316, 2718751.014541705 1229264.6209507014, 2718749.2566611012 1229264.667141219, 2718747.501487467 1229264.7748099368, 2718745.7511831825 1229264.9438242174, 2718744.0079045985 1229265.173975859, 2718742.273799446 1229265.4649812933, 2718740.551004129 1229265.8164820059, 2718738.84164112 1229266.2280449618, 2718737.147816355 1229266.6991631165, 2718735.4716166286 1229267.2292560227, 2718733.8151069977 1229267.817670652, 2718732.18032828 1229268.4636820569, 2718730.5692945346 1229269.1664943525, 2718728.983990521 1229269.925241695, 2718727.4263693504 1229270.7389892926, 2718725.898350003 1229271.6067346246, 2718724.4018149837 1229272.527408634, 2718722.9386080247 1229273.4998770338, 2718721.510531792 1229274.522941774, 2718720.1193456603 1229275.5953424233, 2718718.7667635777 1229276.715757811, 2718717.454451911 1229277.882807562, 2718716.1840274306 1229279.0950539026, 2718714.9570552846 1229280.3510033367, 2718713.775047096 1229281.6491085466, 2718712.6394591057 1229282.9877702645, 2718711.5516903372 1229284.365339267, 2718710.5130809243 1229285.7801184154, 2718709.5249104323 1229287.2303646943, 2718708.588396268 1229288.7142913782, 2718707.704692218 1229290.2300703176, 2718706.874887011 1229291.7758340687, 2718706.1000029454 1229293.3496782559, 2718705.3809946827 1229294.9496638959, 2718704.7187480237 1229296.5738198394, 2718704.11407887 1229298.2201451156, 2718703.5677321563 1229299.886611454, 2718703.0803809753 1229301.5711657887, 2718702.652625754 1229303.2717327562, 2718702.2849934674 1229304.9862172685, 2718701.9779370334 1229306.7125070696, 2718701.73183475 1229308.4484754042, 2718701.5469898167 1229310.1919835384, 2718701.423629943 1229311.9408835077, 2718701.3619071105 1229313.6930206649, 2718701.3618973615 1229315.446236368, 2718701.423600708 1229317.1983706716, 2718701.5469411244 1229318.9472649668, 2718701.731766655 1229320.6907646188, 2718701.977849596 1229322.4267216444, 2718702.2848867634 1229324.1529973357, 2718702.6524998946 1229325.8674649326, 2718703.080236077 1229327.5680122615, 2718703.56756836 1229329.2525441959, 2718704.1138963327 1229330.918985438, 2718704.7185469256 1229332.5652829194, 2718705.3807752095 1229334.1894084264, 2718706.0997653264 1229335.789361025, 2718706.8746314687 1229337.3631695993, 2718707.7044190182 1229338.9088952143, 2718708.58810566 1229340.4246335449, 2718709.524602717 1229341.9085171977, 2718710.512756414 1229343.35871806, 2718711.551349356 1229344.7734494708, 2718712.639101988 1229346.1509684927, 2718713.7746742168 1229347.4895780282, 2718714.9566670284 1229348.7876289212, 2718716.183624189 1229350.0435219635, 2718717.4540341147 1229351.2557099313, 2718718.766331654 1229352.422699379, 2718720.118900073 1229353.5430525963, 2718721.5100730094 1229354.615389321, 2718722.9381365404 1229355.638388432, 2718724.4013313036 1229356.6107895935, 2718725.897854656 1229357.531394822, 2718727.4258628753 1229358.3990699386, 2718728.9834734784 1229359.212745958, 2718730.568767492 1229359.9714204366, 2718732.179791844 1229360.6741587135, 2718733.8145617596 1229361.3200949903, 2718735.471063205 1229361.9084334832, 2718737.1472553974 1229362.438449378, 2718738.8410732704 1229362.9094896792, 2718740.5504300394 1229363.320974078, 2718742.273219809 1229363.6723956391, 2718744.007320092 1229363.9633213785, 2718745.7505945023 1229364.1933929024, 2718747.500895321 1229364.362326763, 2718749.25606621 1229364.4699148226, 2718751.0139447902 1229364.5160245404, 2718752.7723653708 1229364.5005991277, 2718754.5291615906 1229364.4236575512, 2718756.2821690883 1229364.2852946399, 2718758.0292281695 1229364.0856808324, 2718759.768186471 1229363.825062062, 2718761.496901596 1229363.5037593963, 2718763.213243789 1229363.122168703, 2718764.9150985223 1229362.6807600805, 2718766.6003691168 1229362.1800773581, 2718768.2669793414 1229361.6207373585, 2718769.912875925 1229361.0034292, 2718771.5360311554 1229360.3289133876, 2718773.1344452873 1229359.59802094, 2718774.7061491054 1229358.8116522927, 2718776.2492062724 1229357.9707762725, 2718777.7617157404 1229357.0764288157, 2718779.241814118 1229356.1297117614, 2718780.6876779343 1229355.131791464, 2718782.0975258867 1229354.0838973522, 2718783.46962104 1229352.98732044, 2718784.8022729983 1229351.843411674, 2718786.0938399336 1229350.6535803655, 2718787.3427306376 1229349.4192923857, 2718788.547406488 1229348.1420683605, 2718789.7063833238 1229346.823481844, 2718790.818233291 1229345.465157309, 2718791.881586604 1229344.068768194, 2718792.8951332057 1229342.6360348728, 2718793.857624408 1229341.1687224477, 2718794.767874431 1229339.668638647, 2718795.624761853 1229338.1376315744, 2718796.4272309914 1229336.5775874055, 2718797.174293192 1229334.9904281246, 2718797.86502809 1229333.3781090854, 2718798.498584707 1229331.7426166728, 2718799.074182475 1229330.085965789, 2718799.591112284 1229328.410197455, 2718800.0487372745 1229326.7173761865, 2718800.446493632 1229325.0095875214, 2718800.7838913356 1229323.2889354595, 2718801.0605147188 1229321.557539834, 2718801.2760229567 1229319.8175337224, 2718801.430150562 1229318.0710607937, 2718801.5227076374 1229316.320272707, 2718801.553580154 1229314.5673264123)))"
95,Lodrino,Heliport,LSXR,Lodr,TI,4,"MULTIPOLYGON (((2719750.674231601 1127698.2964162233, 2719750.643303278 1127696.5416476012, 2719750.550627261 1127694.7890422211, 2719750.396317721 1127693.0407593162, 2719750.1805647593 1127691.2989527504, 2719749.9036342003 1127689.565768403, 2719749.565867206 1127687.843341562, 2719749.1676799026 1127686.1337942379, 2719748.7095628553 1127684.4392325918, 2719748.1920804703 1127682.761744308, 2719747.6158702755 1127681.1033960409, 2719746.9816421685 1127679.4662308653, 2719746.290177498 1127677.8522657442, 2719745.5423281537 1127676.2634891113, 2719744.7390154847 1127674.701858297, 2719743.8812291627 1127673.1692972514, 2719742.970025978 1127671.6676940464, 2719742.0065285326 1127670.1988986558, 2719740.9919238477 1127668.7647206692, 2719739.927461907 1127667.3669269208, 2719738.8144541313 1127666.007239536, 2719737.654271735 1127664.6873336232, 2719736.4483440504 1127663.4088353058, 2719735.198156791 1127662.173319681, 2719733.9052501703 1127660.9823088953, 2719732.5712170512 1127659.8372702813, 2719731.197700948 1127658.7396145144, 2719729.7863940336 1127657.690693903, 2719728.3390350305 1127656.6918007333, 2719726.857407073 1127655.744165597, 2719725.3433355233 1127654.8489560094, 2719723.798685714 1127654.0072748517, 2719722.225360648 1127653.2201590845, 2719720.625298646 1127652.4885784083, 2719719.00047099 1127651.8134341664, 2719717.3528794507 1127651.1955581135, 2719715.6845538495 1127650.6357114844, 2719713.9975495753 1127650.134583982, 2719712.2939449875 1127649.6927930112, 2719710.5758389444 1127649.3108828692, 2719708.845348124 1127648.9893240733, 2719707.1046044827 1127648.728512764, 2719705.3557526274 1127648.5287702775, 2719703.600947133 1127648.3903426863, 2719701.8423499027 1127648.3134005535, 2719700.0821275213 1127648.2980386612, 2719698.32244858 1127648.3442759393, 2719696.5654809903 1127648.452055441, 2719694.813389342 1127648.6212443595, 2719693.068332194 1127648.8516342787, 2719691.332459444 1127649.1429413452, 2719689.607909699 1127649.4948066906, 2719687.8968075737 1127649.9067968144, 2719686.2012611516 1127650.378404145, 2719684.5233593453 1127650.909047682, 2719682.8651693068 1127651.4980736575, 2719681.2287339247 1127652.1447563777, 2719679.6160692885 1127652.8482991923, 2719678.029162184 1127653.607835308, 2719676.4699676875 1127654.422428978, 2719674.940406702 1127655.2910766324, 2719673.442363641 1127656.2127081086, 2719671.977684105 1127657.1861879583, 2719670.5481725624 1127658.2103168569, 2719669.155590152 1127659.2838330823, 2719667.80165255 1127660.4054140695, 2719666.488027791 1127661.5736780558, 2719665.2163342577 1127662.787185716, 2719663.9881386715 1127664.0444420201, 2719662.8049541535 1127665.3438980517, 2719661.6682384005 1127666.6839528724, 2719660.57939182 1127668.0629555455, 2719659.539755887 1127669.4792071355, 2719658.550611405 1127670.9309628352, 2719657.613177006 1127672.4164340936, 2719656.728607611 1127673.933790796, 2719655.8979929984 1127675.481163585, 2719655.122356485 1127677.05664608, 2719654.402653648 1127678.6582973178, 2719653.7397711514 1127680.2841440623, 2719653.1345256777 1127681.9321832617, 2719652.5876628687 1127683.600384536, 2719652.099856464 1127685.286692682, 2719651.6717074537 1127686.98903017, 2719651.3037432833 1127688.7052997241, 2719650.9964173106 1127690.433386899, 2719650.7501081387 1127692.171162709, 2719650.5651192325 1127693.9164862018, 2719650.4416784933 1127695.6672071628, 2719650.3799379924 1127697.421168696, 2719650.3799738 1127699.1762099273, 2719650.4417858743 1127700.9301686534, 2719650.5652980534 1127702.6808839971, 2719650.750358174 1127704.426199112, 2719650.996738242 1127706.1639637167, 2719651.304134712 1127707.892036959, 2719651.672168888 1127709.6082898015, 2719652.100387343 1127711.31060785, 2719652.5882625096 1127712.9968938534, 2719653.1351933293 1127714.6650703084, 2719653.7405059924 1127716.3130820228, 2719654.40345475 1127717.9388986756, 2719655.1232228507 1127719.5405172417, 2719655.898923555 1127721.115964531, 2719656.72960118 1127722.663299615, 2719657.6142323553 1127724.1806161678, 2719658.5517271976 1127725.6660448764, 2719659.540930745 1127727.117755675, 2719660.5806242847 1127728.5339600896, 2719661.669526924 1127729.9129133443, 2719662.806297129 1127731.2529165708, 2719663.989534427 1127732.5523189087, 2719665.217781055 1127733.8095194795, 2719666.4895238183 1127735.0229694466, 2719667.803195955 1127736.191173813, 2719669.157179012 1127737.31269337, 2719670.5498048854 1127738.386146418, 2719671.9793578736 1127739.4102104641, 2719673.4440767835 1127740.3836238582, 2719674.942157389 1127741.3051887234, 2719676.4717583754 1127742.1737880222, 2719678.030990342 1127742.988330652, 2719679.6179323313 1127743.7478130856, 2719681.2306292374 1127744.4512996536, 2719682.867094225 1127745.097923663, 2719684.5253111697 1127745.6868884796, 2719686.2032371582 1127746.2174685053, 2719687.8988050083 1127746.689010055, 2719689.6099257595 1127747.10093219, 2719691.3344913516 1127747.4527274438, 2719693.0703770956 1127747.7439623976, 2719694.815444415 1127747.9742782325, 2719696.5675433734 1127748.143391227, 2719698.3245154163 1127748.2510930093, 2719700.0841959408 1127748.2972509193, 2719701.844417035 1127748.2818080783, 2719703.603010129 1127748.2047835053, 2719705.357808624 1127748.0662720916, 2719707.1066506226 1127747.866444495, 2719708.84738156 1127747.6055469047, 2719710.5778568718 1127747.283900729, 2719712.295944606 1127746.901902244, 2719713.999528103 1127746.4600220753, 2719715.6865085326 1127745.958804601, 2719717.3548075687 1127745.3988673408, 2719719.0023698565 1127744.7809001217, 2719720.6271656216 1127744.1056642812, 2719722.227193103 1127743.373991693, 2719723.8004810913 1127742.5867837898, 2719725.345094324 1127741.7450232855, 2719726.8591293585 1127740.8497451223, 2719728.3407186875 1127739.9020428876, 2719729.7880370123 1127738.9030841622, 2719731.199301244 1127737.8540996388, 2719732.5727727073 1127736.7563816777, 2719733.906759296 1127735.611282664, 2719735.1996175474 1127734.420213328, 2719736.4497546484 1127733.1846411077, 2719737.6556304586 1127731.906088182, 2719738.815759329 1127730.5861297469, 2719739.9287120015 1127729.226391958, 2719740.99311731 1127727.8285500342, 2719742.0076639084 1127726.3943260938, 2719742.971101895 1127724.9254871125, 2719743.8822443066 1127723.4238426508, 2719744.7399686226 1127721.8912427637, 2719745.543218124 1127720.329575585, 2719746.2910032333 1127718.7407650973, 2719746.982402653 1127717.1267687047, 2719747.6165645993 1127715.4895748228, 2719748.192707788 1127713.8312004781, 2719748.7101223967 1127712.153688772, 2719749.168170995 1127710.4591063801, 2719749.566289252 1127708.749541052, 2719749.9039866906 1127707.0270989179, 2719750.180847273 1127705.2939020433, 2719750.3965299036 1127703.552085705, 2719750.550768857 1127701.803795809, 2719750.64337412 1127700.0511862526, 2719750.674231601 1127698.2964162233)))"
36,Gstaad-Inn Grund,Winterheliport,LSEA,Gsta,BE,4,"MULTIPOLYGON (((2587149.045898565 1142050.2375086325, 2587149.045898565 1142050.2375086325, 2587149.0150334537 1142048.4827762747, 2587148.922483236 1142046.730207656, 2587148.7683619345 1142044.9819619344, 2587148.552859426 1142043.2401929323, 2587148.276241209 1142041.507046515, 2587147.938848077 1142039.7846578984, 2587147.541095697 1142038.075149058, 2587147.0834740982 1142036.3806261069, 2587146.5665470697 1142034.703176686, 2587145.990951462 1142033.0448674029, 2587145.3573964094 1142031.4077412859, 2587144.666662446 1142029.7938152729, 2587143.9196005566 1142028.2050777085, 2587143.117131116 1142026.6434859056, 2587142.260242764 1142025.1109637385, 2587141.349991183 1142023.6093992728, 2587140.3874977995 1142022.1406424325, 2587139.3739484004 1142020.7065027067, 2587138.3105916753 1142019.308746961, 2587137.1987376735 1142017.9490972084, 2587136.0397561956 1142016.6292285516, 2587134.8350751004 1142015.35076705, 2587133.58617855 1142014.1152877552, 2587132.2946051788 1142012.9243127909, 2587130.9619462 1142011.7793094218, 2587129.589843442 1142010.6816882764, 2587128.1799873305 1142009.6328016366, 2587126.7341148 1142008.6339417247, 2587125.2540071597 1142007.686339118, 2587123.7414878947 1142006.791161273, 2587122.198420421 1142005.9495110393, 2587120.6267057913 1142005.1624253239, 2587119.02828035 1142004.4308738124, 2587117.4051133497 1142003.7557577866, 2587115.7592045236 1142003.137908966, 2587114.0925816237 1142002.5780885506, 2587112.407297922 1142002.076986239, 2587110.7054296783 1142001.6352193798, 2587108.9890735876 1142001.2533322338, 2587107.260344191 1142000.9317952772, 2587105.521371275 1142000.6710046567, 2587103.774297246 1142000.471281641, 2587102.0212744894 1142000.3328723165, 2587100.2644627225 1142000.2559471899, 2587098.5060263267 1142000.2406010334, 2587096.748131688 1142000.2868527495, 2587094.992944524 1142000.3946453691, 2587093.2426272174 1142000.5638460838, 2587091.499336149 1142000.7942464347, 2587089.765219045 1142001.0855625828, 2587088.04241233 1142001.4374356216, 2587086.3330384926 1142001.8494320468, 2587084.6392034735 1142002.321044279, 2587082.962994069 1142002.8516912945, 2587081.3064753604 1142003.440719339, 2587079.671688171 1142004.087402741, 2587078.060646551 1142004.790944779, 2587076.4753352962 1142005.5504787015, 2587074.9177075014 1142006.3650687593, 2587073.389682157 1142007.233711384, 2587071.893141783 1142008.155336414, 2587070.4299301095 1142009.1288084155, 2587069.0018498064 1142010.1529280655, 2587067.610660263 1142011.226433664, 2587066.258075417 1142012.3480026436, 2587064.9457616466 1142013.516253253, 2587063.675335717 1142014.7297461962, 2587062.448362786 1142015.9869864716, 2587061.2663544803 1142017.2864251558, 2587060.1307670265 1142018.6264613485, 2587059.0429994655 1142020.0054441323, 2587058.0043919203 1142021.421674594, 2587057.016223952 1142022.8734079697, 2587056.079712978 1142024.3588557087, 2587055.196012777 1142025.876187759, 2587054.3662120625 1142027.4235347607, 2587053.5913331467 1142028.9989904035, 2587052.8723306763 1142030.6006137265, 2587052.2100904603 1142032.22643153, 2587051.6054283753 1142033.8744408248, 2587051.0590893626 1142035.5426112686, 2587050.57174651 1142037.2288876744, 2587050.144000222 1142038.931192563, 2587049.776377481 1142040.6474287105, 2587049.469331197 1142042.3754817047, 2587049.2232396496 1142044.1132226032, 2587049.0384060233 1142045.858510507, 2587048.9150580326 1142047.6091952403, 2587048.853347643 1142049.3631199743, 2587048.85335088 1142051.118123851, 2587048.9150677435 1142052.872044743, 2587049.038422196 1142054.62272181, 2587049.2232622677 1142056.3679982338, 2587049.4693602365 1142058.1057238388, 2587049.776412911 1142059.8337577546, 2587050.1440420053 1142061.5499710524, 2587050.5717946016 1142063.2522493615, 2587051.0591437113 1142064.9384954853, 2587051.605488924 1142066.6066319828, 2587052.2101571443 1142068.2546036993, 2587052.8724034242 1142069.8803803495, 2587053.5914118807 1142071.481958993, 2587054.3662966974 1142073.057366483, 2587055.196103222 1142074.604661914, 2587056.0798091358 1142076.1219390442, 2587057.016325718 1142077.6073285898, 2587058.004499185 1142079.0590005512, 2587059.043112111 1142080.4751664829, 2587060.13088493 1142081.854081667, 2587061.2664775117 1142083.1940472901, 2587062.448490811 1142084.4934125212, 2587063.675468593 1142085.750576549, 2587064.9458992262 1142086.963990541, 2587066.258217547 1142088.1321595993, 2587067.610806785 1142089.2536445318, 2587069.0020005554 1142090.327063676, 2587070.430084915 1142091.3510945784, 2587071.8933004695 1142092.3244756472, 2587073.3898445438 1142093.2460076779, 2587074.917873402 1142094.1145553458, 2587076.4755045203 1142094.9290486062, 2587078.0608189045 1142095.6884840098, 2587079.671863452 1142096.3919259326, 2587081.3066533646 1142097.0385077302, 2587082.963174588 1142097.6274328432, 2587084.6393862953 1142098.1579756872, 2587086.3332234 1142098.6294826665, 2587088.042599104 1142099.041372854, 2587089.7654074617 1142099.3931388308, 2587091.4995259824 1142099.6843472107, 2587093.242818238 1142099.9146392297, 2587094.9931365014 1142100.083731167, 2587096.748324387 1142100.1914147025, 2587098.5062195114 1142100.237557178, 2587100.264656155 1142100.2221017408, 2587102.021467931 1142100.1450674299, 2587103.7744904556 1142100.006549163, 2587105.521564013 1142099.8067175788, 2587107.260536215 1142099.5458188823, 2587108.9892646554 1142099.2241744953, 2587110.7056195484 1142098.8421806819, 2587112.4074863526 1142098.4003080612, 2587114.0927683753 1142097.8991010075, 2587115.759389356 1142097.3391770208, 2587117.405296025 1142096.721225911, 2587119.0284606325 1142096.0460090023, 2587120.6268834467 1142095.3143581622, 2587122.1985952174 1142094.5271747648, 2587123.7416596035 1142093.6854286313, 2587125.254175556 1142092.7901567873, 2587126.7342796614 1142091.842462197, 2587128.1801484395 1142090.843512429, 2587129.5900005847 1142089.7945381678, 2587130.9620991666 1142088.6968317556, 2587132.294753765 1142087.551745557, 2587133.586322557 1142086.3606903173, 2587134.8352143345 1142085.1251334073, 2587136.039890469 1142083.8465970405, 2587137.1988668046 1142082.5266563452, 2587138.310715488 1142081.166937497, 2587139.374066728 1142079.7691156652, 2587140.3876104797 1142078.3349129509, 2587141.3500980632 1142076.866096285, 2587142.260343697 1142075.3644752458, 2587143.1172259636 1142073.8318998378, 2587143.9196891887 1142072.2702581615, 2587144.666744741 1142070.6814741688, 2587145.357472252 1142069.0675052218, 2587145.9910207493 1142067.4303397264, 2587146.566609705 1142065.771994675, 2587147.083529995 1142064.0945131201, 2587147.541144777 1142062.3999617307, 2587147.9388902737 1142060.6904281653, 2587148.276276463 1142058.968018588, 2587148.552887688 1142057.2348549764, 2587148.768383166 1142055.4930725829, 2587148.9224974066 1142053.744817281, 2587149.015040544 1142051.9922429072, 2587149.045898565 1142050.2375086325)))"
45,Leysin,Heliport,LSEY,Leys,VD,4,"MULTIPOLYGON (((2568065.8656960777 1132683.5150003561, 2568065.8656960777 1132683.5150003561, 2568065.8347812793 1132681.760244301, 2568065.7421191377 1132680.007650488, 2568065.587823818 1132678.2593781191, 2568065.372085415 1132676.5175810442, 2568065.0951697216 1132674.7844051637, 2568064.7574179024 1132673.0619857365, 2568064.359246068 1132671.3524447733, 2568063.9011447714 1132669.657888434, 2568063.3836783934 1132667.98040439, 2568062.807484455 1132666.3220593138, 2568062.173272827 1132664.6848962572, 2568061.48182486 1132663.07093222, 2568060.7339924164 1132661.482155582, 2568059.9306968264 1132659.920523719, 2568059.0729277493 1132658.3879605522, 2568058.1617419547 1132656.8863541947, 2568057.198262022 1132655.417554613, 2568056.1836749553 1132653.9833713768, 2568055.1192307225 1132652.585571374, 2568054.0062407167 1132651.2258767043, 2568052.846076136 1132649.9059624923, 2568051.6401662994 1132648.6274548904, 2568050.389996881 1132647.3919289762, 2568049.097108086 1132646.2009069398, 2568047.763092746 1132645.0558561059, 2568046.389594361 1132643.9581871794, 2568044.978305074 1132642.909252466, 2568043.5309635852 1132641.9103442677, 2568042.049353012 1132640.9626932233, 2568040.5352986883 1132640.0674668462, 2568038.990665922 1132639.225768022, 2568037.4173576892 1132638.4386337502, 2568035.8173122965 1132637.7070337564, 2568034.1925009894 1132637.0318693903, 2568032.5449255244 1132636.4139724167, 2568030.876615704 1132635.8541041047, 2568029.189626874 1132635.3529542137, 2568027.4860373936 1132634.9111401364, 2568025.767946073 1132634.5292061917, 2568024.0374695878 1132634.2076229304, 2568022.2967398735 1132633.946786525, 2568020.5479014968 1132633.7470183475, 2568018.7931090137 1132633.6085644783, 2568017.034524316 1132633.531595508, 2568015.2743139667 1132633.5162062643, 2568013.514646534 1132633.5624157016, 2568011.7576899133 1132633.6701668818, 2568010.005608664 1132633.8393270606, 2568008.2605613363 1132634.0696878328, 2568006.524697817 1132634.3609653965, 2568004.800156677 1132634.7128008965, 2568003.089062539 1132635.1247608636, 2568001.393523459 1132635.596337777, 2567999.7156283297 1132636.1269506412, 2567998.057444305 1132636.715945752, 2567996.4210142577 1132637.3625974755, 2567994.808354258 1132638.0661091248, 2567993.2214510934 1132638.8256139886, 2567991.662259817 1132639.6401763412, 2567990.1327013434 1132640.508792659, 2567988.6346600787 1132641.430392817, 2567987.169981601 1132642.4038413912, 2567985.740470386 1132643.427939105, 2567984.347887583 1132644.5014242767, 2567982.9939488457 1132645.6229743692, 2567981.680322221 1132646.7912076365, 2567980.408626089 1132648.0046848366, 2567979.180427173 1132649.2619109596, 2567977.99723861 1132650.561337109, 2567976.860518082 1132651.9013624024, 2567975.771666025 1132653.2803359258, 2567974.7320238994 1132654.6965587954, 2567973.7428725427 1132656.1482862371, 2567972.805430585 1132657.6337297189, 2567971.9208529526 1132659.1510591952, 2567971.090229444 1132660.698405311, 2567970.3145833863 1132662.273861749, 2567969.5948703736 1132663.8754875646, 2567968.9319770923 1132665.5013095355, 2567968.326720228 1132667.149324685, 2567967.7798454566 1132668.8175026558, 2567967.29202653 1132670.503788273, 2567966.8638644423 1132672.206104018, 2567966.4958866914 1132673.922352665, 2567966.1885466287 1132675.65041979, 2567965.9422228993 1132677.3881764428, 2567965.757218978 1132679.133481706, 2567965.633762793 1132680.8841853656, 2567965.572006447 1132682.6381305729, 2567965.572026027 1132684.3931564868, 2567965.633821514 1132686.147100911, 2567965.7573167807 1132687.8978029848, 2567965.942359687 1132689.643105875, 2567966.1887222645 1132691.3808593613, 2567966.496101 1132693.1089225512, 2567966.8641172093 1132694.8251664802, 2567967.292317502 1132696.5274767329, 2567967.780174342 1132698.2137560826, 2567968.3270866945 1132699.8819270318, 2567968.9323807713 1132701.5299344133, 2567969.5953108557 1132703.1557478933, 2567970.3150602244 1132704.7573644668, 2567971.090742152 1132706.33281095, 2567971.9214010057 1132707.8801464092, 2567972.80601342 1132709.3974645396, 2567973.743489559 1132710.882895995, 2567974.7326744576 1132712.3346107388, 2567975.772349447 1132713.7508202763, 2567976.861233654 1132715.1297798292, 2567977.997985579 1132716.469790536, 2567979.1812047497 1132717.7692015045, 2567980.4094334464 1132719.0264118682, 2567981.681158497 1132720.2398727501, 2567982.994813142 1132721.4080891716, 2567984.3487789636 1132722.5296218987, 2567985.7413878827 1132723.603089199, 2567987.1709242095 1132724.6271685774, 2567988.635626761 1132725.6005983562, 2567990.133691028 1132726.5221792879, 2567991.663271401 1132727.3907759946, 2567993.2224834412 1132728.2053183436, 2567994.809406204 1132728.9648028552, 2567996.4220846053 1132729.6682938086, 2567998.058531829 1132730.3149245414, 2567999.716731777 1132730.9038983812, 2568001.394641551 1132731.4344897347, 2568003.09019397 1132731.9060448916, 2568004.8013001173 1132732.3179829137, 2568006.5258519133 1132732.6697962913, 2568008.2617247147 1132732.961051594, 2568010.0067799296 1132733.1913899751, 2568011.7588676536 1132733.3605276872, 2568013.515829318 1132733.4682563304, 2568015.27550035 1132733.5144431961, 2568017.035712838 1132733.499031375, 2568018.794298204 1132733.4220398557, 2568020.549089874 1132733.2835634823, 2568022.297925948 1132733.083772866, 2568024.0386518645 1132732.8229141396, 2568025.7691230513 1132732.5013086738, 2568027.487207573 1132732.1193527079, 2568029.190788752 1132731.6775167857, 2568030.877767781 1132731.1763452503, 2568032.5460663047 1132730.6164555526, 2568034.193628984 1132729.998537459, 2568035.8184260256 1132729.3233522438, 2568037.418455684 1132728.5917317346, 2568038.991746727 1132727.804577283, 2568040.5363608636 1132726.9628586622, 2568042.0503951353 1132726.0676128669, 2568043.531984255 1132725.1199428157, 2568044.9793029106 1132724.1210160572, 2568046.390568011 1132723.0720632616, 2568047.7640408813 1132721.9743767176, 2568049.0980294095 1132720.829308781, 2568050.390890126 1132719.6382701653, 2568051.6410302334 1132718.402728227, 2568052.846909564 1132717.1242051506, 2568054.00704248 1132715.8042760687, 2568055.119999704 1132714.4445671272, 2568056.1844100785 1132713.0467534773, 2568057.1989622554 1132711.6125572242, 2568058.162406314 1132710.1437452943, 2568059.0735552968 1132708.6421272538, 2568059.9312866745 1132707.1095530924, 2568060.7345437277 1132705.5479109306, 2568061.4823368513 1132703.9591247046, 2568062.17374477 1132702.3451518, 2568062.8079156755 1132700.707980621, 2568063.384068276 1132699.0496281467, 2568063.901492757 1132697.3721374744, 2568064.3595516584 1132695.6775752585, 2568064.757680657 1132693.9680291933, 2568065.0953892646 1132692.2456054338, 2568065.37226143 1132690.5124260026, 2568065.587956052 1132688.7706261694, 2568065.7422073996 1132687.0223518163, 2568065.8348254417 1132685.269756814, 2568065.8656960777 1132683.5150003561)))"
1,Wangen,Wasserflugplatz,LSPW,Lach,SZ,3,"MULTIPOLYGON (((2707810.5067740697 1229327.196500566, 2707810.4067492704 1229323.996511533, 2707810.106722413 1229320.8965263022, 2707809.6066935123 1229317.8965449256, 2707808.9066610956 1229314.7965679448, 2707808.0066266223 1229311.796594822, 2707807.006591459 1229308.89662352, 2707805.8065542295 1229306.0966560685, 2707804.4065141957 1229303.296692775, 2707802.8064720766 1229300.5967333727, 2707801.1064292733 1229297.9967757901, 2707799.2063843794 1229295.4968221053, 2707797.106338128 1229293.1968720192, 2707794.9062911896 1229290.9969237745, 2707792.6062435545 1229288.896977349, 2707790.206195974 1229286.997032476, 2707787.606146288 1229285.1970914986, 2707784.906096671 1229283.597152041, 2707782.2060477547 1229282.0972123628, 2707779.3059982467 1229280.8972759605, 2707776.405949449 1229279.7973392925, 2707773.405900738 1229278.8974041445, 2707770.405853493 1229278.1974684056, 2707767.305805579 1229277.597534467, 2707764.205759901 1229277.297599638, 2707761.1057157298 1229277.1976642022, 2707758.0056723 1229277.1977284427, 2707754.905630377 1229277.397792081, 2707751.805590734 1229277.8978547724, 2707748.8055532514 1229278.4979150519, 2707745.805517297 1229279.2979746822, 2707742.8054828765 1229280.298033667, 2707739.9054513993 1229281.4980898905, 2707737.10542211 1229282.798143699, 2707734.405396521 1229284.3981944358, 2707731.8053731266 1229286.098242736, 2707729.3053519274 1229287.8982885818, 2707726.9053336773 1229289.8983316822, 2707724.6053183996 1229292.0983719954, 2707722.505306698 1229294.3984078113, 2707720.605298599 1229296.7984391174, 2707718.705291291 1229299.2984700478, 2707717.105288956 1229301.8984944192, 2707715.6052895794 1229304.698516036, 2707714.305293016 1229307.4985335008, 2707713.205300019 1229310.3985464803, 2707712.205308434 1229313.2985573702, 2707711.405320406 1229316.2985638017, 2707710.905337325 1229319.3985637187, 2707710.5053556305 1229322.498561588, 2707710.305376704 1229325.598555348, 2707710.305400558 1229328.69854502, 2707710.505427156 1229331.7985306168, 2707710.9054565113 1229334.8985121395, 2707711.4054872366 1229337.9984916383, 2707712.2055213084 1229340.9984653613, 2707713.2055573394 1229343.8984353868, 2707714.305594725 1229346.7984034189, 2707715.605634071 1229349.5983677432, 2707717.1056761295 1229352.3983280498, 2707718.7057179986 1229354.998287022, 2707720.605763181 1229357.4982403053, 2707722.505807563 1229359.8981939538, 2707724.605853881 1229362.1981439213, 2707726.905902142 1229364.3980902217, 2707729.305950212 1229366.3980351991, 2707731.805998084 1229368.1979788402, 2707734.4060465326 1229369.897920843, 2707737.1060955585 1229371.497861183, 2707739.906143638 1229372.7978004916, 2707742.8061923115 1229373.997738142, 2707745.8062408064 1229374.9976744289, 2707748.806287772 1229375.7976113695, 2707751.8063332145 1229376.3975489603, 2707754.906379249 1229376.897484848, 2707758.006423031 1229377.0974216838, 2707761.106465301 1229377.0973591248, 2707764.206506833 1229376.997296868, 2707767.3065468743 1229376.697235196, 2707770.406584675 1229376.097174423, 2707773.4066203884 1229375.3971159433, 2707776.406654631 1229374.497058028, 2707779.3066860405 1229373.3970026905, 2707782.2067167326 1229372.1969476128, 2707784.9067425015 1229370.6968974115, 2707787.606767561 1229369.0968474515, 2707790.2067898046 1229367.2968000378, 2707792.6068086033 1229365.3967569298, 2707794.9068245995 1229363.296716363, 2707797.1068385225 1229361.0966780449, 2707799.206850372 1229358.796642002, 2707801.1068580477 1229356.29661052, 2707802.8068622733 1229353.6965833255, 2707804.40686443 1229350.9965584127, 2707805.806863129 1229348.1965378076, 2707807.0068591097 1229345.3965212211, 2707808.0068516214 1229342.4965089515, 2707808.9068420404 1229339.496498984, 2707809.606828992 1229336.3964933397, 2707810.1068139337 1229333.396491485, 2707810.4067953844 1229330.2964939873, 2707810.5067740697 1229327.196500566)))"
