Code,ParentCode,Name_de,Name_fr,Name_it,Name_rm,Name_en,Description_de,Description_fr,Description_it,Description_rm,Description_en
01,A,"Landwirtschaft, Jagd und damit verbundene Tätigkeiten","Culture et production animale, chasse et services annexes","Produzioni vegetali e animali, caccia e servizi connessi",,"Crop and animal production, hunting and related service activities",,,,,
011,01,Anbau ein- und zweijähriger Pflanzen,Cultures non permanentes,Coltivazione di colture agricole non permanenti,,Growing of non-perennial crops,,,,,
0111,011,Anbau von anderem Getreide als Reis sowie von Hülsenfrüchten und Ölsaaten,"Culture de céréales, à l’exception du riz, de légumineuses et de graines oléagineuses","Coltivazione di cereali, legumi da granella e semi oleosi, escluso il riso",,"Growing of cereals, other than rice, leguminous crops and oil seeds",,,,,
0112,011,Anbau von Reis,Culture du riz,Coltivazione di riso,,Growing of rice,,,,,
0113,011,Anbau von Gemüse und Melonen sowie Wurzeln und Knollen,"Culture de légumes, de melons, de racines et de tubercules","Coltivazione di ortaggi e meloni, radici e tuberi",,"Growing of vegetables and melons, roots and tubers",,,,,
0114,011,Anbau von Zuckerrohr,Culture de la canne à sucre,Coltivazione di canna da zucchero,,Growing of sugar cane,,,,,
0115,011,Anbau von Tabak,Culture du tabac,Coltivazione di tabacco,,Growing of tobacco,,,,,
0116,011,Anbau von Faserpflanzen,Culture de plantes à fibres,Coltivazione di piante tessili,,Growing of fibre crops,,,,,
0119,011,Anbau von sonstigen ein- und zweijährigen Pflanzen,Autres cultures non permanentes,Coltivazione di altre colture agricole non permanenti,,Growing of other non-perennial crops,,,,,
012,01,Anbau mehrjähriger Pflanzen,Cultures permanentes,Coltivazione di colture agricole permanenti,,Growing of perennial crops,,,,,
0121,012,Anbau von Wein- und Tafeltrauben,Culture de la vigne,Coltivazione di uva,,Growing of grapes,,,,,
012101,0121,Anbau von Trauben für den Wiederverkauf,Culture de raisins pour la revente,Coltivazione di uva per la rivendita,,Growing of grapes for reselling,,,,,
012102,0121,Anbau von Trauben für eigene Weinproduktion,Culture de raisins pour propre production de vin,Coltivazione di uva per la produzione di vino in proprio,,Growing of grapes for own wine production,,,,,
0122,012,Anbau von tropischen und subtropischen Früchten,Culture de fruits tropicaux et subtropicaux,Coltivazione di frutta di origine tropicale e subtropicale,,Growing of tropical and subtropical fruits,,,,,
0123,012,Anbau von Zitrusfrüchten,Culture d’agrumes,Coltivazione di agrumi,,Growing of citrus fruits,,,,,
0124,012,Anbau von Kern- und Steinobst,Culture de fruits à pépins et à noyau,Coltivazione di pomacee e frutta a nocciolo,,Growing of pome fruits and stone fruits,,,,,
0125,012,Anbau von sonstigem Obst und Nüssen,Culture d’autres fruits d’arbres ou d’arbustes et de fruits à coque,"Coltivazione di altri alberi da frutto, frutti di bosco e frutta in guscio",,Growing of other tree and bush fruits and nuts,,,,,
0126,012,Anbau von ölhaltigen Früchten,Culture de fruits oléagineux,Coltivazione di frutti oleosi,,Growing of oleaginous fruits,,,,,
0127,012,Anbau von Pflanzen zur Herstellung von Getränken,Culture de plantes à boissons,Coltivazione di piante per la produzione di bevande,,Growing of beverage crops,,,,,
0128,012,"Anbau von Gewürzpflanzen, Pflanzen für aromatische, narkotische und pharmazeutische Zwecke","Culture de plantes à épices, aromatiques, médicinales et pharmaceutiques","Coltivazione di spezie, piante aromatiche e farmaceutiche",,"Growing of spices, aromatic, drug and pharmaceutical crops",,,,,
0129,012,Anbau sonstiger mehrjähriger Pflanzen,Autres cultures permanentes,Coltivazione di altre colture agricole permanenti,,Growing of other perennial crops,,,,,
013,01,Betrieb von Baumschulen sowie Anbau von Pflanzen zu Vermehrungszwecken,Reproduction de plantes,Riproduzione delle piante,,Plant propagation,,,,,
014,01,Tierhaltung,Production animale,Allevamento di animali,,Animal production,,,,,
0141,014,Haltung von Milchkühen,Élevage de vaches laitières,Allevamento di bovini da latte,,Raising of dairy cattle,,,,,
0142,014,Haltung von sonstigen Rindern,Élevage d’autres bovins et de buffles,Allevamento di altri bovini e bufalini,,Raising of other cattle and buffaloes,,,,,
0143,014,Haltung von Pferden und Eseln,Élevage de chevaux et d’autres équidés,Allevamento di cavalli e altri equini,,Raising of horses and other equines,,,,,
0144,014,Haltung von Kamelen,Élevage de chameaux et d’autres camélidés,Allevamento di cammelli e camelidi,,Raising of camels and camelids,,,,,
0145,014,Haltung von Schafen und Ziegen,Élevage d’ovins et de caprins,Allevamento di ovini e caprini,,Raising of sheep and goats,,,,,
0146,014,Haltung von Schweinen,Élevage de porcins,Allevamento di suini,,Raising of swine and pigs,,,,,
0147,014,Haltung von Geflügel,Élevage de volailles,Allevamento di pollame,,Raising of poultry,,,,,
0148,014,Sonstige Tierhaltung,Élevage d’autres animaux,Allevamento di altri animali,,Raising of other animals,,,,,
015,01,Gemischte Landwirtschaft,Culture et élevage associés,Coltivazioni agricole associate all’allevamento di animali: attività mista,,Mixed farming,,,,,
016,01,Erbringung von landwirtschaftlichen Dienstleistungen und nach der Ernte anfallende Tätigkeiten,Activités de soutien à l’agriculture et traitement primaire des récoltes,Attività di supporto all’agricoltura e attività successive alla raccolta,,Support activities to agriculture and post-harvest crop activities,,,,,
0161,016,Erbringung von landwirtschaftlichen Dienstleistungen für den Pflanzenbau,Activités de soutien aux cultures,Attività di supporto alla produzione vegetale,,Support activities for crop production,,,,,
0162,016,Erbringung von landwirtschaftlichen Dienstleistungen für die Tierhaltung,Activités de soutien à la production animale,Attività di supporto alla produzione animale,,Support activities for animal production,,,,,
0163,016,Nach der Ernte anfallende Tätigkeiten in der pflanzlichen Erzeugung und Saatgutaufbereitung,Traitement primaire des récoltes et traitement des semences,Attività successive alla raccolta e lavorazione delle sementi per la semina,,Post-harvest crop activities and seed processing for propagation,,,,,
017,01,"Jagd, Fallenstellerei und damit verbundene Tätigkeiten","Chasse, piégeage et activités de service connexes","Caccia, cattura di animali e servizi connessi",,"Hunting, trapping and related service activities",,,,,
02,A,Forstwirtschaft und Holzeinschlag,Sylviculture et exploitation forestière,Silvicoltura e utilizzo di aree forestali,,Forestry and logging,,,,,
021,02,Forstwirtschaft,Sylviculture et autres activités forestières,Silvicoltura e altre attività forestali,,Silviculture and other forestry activities,,,,,
022,02,Holzeinschlag,Exploitation forestière,Utilizzo di aree forestali,,Logging,,,,,
023,02,"Sammeln von wildwachsenden Produkten, ohne Holz",Récolte de produits forestiers non ligneux poussant à l’état sauvage,Raccolta di prodotti selvatici non legnosi,,Gathering of wild growing non-wood products,,,,,
024,02,Erbringung von Dienstleistungen für Forstwirtschaft und Holzeinschlag,Activités de soutien à l’exploitation forestière,Servizi di supporto per la silvicoltura,,Support services to forestry,,,,,
03,A,Fischerei und Aquakultur,Pêche et aquaculture,Pesca e acquacoltura,,Fishing and aquaculture,,,,,
031,03,Fischerei,Pêche,Pesca,,Fishing,,,,,
0311,031,Meeresfischerei,Pêche en mer,Pesca marina,,Marine fishing,,,,,
0312,031,Süsswasserfischerei,Pêche en eau douce,Pesca in acque dolci,,Freshwater fishing,,,,,
032,03,Aquakultur,Aquaculture,Acquacoltura,,Aquaculture,,,,,
0321,032,Meeresaquakultur,Aquaculture en mer,Acquacoltura marina,,Marine aquaculture,,,,,
0322,032,Süsswasseraquakultur,Aquaculture en eau douce,Acquacoltura in acque dolci,,Freshwater aquaculture,,,,,
033,03,Erbringung von Dienstleistungen für Fischerei und Aquakultur,Activités de soutien à la pêche et l’aquaculture,Attività di supporto alla pesca e all’acquacoltura,,Support activities for fishing and aquaculture,,,,,
05,B,Kohlenbergbau,Extraction de houille et de lignite,Estrazione di carbone e lignite,,Mining of coal and lignite,,,,,
051,05,Steinkohlenbergbau,Extraction de houille,Estrazione di antracite,,Mining of hard coal,,,,,
052,05,Braunkohlenbergbau,Extraction de lignite,Estrazione di lignite,,Mining of lignite,,,,,
06,B,Gewinnung von Erdöl und Erdgas,Extraction d’hydrocarbures,Estrazione di petrolio greggio e gas naturale,,Extraction of crude petroleum and natural gas,,,,,
061,06,Gewinnung von Erdöl,Extraction de pétrole brut,Estrazione di petrolio greggio,,Extraction of crude petroleum,,,,,
062,06,Gewinnung von Erdgas,Extraction de gaz naturel,Estrazione di gas naturale,,Extraction of natural gas,,,,,
07,B,Erzbergbau,Extraction de minerais métalliques,Estrazione di minerali metalliferi,,Mining of metal ores,,,,,
071,07,Eisenerzbergbau,Extraction de minerais de fer,Estrazione di minerali metalliferi ferrosi,,Mining of iron ores,,,,,
072,07,NE-Metallerzbergbau,Extraction de minerais de métaux non ferreux,Estrazione di minerali metalliferi non ferrosi,,Mining of non-ferrous metal ores,,,,,
0721,072,Bergbau auf Uran- und Thoriumerze,Extraction de minerais d’uranium et de thorium,Estrazione di minerali di uranio e torio,,Mining of uranium and thorium ores,,,,,
0729,072,Sonstiger NE-Metallerzbergbau,Extraction d’autres minerais de métaux non ferreux,Estrazione di altri minerali metalliferi non ferrosi,,Mining of other non-ferrous metal ores,,,,,
08,B,"Gewinnung von Steinen und Erden, sonstiger Bergbau",Autres industries extractives,Altre attività estrattive,,Other mining and quarrying,,,,,
081,08,"Gewinnung von Natursteinen, Kies, Sand, Ton und Kaolin","Extraction de pierres, de sables et d’argiles","Estrazione di pietra, sabbia e argilla",,"Quarrying of stone, sand and clay",,,,,
0811,081,"Gewinnung von Naturwerksteinen, Kalk- und Gipsstein, Schiefer und sonstigem Gestein","Extraction de pierres ornementales, de calcaire industriel, de gypse, d’ardoise et d’autres pierres","Estrazione di pietre ornamentali, calcare, pietra di gesso, ardesia e altre pietre",,"Quarrying of ornamental stone, limestone, gypsum, slate and other stone",,,,,
0812,081,"Gewinnung von Kies und Sand, Ton und Kaolin","Exploitation de gravières et sablières, extraction d’argiles et de kaolin","Estrazione di ghiaia, sabbia, argilla e caolino",,Operation of gravel and sand pits and mining of clay and kaolin,,,,,
089,08,Sonstiger Bergbau; Gewinnung von Steinen und Erden a. n. g.,Activités extractives n.c.a.,Attività estrattive n.c.a.,,Mining and quarrying n.e.c.,,,,,
0891,089,Bergbau auf chemische und Düngemittelminerale,Extraction de minéraux chimiques et d’engrais minéraux,Estrazione di minerali per l’industria chimica e per la produzione di fertilizzanti,,Mining of chemical and fertiliser minerals,,,,,
0892,089,Torfgewinnung,Extraction de tourbe,Estrazione di torba,,Extraction of peat,,,,,
0893,089,Gewinnung von Salz,Production de sel,Estrazione di sale,,Extraction of salt,,,,,
0899,089,Gewinnung von Steinen und Erden a. n. g.,Autres activités extractives n.c.a.,Altre attività estrattive n.c.a.,,Other mining and quarrying n.e.c.,,,,,
09,B,Erbringung von Dienstleistungen für den Bergbau und für die Gewinnung von Steinen und Erden,Activités de soutien aux industries extractives,Attività dei servizi di supporto all’estrazione,,Mining support service activities,,,,,
091,09,Erbringung von Dienstleistungen für die Gewinnung von Erdöl und Erdgas,Activités de soutien à l’extraction d’hydrocarbures,Attività di supporto all’estrazione di petrolio e gas naturale,,Support activities for petroleum and natural gas extraction,,,,,
099,09,Erbringung von Dienstleistungen für den sonstigen Bergbau und die Gewinnung von Steinen und Erden,Activités de soutien aux autres industries extractives,Attività di supporto ad altre attività estrattive,,Support activities for other mining and quarrying,,,,,
10,C,Herstellung von Nahrungs- und Futtermitteln,Industries alimentaires,Produzione di prodotti alimentari,,Manufacture of food products,,,,,
101,10,Schlachten und Fleischverarbeitung,Transformation et conservation de la viande et préparation de produits à base de viande,Lavorazione e conservazione di carne e produzione di prodotti a base di carne,,Processing and preserving of meat and production of meat products,,,,,
1011,101,"Schlachten, ohne Schlachten von Geflügel","Transformation et conservation de la viande, à l’exception de la viande de volaille","Lavorazione e conservazione di carne, esclusa la carne di volatili",,"Processing and preserving of meat, except of poultry meat",,,,,
1012,101,Schlachten von Geflügel,Transformation et conservation de la viande de volaille,Lavorazione e conservazione di carne di volatili,,Processing and preserving of poultry meat,,,,,
1013,101,Fleischverarbeitung,Préparation de produits à base de viande et viande de volaille,"Produzione di prodotti a base di carne, inclusi prodotti a base di carne di volatili",,Production of meat and poultry meat products,,,,,
102,10,Fischverarbeitung,"Transformation et conservation de poisson, de crustacés et de mollusques","Lavorazione e conservazione di pesce, crostacei e molluschi",,"Processing and preserving of fish, crustaceans and molluscs",,,,,
103,10,Obst- und Gemüseverarbeitung,Transformation et conservation de fruits et légumes,Lavorazione e conservazione di frutta e ortaggi,,Processing and preserving of fruit and vegetables,,,,,
1031,103,Kartoffelverarbeitung,Transformation et conservation de pommes de terre,Lavorazione e conservazione di patate,,Processing and preserving of potatoes,,,,,
1032,103,Herstellung von Frucht- und Gemüsesäften,Préparation de jus de fruits et légumes,Produzione di succhi a base di frutta e ortaggi,,Manufacture of fruit and vegetable juice,,,,,
1039,103,Sonstige Verarbeitung von Obst und Gemüse,Autre transformation et conservation de fruits et légumes,Altre attività di lavorazione e conservazione di frutta e ortaggi,,Other processing and preserving of fruit and vegetables,,,,,
104,10,Herstellung von pflanzlichen und tierischen Ölen und Fetten,Fabrication d’huiles et graisses végétales et animales,Produzione di oli e grassi vegetali e animali,,Manufacture of vegetable and animal oils and fats,,,,,
1041,104,"Herstellung von Ölen und Fetten, ohne Margarine u. Ä. Nahrungsfette",Fabrication d’huiles et graisses,Produzione di oli e grassi,,Manufacture of oils and fats,,,,,
1042,104,Herstellung von Margarine u. Ä. Nahrungsfetten,Fabrication de margarine et graisses comestibles similaires,Produzione di margarina e di grassi alimentari simili,,Manufacture of margarine and similar edible fats,,,,,
105,10,Herstellung von Milcherzeugnissen und Speiseeis,Fabrication de produits laitiers et de glace alimentaire,Produzione di prodotti lattiero-caseari e gelati,,Manufacture of dairy products and edible ice,,,,,
1051,105,Herstellung von Milcherzeugnissen,Fabrication de produits laitiers,Produzione di prodotti lattiero-caseari,,Manufacture of dairy products,,,,,
105101,1051,Herstellung von Frischmilchprodukten,Fabrication de produits laitiers frais,Produzione di prodotti caseari freschi,,Manufacture of fresh dairy products,,,,,
105102,1051,Herstellung von Käse,Fabrication de fromage,Produzione di formaggio,,Manufacture of cheese,,,,,
105103,1051,Herstellung von anderen Milchprodukten,Fabrication d'autres produits laitiers,Produzione di altri prodotti lattiero-caseari,,Other milk processing,,,,,
1052,105,Herstellung von Speiseeis,Fabrication de crèmes glacées et autres glaces alimentaires,Produzione di gelati,,Manufacture of ice cream and other edible ice,,,,,
106,10,"Mahl- und Schälmühlen, Herstellung von Stärke und Stärkeerzeugnissen",Travail des grains; fabrication de produits amylacés,"Lavorazione di granaglie, produzione di amidi e di prodotti amidacei",,"Manufacture of grain mill products, starches and starch products",,,,,
1061,106,Mahl- und Schälmühlen,Travail des grains,Lavorazione di granaglie,,Manufacture of grain mill products,,,,,
1062,106,Herstellung von Stärke und Stärkeerzeugnissen,Fabrication de produits amylacés,Produzione di amidi e di prodotti amidacei,,Manufacture of starches and starch products,,,,,
107,10,Herstellung von Back- und Teigwaren,Fabrication de produits de boulangerie-pâtisserie et de pâtes alimentaires,Produzione di prodotti da forno e farinacei,,Manufacture of bakery and farinaceous products,,,,,
1071,107,"Herstellung von Backwaren, ohne Dauerbackwaren",Fabrication de pain; fabrication de pâtisserie fraîche,Produzione di pane; produzione di prodotti di pasticceria freschi,,Manufacture of bread; manufacture of fresh pastry goods and cakes,,,,,
1072,107,Herstellung von Dauerbackwaren,"Fabrication de biscuits, biscottes et pâtisseries de conservation","Produzione di fette biscottate, biscotti, prodotti di pasticceria conservati",,"Manufacture of rusks, biscuits, preserved pastries and cakes",,,,,
1073,107,Herstellung von Teigwaren,Fabrication de pâtes alimentaires,Produzione di prodotti farinacei,,Manufacture of farinaceous products,,,,,
108,10,Herstellung von sonstigen Nahrungsmitteln,Fabrication d’autres produits alimentaires,Produzione di altri prodotti alimentari,,Manufacture of other food products,,,,,
1081,108,Herstellung von Zucker,Fabrication de sucre,Produzione di zucchero,,Manufacture of sugar,,,,,
1082,108,"Herstellung von Süsswaren, ohne Dauerbackwaren","Fabrication de cacao, de chocolat et de produits de confiserie","Produzione di cacao, cioccolato, caramelle e confetterie",,"Manufacture of cocoa, chocolate and sugar confectionery",,,,,
108201,1082,Herstellung von Kakao- und Schokoladeerzeugnissen,Fabrication de cacao et de chocolat,Produzione di cacao e cioccolato,,Manufacture of cocoa and chocolate,,,,,
108202,1082,Herstellung von Zuckerwaren,Fabrication de confiserie,Produzione di confetterie,,Manufacture of confectionery and sugar confectionery,,,,,
1083,108,"Verarbeitung von Kaffee und Tee, Herstellung von Kaffee-Ersatz",Transformation du thé et du café,Lavorazione di tè e caffè,,Processing of tea and coffee,,,,,
1084,108,Herstellung von Würzmitteln und Sossen,Fabrication de condiments et assaisonnements,Produzione di condimenti e spezie,,Manufacture of condiments and seasonings,,,,,
1085,108,Herstellung von Fertiggerichten,Fabrication de plats préparés,Produzione di pasti e piatti preparati,,Manufacture of prepared meals and dishes,,,,,
1086,108,Herstellung von homogenisierten und diätetischen Nahrungsmitteln,Fabrication d’aliments homogénéisés et diététiques,Produzione di preparati omogeneizzati e di alimenti dietetici,,Manufacture of homogenised food preparations and dietetic food,,,,,
1089,108,Herstellung von sonstigen Nahrungsmitteln a. n. g.,Fabrication d’autres produits alimentaires n.c.a.,Produzione di altri prodotti alimentari n.c.a.,,Manufacture of other food products n.e.c.,,,,,
109,10,Herstellung von Futtermitteln,Fabrication d’aliments pour animaux,Produzione di prodotti per l’alimentazione degli animali,,Manufacture of prepared animal feeds,,,,,
1091,109,Herstellung von Futtermitteln für Nutztiere,Fabrication d’aliments pour animaux de ferme,Produzione di mangimi per l’alimentazione degli animali da allevamento,,Manufacture of prepared feeds for farm animals,,,,,
1092,109,Herstellung von Futtermitteln für sonstige Tiere,Fabrication d’aliments pour animaux de compagnie,Produzione di prodotti per l’alimentazione degli animali da compagnia,,Manufacture of prepared pet foods,,,,,
11,C,Getränkeherstellung,Fabrication de boissons,Produzione di bevande,,Manufacture of beverages,,,,,
1101,110,Herstellung von Spirituosen,Production de boissons alcoolisées distillées,"Distillazione, rettifica e miscelatura di alcolici",,"Distilling, rectifying and blending of spirits",,,,,
1102,110,Herstellung von Traubenwein,Production de vin (de raisin),Produzione di vini da uve,,Manufacture of wine from grape,,,,,
1103,110,Herstellung von Apfelwein und sonstigen gegorenen Getränken aus Obst,Fabrication de cidre et autres boissons fermentées à base de fruits,Produzione di sidro e di altre bevande fermentate a base di frutta,,Manufacture of cider and other fermented fruit beverages,,,,,
1104,110,Herstellung von Wermutwein und sonstigen aromatisierten Weinen,Production d’autres boissons fermentées non distillées,Produzione di altre bevande fermentate non distillate,,Manufacture of other non-distilled fermented beverages,,,,,
1105,110,Herstellung von Bier,Fabrication de bière,Produzione di birra,,Manufacture of beer,,,,,
1106,110,Herstellung von Malz,Fabrication de malt,Produzione di malto,,Manufacture of malt,,,,,
1107,110,Herstellung von Erfrischungsgetränken und Mineralwässern,Fabrication de boissons non alcoolisées et d’eaux embouteillées,Produzione di bibite analcoliche e di acque in bottiglia,,Manufacture of soft drinks and bottled waters,,,,,
12,C,Tabakverarbeitung,Fabrication de produits à base de tabac,Produzione di prodotti del tabacco,,Manufacture of tobacco products,,,,,
13,C,Herstellung von Textilien,Fabrication de textiles,Fabbricazione di tessili,,Manufacture of textiles,,,,,
131,13,Spinnstoffaufbereitung und Spinnerei,Préparation de fibres textiles et filature,Preparazione e filatura di fibre tessili,,Preparation and spinning of textile fibres,,,,,
131001,1310,Baumwollaufbereitung und -spinnerei,Préparation et filature de fibres de type coton,Preparazione e filatura di fibre tipo cotone,,Preparation and spinning of cotton-type fibres,,,,,
131002,1310,"Wollaufbereitung, Streichgarnspinnerei und Kammgarnspinnerei",Préparation et filature de fibres de type laine - cycle cardé et peigné,Preparazione e filatura di fibre tipo lana cardata e pettinata,,Preparation and spinning of woollen- and worsted-type fibres,,,,,
131003,1310,"Drehen und Vorbereiten von Garnen aus Seide, synthetischen oder künstlichen Filamenten","Moulinage et préparation de fils de soie, de filaments synthétiques ou artificiels","Torcitura e preparazione dei filati di seta, sintetici o artificiali",,"Throwing and preparation of silk, synthetic or artificial filament yarns",,,,,
131004,1310,Sonstige Spinnstoffaufbereitung und Spinnerei,Préparation et filature d'autres fibres textiles,Preparazione e filatura di altre fibre tessili,,Preparation and spinning of other textile fibres,,,,,
132,13,Weberei,Tissage,Tessitura,,Weaving of textiles,,,,,
132001,1320,Baumwollweberei,Tissage de fils de type coton,Tessitura di filati tipo cotone,,Cotton-type weaving,,,,,
132002,1320,Streichgarnweberei und Kammgarnweberei,Tissage de type laine - cycle cardé et peigné,Tessitura di filati tipo lana cardata e pettinata,,Woollen-type and worsted-type weaving,,,,,
132003,1320,Sonstige Weberei,Tissage d'autres matières textiles,Tessitura di altre materie tessili,,Other textile weaving,,,,,
133,13,Veredlung von Textilien und Bekleidung,Ennoblissement textile,Finissaggio dei tessili,,Finishing of textiles,,,,,
139,13,Herstellung von sonstigen Textilwaren,Fabrication d’autres textiles,Altre fabbricazioni tessili,,Manufacture of other textiles,,,,,
1391,139,Herstellung von gewirktem und gestricktem Stoff,Fabrication d’étoffes à mailles,Fabbricazione di tessuti a maglia e all'uncinetto,,Manufacture of knitted and crocheted fabrics,,,,,
1392,139,Herstellung von Heimtextilien und konfektionierten Textilwaren für die Innenausstattung,Fabrication de textiles ménagers et d’articles d’ameublement confectionnés,Fabbricazione di tessili per la casa e l’arredo,,Manufacture of household textiles and made-up furnishing articles,,,,,
139201,1392,Herstellung von Heimtextilien,Fabrication de textiles ménagers,Fabbricazione di tessili per la casa,,Manufacture of household textiles,,,,,
139202,1392,Herstellung von konfektionierten Textilwaren für die Innenausstattung,Fabrication d'articles textiles pour l'ameublement,Fabbricazione di articoli per l'arredo,,Manufacture of made-up furnishing articles,,,,,
1393,139,Herstellung von Teppichen,Fabrication de tapis et moquettes,Fabbricazione di tappeti e moquette,,Manufacture of carpets and rugs,,,,,
1394,139,Herstellung von Seilerwaren,"Fabrication de ficelles, cordes et filets","Fabbricazione di spago, corde, funi e reti",,"Manufacture of cordage, rope, twine and netting",,,,,
1395,139,Herstellung von Vliesstoff und nicht-konfektionierten Erzeugnissen daraus,Fabrication de textiles non-tissés et articles non-tissés,Fabbricazione di tessuti non-tessuti e di articoli in tessuto non-tessuto,,Manufacture of non-wovens and non-woven articles,,,,,
1396,139,Herstellung von technischen Textilien,Fabrication d’autres textiles techniques et industriels,Fabbricazione di altri tessuti per uso tecnico e industriale,,Manufacture of other technical and industrial textiles,,,,,
1399,139,Herstellung von sonstigen Textilwaren a. n. g.,Fabrication d’autres textiles n.c.a.,Fabbricazione di altri prodotti tessili n.c.a.,,Manufacture of other textiles n.e.c.,,,,,
139901,1399,Stickerei,Broderie,Fabbricazione di ricami,,Embroidery,,,,,
139902,1399,"Herstellung von Bändern, Gurten, Posamenten und Schläuchen","Fabrication de rubans, de ceintures, de passementeries et de tubes","Fabbricazione di nastri, cinghie, passamanerie e tubi",,"Manufacture of ribbons, belts, trimmings and tubes",,,,,
139909,1399,Herstellung von sonstigen diversen Textilien a. n. g.,Fabrication d'autres textiles divers n.c.a.,Fabbricazione di altri tessili vari n.c.a.,,Manufacture of other miscellaneous textiles n.e.c.,,,,,
14,C,Herstellung von Bekleidung,Industrie de l’habillement,Fabbricazione di articoli di abbigliamento,,Manufacture of wearing apparel,,,,,
141,14,Herstellung von Bekleidung aus gewirktem und gestricktem Stoff,Fabrication d’articles à mailles,Fabbricazione di articoli a maglia e all’uncinetto,,Manufacture of knitted and crocheted apparel,,,,,
141001,1410,Herstellung von gestrickten und gehäkelten Strumpfwaren,Fabrication de bas et collants en bonneterie,Fabbricazione di articoli di calzetteria in maglia e all'uncinetto,,Manufacture of knitted and crocheted hosiery,,,,,
141002,1410,Herstellung von sonstiger Bekleidung aus Gewirken und Gestricken,Fabrication d'autres articles en bonneterie,Fabbricazione di altri capi di abbigliamento a maglia e all'uncinetto,,Manufacture of other knitted and crocheted apparel,,,,,
142,14,Herstellung von sonstiger Bekleidung und Bekleidungszubehör,Fabrication d’autres articles d’habillement et accessoires,Fabbricazione di altri articoli di abbigliamento e accessori,,Manufacture of other wearing apparel and accessories,,,,,
1421,142,Herstellung von Oberbekleidung,Fabrication de vêtements de dessus,Fabbricazione di abbigliamento esterno,,Manufacture of outerwear,,,,,
142101,1421,Herstellung von Oberbekleidung für Männer und Jungen,Fabrication de vêtements de dessus pour hommes et garçons,Confezione di abbigliamento esterno per uomo e ragazzo,,Manufacture of men’s and boys’ outerwear,,,,,
142102,1421,Herstellung von Oberbekleidung für Frauen und Mädchen,Fabrication de vêtements de dessus pour femmes et filles,Confezione di abbigliamento esterno per donna e ragazza,,Manufacture of ladies’ and girls’ outerwear,,,,,
142103,1421,Herstellung von Oberbekleidung ohne ausgeprägten Schwerpunkt,Fabrication de vêtements de dessus sans prédominance,Confezione di abbigliamento esterno senza predominanza,,Manufacture of non-specific outerwear,,,,,
1422,142,Herstellung von Wäsche,Fabrication de vêtements de dessous,Fabbricazione di biancheria intima,,Manufacture of underwear,,,,,
142201,1422,Herstellung von Wäsche für Männer und Jungen,Fabrication de vêtements de dessous pour hommes et garçons,Fabbricazione di biancheria intima per uomo e ragazzo,,Manufacture of gents’ and boys’ underwear,,,,,
142202,1422,Herstellung von Wäsche für Frauen und Mädchen,Fabrication de vêtements de dessous pour femmes et filles,Fabbricazione di biancheria intima per donna e ragazza,,Manufacture of ladies’ and girls’ underwear,,,,,
142203,1422,Herstellung von Wäsche ohne ausgeprägten Schwerpunkt,Fabrication de vêtements de dessous sans prédominance,Fabbricazione di biancheria intima senza predominanza,,Manufacture of non-specific underwear,,,,,
1423,142,Herstellung von Arbeits- und Berufsbekleidung,Fabrication de vêtements de travail,Fabbricazione di indumenti da lavoro,,Manufacture of workwear,,,,,
1424,142,Herstellung von Lederbekleidung und Pelzwaren,Fabrication de vêtements en cuir et en fourrure,Fabbricazione di abbigliamento in pelle e in pelliccia,,Manufacture of leather clothes and fur apparel,,,,,
142401,1424,Herstellung von Lederbekleidung,Fabrication de vêtements en cuir,Fabbricazione di abbigliamento in pelle,,Manufacture of leather clothes,,,,,
142402,1424,Herstellung von Pelzwaren,Fabrication d'articles en fourrure,Fabbricazione di articoli in pelliccia,,Manufacture of articles of fur,,,,,
1429,142,Herstellung von sonstiger Bekleidung und Bekleidungszubehör a. n. g.,Fabrication d’autres articles d’habillement et accessoires n.c.a.,Fabbricazione di altri articoli di abbigliamento e accessori n.c.a.,,Manufacture of other wearing apparel and accessories n.e.c.,,,,,
15,C,"Herstellung von Leder, Lederwaren und ähnlichen Produkten aus anderen Materialen","Fabrication de cuir, d’articles en cuir et de produits similaires dans d’autres matières",Fabbricazione di pelli e cuoi e articoli in pelle e simili di altri materiali,,Manufacture of leather and related products of other materials,,,,,
151,15,"Gerben, Färben, Zurichten von Leder und Fellen; Herstellung von Reisegepäck, Handtaschen, Sattlerwaren und Geschirren","Tannage, apprêt et teinture des cuirs et des fourrures; fabrication de bagages, de maroquinerie, sellerie et bourrellerie","Concia, tintura e rifinizione di pelli, cuoi e pellicce; fabbricazione di articoli da viaggio, borse, pelletteria e selleria",,"Tanning, dyeing, dressing of leather and fur; manufacture of luggage, handbags, saddlery and harness",,,,,
1511,151,"Gerben, Färben, Zurichten von Leder und Fellen","Tannage, apprêt et teinture des cuirs et des fourrures","Concia, tintura e rifinizione di pelli, cuoi e pellicce",,"Tanning, dressing, dyeing of leather and fur",,,,,
1512,151,"Herstellung von Reisegepäck, Handtaschen, Sattlerwaren und Geschirren aus Stoffen aller Art","Fabrication de bagages, de maroquinerie, sellerie et bourrellerie, en toutes matières","Fabbricazione di articoli da viaggio, borse, pelletteria e selleria di qualsiasi materiale",,"Manufacture of luggage, handbags, saddlery and harness of any material",,,,,
152,15,Herstellung von Schuhen,Fabrication de chaussures,Fabbricazione di calzature,,Manufacture of footwear,,,,,
16,C,"Herstellung von Holz-, Flecht-, Korb- und Korkwaren, ohne Möbel","Travail du bois et fabrication d’articles en bois et en liège, à l’exception des meubles; fabrication d’articles en vannerie et sparterie","Produzione e lavorazione del legno e dei prodotti a base di legno e sughero, esclusi i mobili; fabbricazione di articoli in paglia e materiale da intreccio",,"Manufacture of wood and of products of wood and cork, except furniture; manufacture of articles of straw and plaiting materials",,,,,
161,16,Säge- und Hobelwerke; Bearbeitung und Veredlung von Holz,Sciage et rabotage du bois; façonnage et finition du bois,Taglio e piallatura del legno; lavorazione e finitura del legno,,Sawmilling and planing of wood; processing and finishing of wood,,,,,
1611,161,Säge- und Hobelwerke,Sciage et rabotage du bois,Taglio e piallatura del legno,,Sawmilling and planing of wood,,,,,
1612,161,Bearbeitung und Veredlung von Holz,Façonnage et finition du bois,Lavorazione e finitura del legno,,Processing and finishing of wood,,,,,
162,16,"Herstellung von sonstigen Holz-, Kork-, Flecht- und Korbwaren","Fabrication d’articles en bois, liège, vannerie et sparterie","Fabbricazione di prodotti in legno, sughero, paglia e materiali da intreccio",,"Manufacture of products of wood, cork, straw and plaiting materials",,,,,
1621,162,"Herstellung von Furnier-, Sperrholz-, Holzfaser- und Holzspanplatten",Fabrication de placage et de panneaux de bois,Fabbricazione di fogli da impiallacciatura e di pannelli a base di legno,,Manufacture of veneer sheets and wood-based panels,,,,,
1622,162,Herstellung von Parketttafeln,Fabrication de parquets assemblés,Fabbricazione di pavimenti di legno con elementi pre-assemblati,,Manufacture of assembled parquet floors,,,,,
1623,162,"Herstellung von sonstigen Konstruktionsteilen, Fertigbauteilen, Ausbauelementen und Fertigteilbauten aus Holz",Fabrication de charpentes et d’autres menuiseries,Fabbricazione di altri prodotti di carpenteria in legno e falegnameria per l’edilizia,,Manufacture of other builders’ carpentry and joinery,,,,,
1624,162,"Herstellung von Verpackungsmitteln, Lagerbehältern und Ladungsträgern aus Holz",Fabrication d’emballages en bois,Fabbricazione di imballaggi in legno,,Manufacture of wooden containers,,,,,
1625,162,Herstellung von Türen und Fenstern aus Holz,Fabrication de portes et fenêtres en bois,Fabbricazione di porte e finestre in legno,,Manufacture of doors and windows of wood,,,,,
1626,162,Herstellung von festen Brennstoffen aus pflanzlicher Biomasse,Fabrication de combustibles solides à partir de biomasse végétale,Produzione di combustibili solidi da biomassa vegetale,,Manufacture of solid fuels from vegetable biomass,,,,,
1627,162,Veredlung von Holzwaren,Finition de produits en bois,Finitura di prodotti in legno,,Finishing of wooden products,,,,,
1628,162,"Herstellung von sonstigen Holzwaren sowie Kork-, Flecht- und Korbwaren","Fabrication d’objets divers en bois, d’objets en liège, vannerie et sparterie","Fabbricazione di altri prodotti in legno e articoli in sughero, paglia e materiali da intreccio",,"Manufacture of other products of wood and articles of cork, straw and plaiting materials",,,,,
17,C,"Herstellung von Papier, Pappe und Waren daraus",Industrie du papier et du carton,Fabbricazione di carta e di prodotti di carta,,Manufacture of paper and paper products,,,,,
171,17,"Herstellung von Holz- und Zellstoff, Papier, Karton und Pappe","Fabrication de pâte à papier, de papier et de carton","Fabbricazione di pasta-carta, carta e cartone",,"Manufacture of pulp, paper and paperboard",,,,,
1711,171,Herstellung von Holz- und Zellstoff,Fabrication de pâte à papier,Fabbricazione di pasta-carta,,Manufacture of pulp,,,,,
1712,171,"Herstellung von Papier, Karton und Pappe",Fabrication de papier et de carton,Fabbricazione di carta e cartone,,Manufacture of paper and paperboard,,,,,
172,17,"Herstellung von Waren aus Papier, Karton und Pappe",Fabrication d’articles en papier ou en carton,Fabbricazione di articoli di carta e cartone,,Manufacture of articles of paper and paperboard,,,,,
1721,172,"Herstellung von Wellpapier und -pappe sowie von Verpackungsmitteln aus Papier, Karton und Pappe",Fabrication de papier et carton ondulés et d’emballages en papier ou en carton,"Fabbricazione di carta, cartone ondulato e di imballaggi di carta e cartone",,"Manufacture of corrugated paper, paperboard and containers of paper and paperboard",,,,,
1722,172,"Herstellung von Haushalts-, Hygiene- und Toilettenartikeln aus Zellstoff, Papier und Pappe",Fabrication d’articles en papier à usage sanitaire ou domestique,Fabbricazione di prodotti igienico-sanitari e per uso domestico in carta e ovatta di cellulosa,,Manufacture of household and sanitary goods and of toilet requisites,,,,,
1723,172,"Herstellung von Schreibwaren und Bürobedarf aus Papier, Karton und Pappe",Fabrication d’articles de papeterie,Fabbricazione di prodotti cartotecnici,,Manufacture of paper stationery,,,,,
1724,172,Herstellung von Tapeten,Fabrication de papiers peints,Fabbricazione di carta da parati,,Manufacture of wallpaper,,,,,
1725,172,"Herstellung von sonstigen Waren aus Papier, Karton und Pappe",Fabrication d’autres articles en papier ou en carton,Fabbricazione di altri articoli di carta e cartone,,Manufacture of other articles of paper and paperboard,,,,,
18,C,"Herstellung von Druckerzeugnissen; Vervielfältigung von bespielten Ton-, Bild- und Datenträgern",Imprimerie et reproduction d’enregistrements,Stampa e riproduzione di supporti registrati,,Printing and reproduction of recorded media,,,,,
181,18,Herstellung von Druckerzeugnissen,Imprimerie et services annexes,Stampa e servizi connessi alla stampa,,Printing and service activities related to printing,,,,,
1811,181,Drucken von Zeitungen,Imprimerie de journaux,Stampa di giornali,,Printing of newspapers,,,,,
1812,181,Sonstiges Drucken,Autres activités d’imprimerie,Altra stampa,,Other printing,,,,,
181201,1812,Offsetdruck,Impression offset,Stampa offset,,Offset printing,,,,,
181209,1812,Sonstiges Drucken a. n. g.,Autres impressions n.c.a.,Altre stampe n.c.a.,,Other printing n.e.c.,,,,,
1813,181,Druck- und Medienvorstufe,Activités de pré-presse,Lavorazioni preliminari alla stampa e ai media,,Pre-press and pre-media services,,,,,
1814,181,Binden von Druckerzeugnissen und damit verbundene Dienstleistungen,Reliure et activités connexes,Legatoria e servizi connessi,,Binding and related services,,,,,
182,18,"Vervielfältigung von bespielten Ton-, Bild- und Datenträgern",Reproduction d’enregistrements,Riproduzione di supporti registrati,,Reproduction of recorded media,,,,,
19,C,Kokerei und Mineralölverarbeitung,Cokéfaction et raffinage,Fabbricazione di coke e prodotti derivanti dalla raffinazione del petrolio,,Manufacture of coke and refined petroleum products,,,,,
191,19,Kokerei,Cokéfaction,Fabbricazione di prodotti di cokeria,,Manufacture of coke oven products,,,,,
192,19,Herstellung von Mineralölerzeugnissen und von fossilen Brennstoffen,Raffinage du pétrole et fabrication de produits à base de combustibles fossiles,Fabbricazione di prodotti derivanti dalla raffinazione del petrolio e prodotti da combustibili fossili,,Manufacture of refined petroleum products and fossil fuel products,,,,,
20,C,Herstellung von chemischen Erzeugnissen,Industrie chimique,Fabbricazione di prodotti chimici,,Manufacture of chemicals and chemical products,,,,,
201,20,"Herstellung von chemischen Grundstoffen, Düngemitteln und Stickstoffverbindungen, Kunststoffen in Primärformen und synthetischem Kautschuk in Primärformen","Fabrication de produits chimiques de base, de produits azotés et d’engrais, de matières plastiques de base et de caoutchouc synthétique","Fabbricazione di prodotti chimici di base, di fertilizzanti e composti azotati, di materie plastiche e gomma sintetica in forme primarie",,"Manufacture of basic chemicals, fertilisers and nitrogen compounds, plastics and synthetic rubber in primary forms",,,,,
2011,201,Herstellung von Industriegasen,Fabrication de gaz industriels,Fabbricazione di gas industriali,,Manufacture of industrial gases,,,,,
2012,201,Herstellung von Farbstoffen und Pigmenten,Fabrication de colorants et de pigments,Fabbricazione di coloranti e pigmenti,,Manufacture of dyes and pigments,,,,,
2013,201,Herstellung von sonstigen anorganischen Grundstoffen und Chemikalien,Fabrication d’autres produits chimiques inorganiques de base,Fabbricazione di altri prodotti chimici di base inorganici,,Manufacture of other inorganic basic chemicals,,,,,
2014,201,Herstellung von sonstigen organischen Grundstoffen und Chemikalien,Fabrication d’autres produits chimiques organiques de base,Fabbricazione di altri prodotti chimici di base organici,,Manufacture of other organic basic chemicals,,,,,
2015,201,Herstellung von Düngemitteln und Stickstoffverbindungen,Fabrication de produits azotés et d’engrais,Fabbricazione di fertilizzanti e composti azotati,,Manufacture of fertilisers and nitrogen compounds,,,,,
2016,201,Herstellung von Kunststoffen in Primärformen,Fabrication de matières plastiques de base,Fabbricazione di materie plastiche in forme primarie,,Manufacture of plastics in primary forms,,,,,
2017,201,Herstellung von synthetischem Kautschuk in Primärformen,Fabrication de caoutchouc synthétique,Fabbricazione di gomma sintetica in forme primarie,,Manufacture of synthetic rubber in primary forms,,,,,
202,20,"Herstellung von Schädlingsbekämpfungs-, Pflanzenschutz- und Desinfektionsmitteln","Fabrication de pesticides, de désinfectants et d’autres produits agrochimiques","Fabbricazione di fitofarmaci, disinfettanti e altri prodotti chimici per l’agricoltura",,"Manufacture of pesticides, disinfectants and other agrochemical products",,,,,
203,20,"Herstellung von Anstrichmitteln, Druckfarben und Kitten","Fabrication de peintures, vernis, encres et mastics","Fabbricazione di pitture, vernici e smalti, inchiostri da stampa e adesivi sintetici",,"Manufacture of paints, varnishes and similar coatings, printing ink and mastics",,,,,
204,20,"Herstellung von Wasch-, Reinigungs- und Poliermitteln",Fabrication de savons et de produits d’entretien,"Fabbricazione di prodotti per il lavaggio, la pulizia e la lucidatura",,"Manufacture of washing, cleaning and polishing preparations",,,,,
2041,204,"Herstellung von Seifen, Wasch-, Reinigungs- und Poliermitteln","Fabrication de savons, détergents et produits d’entretien","Fabbricazione di saponi e detergenti, di prodotti per la pulizia e la lucidatura",,"Manufacture of soap and detergents, cleaning and polishing preparations",,,,,
2042,204,Herstellung von Körperpflegemitteln und Duftstoffen,Fabrication de parfums et de produits pour la toilette,Fabbricazione di profumi e cosmetici,,Manufacture of perfume and toilet preparations,,,,,
205,20,Herstellung von sonstigen chemischen Erzeugnissen,Fabrication d’autres produits chimiques,Fabbricazione di altri prodotti chimici,,Manufacture of other chemical products,,,,,
2051,205,Herstellung von flüssigen Biokraftstoffen,Fabrication de biocarburants liquides,Produzione di biocarburanti liquidi,,Manufacture of liquid biofuels,,,,,
2059,205,Herstellung von sonstigen chemischen Erzeugnissen a. n. g.,Fabrication d’autres produits chimiques n.c.a.,Fabbricazione di altri prodotti chimici n.c.a.,,Manufacture of other chemical products n.e.c.,,,,,
206,20,Herstellung von Chemiefasern,Fabrication de fibres artificielles ou synthétiques,Fabbricazione di fibre sintetiche e artificiali,,Manufacture of man-made fibres,,,,,
21,C,Herstellung von pharmazeutischen Erzeugnissen,Industrie pharmaceutique,Fabbricazione di prodotti farmaceutici di base e di preparati farmaceutici,,Manufacture of basic pharmaceutical products and pharmaceutical preparations,,,,,
211,21,Herstellung von pharmazeutischen Grundstoffen,Fabrication de produits pharmaceutiques de base,Fabbricazione di prodotti farmaceutici di base,,Manufacture of basic pharmaceutical products,,,,,
212,21,Herstellung von pharmazeutischen Spezialitäten und sonstigen pharmazeutischen Erzeugnissen,Fabrication de préparations pharmaceutiques,Fabbricazione di medicinali e preparati farmaceutici,,Manufacture of pharmaceutical preparations,,,,,
22,C,Herstellung von Gummi- und Kunststoffwaren,Fabrication de produits en caoutchouc et en plastique,Fabbricazione di prodotti in gomma e in materie plastiche,,Manufacture of rubber and plastic products,,,,,
221,22,Herstellung von Gummiwaren,Fabrication de produits en caoutchouc,Fabbricazione di prodotti in gomma,,Manufacture of rubber products,,,,,
2211,221,Herstellung und Runderneuerung von Bereifungen,Fabrication et rechapage de pneus en caoutchouc et fabrication de chambres à air,"Fabbricazione, rigenerazione e ricostruzione di pneumatici e fabbricazione di camere d’aria",,"Manufacture, retreading and rebuilding of rubber tyres and manufacture of tubes",,,,,
2212,221,Herstellung von sonstigen Gummiwaren,Fabrication d’autres articles en caoutchouc,Fabbricazione di altri prodotti in gomma,,Manufacture of other rubber products,,,,,
222,22,Herstellung von Kunststoffwaren,Fabrication de produits en plastique,Fabbricazione di prodotti in materie plastiche,,Manufacture of plastic products,,,,,
2221,222,"Herstellung von Platten, Folien, Schläuchen und Profilen aus Kunststoffen","Fabrication de plaques, feuilles, tubes et profilés en matières plastiques","Fabbricazione di lastre, fogli, tubi e profilati in materie plastiche",,"Manufacture of plastic plates, sheets, tubes and profiles",,,,,
2222,222,Herstellung von Verpackungsmitteln aus Kunststoffen,Fabrication d’emballages en matières plastiques,Fabbricazione di imballaggi in materie plastiche,,Manufacture of plastic packing goods,,,,,
2223,222,Herstellung von Türen und Fenstern aus Kunststoffen,Fabrication de portes et fenêtres en matières plastiques,Fabbricazione di porte e finestre in materie plastiche,,Manufacture of doors and windows of plastic,,,,,
2224,222,Herstellung von Baubedarfsartikeln aus Kunststoffen,Fabrication d’éléments en matières plastiques pour la construction,Fabbricazione di articoli in materie plastiche per l’edilizia,,Manufacture of builders’ ware of plastic,,,,,
2225,222,Bearbeitung und Veredlung von Kunststoffwaren,Façonnage et finition de produits en matières plastiques,Lavorazione e finitura di prodotti in materie plastiche,,Processing and finishing of plastic products,,,,,
2226,222,Herstellung von sonstigen Kunststoffwaren,Fabrication d’autres articles en matières plastiques,Fabbricazione di altri prodotti in materie plastiche,,Manufacture of other plastic products,,,,,
23,C,"Herstellung von Glas und Glaswaren, Keramik, Verarbeitung von Steinen und Erden",Fabrication d’autres produits minéraux non métalliques,Fabbricazione di altri prodotti della lavorazione di minerali non metalliferi,,Manufacture of other non-metallic mineral products,,,,,
231,23,Herstellung von Glas und Glaswaren,Fabrication de verre et d’articles en verre,Fabbricazione di vetro e di prodotti in vetro,,Manufacture of glass and glass products,,,,,
2311,231,Herstellung von Flachglas,Fabrication de verre plat,Fabbricazione di vetro piano,,Manufacture of flat glass,,,,,
2312,231,Veredlung und Bearbeitung von Flachglas,Façonnage et transformation du verre plat,Lavorazione e trasformazione del vetro piano,,Shaping and processing of flat glass,,,,,
2313,231,Herstellung von Hohlglas,Fabrication de verre creux,Fabbricazione di vetro cavo,,Manufacture of hollow glass,,,,,
2314,231,Herstellung von Glasfasern und Waren daraus,Fabrication de fibres de verre,Fabbricazione di fibre di vetro,,Manufacture of glass fibres,,,,,
2315,231,"Herstellung, Veredlung und Bearbeitung von sonstigem Glas einschliesslich technischen Glaswaren","Fabrication et façonnage d’autres articles en verre, y compris verre technique",Fabbricazione e lavorazione di altro vetro incluso il vetro per usi tecnici,,"Manufacture and processing of other glass, including technical glassware",,,,,
232,23,Herstellung von feuerfesten keramischen Werkstoffen und Waren,Fabrication de produits réfractaires,Fabbricazione di prodotti refrattari,,Manufacture of refractory products,,,,,
233,23,Herstellung von keramischen Baumaterialien,Fabrication de matériaux de construction en terre cuite,Fabbricazione di materiali da costruzione in terracotta,,Manufacture of clay building materials,,,,,
2331,233,Herstellung von keramischen Wand- und Bodenfliesen und -platten,Fabrication de carreaux en céramique,Fabbricazione di piastrelle in ceramica per pavimenti e rivestimenti,,Manufacture of ceramic tiles and flags,,,,,
2332,233,Herstellung von Ziegeln und sonstiger Baukeramik,"Fabrication de briques, tuiles et produits de construction, en terre cuite","Fabbricazione di mattoni, tegole e altri prodotti per l’edilizia in terracotta",,"Manufacture of bricks, tiles and construction products, in baked clay",,,,,
234,23,Herstellung von sonstigen Porzellan- und keramischen Erzeugnissen,Fabrication d’autres produits en céramique et en porcelaine,Fabbricazione di altri prodotti in porcellana e in ceramica,,Manufacture of other porcelain and ceramic products,,,,,
2341,234,Herstellung von keramischen Haushaltswaren und Ziergegenständen,Fabrication d’articles céramiques à usage domestique ou ornemental,Fabbricazione di prodotti in ceramica per usi domestici e ornamentali,,Manufacture of ceramic household and ornamental articles,,,,,
2342,234,Herstellung von Sanitärkeramik,Fabrication d’appareils sanitaires en céramique,Fabbricazione di articoli sanitari in ceramica,,Manufacture of ceramic sanitary fixtures,,,,,
2343,234,Herstellung von Isolatoren und Isolierteilen aus Keramik,Fabrication d’isolateurs et pièces isolantes en céramique,Fabbricazione di isolatori e di pezzi isolanti in ceramica,,Manufacture of ceramic insulators and insulating fittings,,,,,
2344,234,Herstellung von keramischen Erzeugnissen für sonstige technische Zwecke,Fabrication d’autres produits céramiques à usage technique,Fabbricazione di altri prodotti in ceramica per uso tecnico e industriale,,Manufacture of other technical ceramic products,,,,,
2345,234,Herstellung von sonstigen keramischen Erzeugnissen,Fabrication d’autres produits céramiques,Fabbricazione di altri prodotti in ceramica,,Manufacture of other ceramic products,,,,,
235,23,"Herstellung von Zement, Kalk und gebranntem Gips","Fabrication de ciment, chaux et plâtre","Produzione di cemento, calce e gesso",,"Manufacture of cement, lime and plaster",,,,,
2351,235,Herstellung von Zement,Fabrication de ciment,Produzione di cemento,,Manufacture of cement,,,,,
2352,235,Herstellung von Kalk und gebranntem Gips,Fabrication de chaux et plâtre,Produzione di calce e gesso,,Manufacture of lime and plaster,,,,,
236,23,"Herstellung von Erzeugnissen aus Beton, Zement und Gips","Fabrication d’ouvrages en béton, en ciment ou en plâtre","Fabbricazione di prodotti in calcestruzzo, cemento e gesso",,"Manufacture of articles of concrete, cement and plaster",,,,,
2361,236,"Herstellung von Erzeugnissen aus Beton, Zement und Kalksandstein für den Bau",Fabrication d’éléments en béton pour la construction,Fabbricazione di prodotti in calcestruzzo per l’edilizia,,Manufacture of concrete products for construction purposes,,,,,
2362,236,Herstellung von Gipserzeugnissen für den Bau,Fabrication d’éléments en plâtre pour la construction,Fabbricazione di prodotti in gesso per l’edilizia,,Manufacture of plaster products for construction purposes,,,,,
2363,236,"Herstellung von Frischbeton, Transportbeton",Fabrication de béton prêt à l’emploi,Produzione di calcestruzzo pronto per l’uso,,Manufacture of ready-mixed concrete,,,,,
2364,236,"Herstellung von Mörtel und sonstigem Beton, ohne Frischbeton",Fabrication de mortiers et de bétons secs,Produzione di malta,,Manufacture of mortars,,,,,
2365,236,Herstellung von Faserzementwaren,Fabrication d’ouvrages en fibre-ciment,Fabbricazione di prodotti in fibrocemento,,Manufacture of fibre cement,,,,,
2366,236,"Herstellung von sonstigen Erzeugnissen aus Beton, Zement und Gips","Fabrication d’autres ouvrages en béton, en ciment ou en plâtre","Fabbricazione di altri prodotti in calcestruzzo, cemento e gesso",,"Manufacture of other articles of concrete, cement and plaster",,,,,
237,23,Be- und Verarbeitung von Naturwerksteinen und Natursteinen,"Taille, façonnage et finissage de pierres","Taglio, modellatura e finitura di pietre",,"Cutting, shaping and finishing of stone",,,,,
237001,2370,Bildhauerei und Steinbearbeitung,Sculpture et taille de la pierre,Scultura e taglio della pietra,,Sculpture and stone cutting,,,,,
237002,2370,"Sonstiges Schneiden, Formen und Bearbeiten von Stein","Autres travaux de taille, de façonnage et de finition de la pierre","Altro taglio, sagomatura e finitura della pietra",,"Other cutting, shaping and finishing of stone",,,,,
239,23,Herstellung von Schleifkörpern und Schleifmitteln auf Unterlage sowie sonstigen Erzeugnissen aus nichtmetallischen Mineralien a. n. g.,Fabrication de produits abrasifs et de produits minéraux non métalliques n.c.a.,Fabbricazione di prodotti abrasivi e in minerali non metalliferi n.c.a.,,Manufacture of abrasive products and non-metallic mineral products n.e.c.,,,,,
2391,239,Herstellung von Schleifkörpern und Schleifmitteln auf Unterlage,Fabrication de produits abrasifs,Fabbricazione di prodotti abrasivi,,Manufacture of abrasive products,,,,,
2399,239,Herstellung von sonstigen Erzeugnissen aus nichtmetallischen Mineralien a. n. g.,Fabrication d’autres produits minéraux non métalliques n.c.a.,Fabbricazione di altri prodotti in minerali non metalliferi n.c.a.,,Manufacture of other non-metallic mineral products n.e.c.,,,,,
24,C,Metallerzeugung und -bearbeitung,Métallurgie,Fabbricazione di metalli di base,,Manufacture of basic metals,,,,,
241,24,"Erzeugung von Roheisen, Stahl und Ferrolegierungen",Sidérurgie,"Fabbricazione di ferro, acciaio e ferroleghe",,Manufacture of basic iron and steel and of ferro-alloys,,,,,
242,24,"Herstellung von Stahlrohren, Rohrform-, Rohrverschluss- und Rohrverbindungsstücken aus Stahl","Fabrication de tubes, tuyaux, profilés creux et accessoires correspondants en acier","Fabbricazione di tubi, condotti, profilati cavi e relativi raccordi in acciaio",,"Manufacture of tubes, pipes, hollow profiles and related fittings, of steel",,,,,
242000,2420,"Herstellung von Stahlrohren, Rohrform-, Rohrverschluss- und Rohrverbindungsstücken aus Stahl","Fabrication de tubes, tuyaux, profilés creux et accessoires correspondants en acier","Fabbricazione di tubi, condotti, profilati cavi e relative guarnizioni in acciaio",,"Manufacture of tubes, pipes, hollow profiles and related fittings, of steel",,,,,
243,24,Sonstige erste Bearbeitung von Eisen und Stahl,Fabrication d’autres produits de première transformation de l’acier,Fabbricazione di altri prodotti della prima trasformazione dell’acciaio,,Manufacture of other products of first processing of steel,,,,,
2431,243,Herstellung von Blankstahl,Étirage à froid de barres,Trafilatura a freddo di barre,,Cold drawing of bars,,,,,
2432,243,Herstellung von Kaltband mit einer Breite von weniger als 600 mm,Laminage à froid de feuillards,Laminazione a freddo di nastri,,Cold rolling of narrow strip,,,,,
2433,243,Herstellung von Kaltprofilen,Profilage à froid par formage ou pliage,Profilatura mediante formatura o piegatura a freddo,,Cold forming or folding,,,,,
2434,243,Herstellung von kaltgezogenem Draht,Tréfilage à froid,Trafilatura a freddo di fili,,Cold drawing of wire,,,,,
244,24,Erzeugung und erste Bearbeitung von NE-Metallen,Production de métaux précieux et d’autres métaux non ferreux,Produzione di metalli preziosi di base e di altri metalli non ferrosi,,Manufacture of basic precious and other non-ferrous metals,,,,,
2441,244,Erzeugung und erste Bearbeitung von Edelmetallen,Production de métaux précieux,Produzione di metalli preziosi,,Precious metals production,,,,,
2442,244,Erzeugung und erste Bearbeitung von Aluminium,Métallurgie de l’aluminium,Produzione di alluminio,,Aluminium production,,,,,
2443,244,"Erzeugung und erste Bearbeitung von Blei, Zink und Zinn","Métallurgie du plomb, du zinc ou de l’étain","Produzione di piombo, zinco e stagno",,"Lead, zinc and tin production",,,,,
2444,244,Erzeugung und erste Bearbeitung von Kupfer,Métallurgie du cuivre,Produzione di rame,,Copper production,,,,,
2445,244,Erzeugung und erste Bearbeitung von sonstigen NE-Metallen,Métallurgie des autres métaux non ferreux,Produzione di altri metalli non ferrosi,,Other non-ferrous metal production,,,,,
2446,244,Aufbereitung von Kernbrennstoffen,Élaboration et transformation de matières nucléaires,Trattamento di combustibili nucleari,,Processing of nuclear fuel,,,,,
245,24,Giessereien,Fonderie,Fusione di getti in metallo,,Casting of metals,,,,,
2451,245,Eisengiessereien,Fonderie de fonte,Fusione di getti in ghisa,,Casting of iron,,,,,
2452,245,Stahlgiessereien,Fonderie d’acier,Fusione di getti in acciaio,,Casting of steel,,,,,
2453,245,Leichtmetallgiessereien,Fonderie de métaux légers,Fusione di getti in metalli leggeri,,Casting of light metals,,,,,
2454,245,Buntmetallgiessereien,Fonderie d’autres métaux non ferreux,Fusione di getti in altri metalli non ferrosi,,Casting of other non-ferrous metals,,,,,
25,C,Herstellung von Metallerzeugnissen,"Fabrication de produits métalliques, à l’exception des machines et des équipements","Fabbricazione di prodotti in metallo, esclusi macchinari e attrezzature",,"Manufacture of fabricated metal products, except machinery and equipment",,,,,
251,25,Stahl- und Leichtmetallbau,Fabrication d’éléments en métal pour la construction,Fabbricazione di elementi da costruzione in metallo,,Manufacture of structural metal products,,,,,
2511,251,Herstellung von Metallkonstruktionen,Fabrication de structures métalliques et de parties de structures,Fabbricazione di strutture metalliche e di parti di strutture metalliche,,Manufacture of metal structures and parts of structures,,,,,
2512,251,Herstellung von Ausbauelementen aus Metall,Fabrication de portes et fenêtres en métal,Fabbricazione di porte e finestre in metallo,,Manufacture of doors and windows of metal,,,,,
252,25,Herstellung von Metalltanks und -behältern,"Fabrication de réservoirs, citernes et conteneurs métalliques","Fabbricazione di cisterne, serbatoi e contenitori in metallo",,"Manufacture of tanks, reservoirs and containers of metal",,,,,
2521,252,"Herstellung von Heizkörpern, Dampfkesseln und Kesseln zum Erzeugen von überhitztem Wasser",Fabrication de radiateurs et de chaudières pour le chauffage central,"Fabbricazione di radiatori, generatori di vapore e contenitori in metallo per caldaie per il riscaldamento centrale",,"Manufacture of central heating radiators, steam generators and boilers",,,,,
2522,252,"Herstellung von Sammelbehältern, Tanks u. Ä. Behältern aus Metall","Fabrication d’autres réservoirs, citernes et conteneurs métalliques","Fabbricazione di altre cisterne, serbatoi e contenitori in metallo",,"Manufacture of other tanks, reservoirs and containers of metal",,,,,
253,25,Herstellung von Waffen und Munition,Fabrication d’armes et de munitions,Fabbricazione di armi e munizioni,,Manufacture of weapons and ammunition,,,,,
254,25,"Herstellung von Schmiede-, Press-, Zieh- und Stanzteilen und pulvermetallurgischen Erzeugnissen",Forgeage et façonnage de métal; métallurgie des poudres,Fucinatura e formatura dei metalli e metallurgia delle polveri,,Forging and shaping metal and powder metallurgy,,,,,
255,25,Oberflächenveredlung und Wärmebehandlung; Metallbearbeitung,Traitement et revêtement des métaux; usinage,Trattamento e rivestimento dei metalli; lavori di meccanica generale,,Treatment and coating of metals; machining,,,,,
2551,255,Beschichten von Metallen,Revêtement des métaux,Rivestimento dei metalli,,Coating of metals,,,,,
2552,255,Wärmebehandlung von Metallen,Traitement thermique des métaux,Trattamento termico dei metalli,,Heat treatment of metals,,,,,
2553,255,Metallbearbeitung,Usinage des métaux,Lavori di meccanica generale dei metalli,,Machining of metals,,,,,
255301,2553,Feinmechanik,Mécanique de précision,Meccanica di precisione,,Precision mechanics,,,,,
255302,2553,Sonstige Metallbearbeitung,Autre usinage des métaux,Altre lavorazioni dei metalli,,Other machining of metals,,,,,
256,25,"Herstellung von Schneidwaren, Werkzeugen, Schlössern und Beschlägen aus unedlen Metallen","Fabrication de coutellerie, d’outillage et de quincaillerie","Fabbricazione di articoli di coltelleria e posateria, utensili e oggetti di ferramenta",,"Manufacture of cutlery, tools and general hardware",,,,,
2561,256,Herstellung von Schneidwaren und Bestecken aus unedlen Metallen,Fabrication de coutellerie,Fabbricazione di articoli di coltelleria e posateria,,Manufacture of cutlery,,,,,
2562,256,Herstellung von Schlössern und Beschlägen aus unedlen Metallen,Fabrication de serrures et de ferrures,Fabbricazione di serrature e cerniere,,Manufacture of locks and hinges,,,,,
2563,256,Herstellung von Werkzeugen,Fabrication d’outillage,Fabbricazione di utensileria,,Manufacture of tools,,,,,
259,25,Herstellung von sonstigen Metallwaren,Fabrication d’autres ouvrages en métaux,Fabbricazione di altri prodotti in metallo,,Manufacture of other fabricated metal products,,,,,
2591,259,"Herstellung von Fässern, Trommeln, Dosen, Eimern u. Ä. Behältern aus Metall",Fabrication de fûts et emballages métalliques similaires,Fabbricazione di bidoni in acciaio e di contenitori simili,,Manufacture of steel drums and similar containers,,,,,
2592,259,"Herstellung von Verpackungen und Verschlüssen aus Eisen, Stahl und NE-Metall",Fabrication d’emballages métalliques légers,Fabbricazione di imballaggi in metallo leggero,,Manufacture of light metal packaging,,,,,
2593,259,"Herstellung von Drahtwaren, Ketten und Federn","Fabrication d’articles en fils métalliques, de chaînes et de ressorts","Fabbricazione di prodotti fabbricati con fili metallici, catene e molle",,"Manufacture of wire products, chain and springs",,,,,
2594,259,Herstellung von Schrauben und Nieten,Fabrication de vis et de boulons,Fabbricazione di articoli di bulloneria,,Manufacture of fasteners and screw machine products,,,,,
2599,259,Herstellung von sonstigen Metallwaren a. n. g.,Fabrication d’autres produits métalliques n.c.a.,Fabbricazione di altri prodotti in metallo n.c.a.,,Manufacture of other fabricated metal products n.e.c.,,,,,
26,C,"Herstellung von Datenverarbeitungsgeräten, elektronischen und optischen Erzeugnissen","Fabrication de produits informatiques, électroniques et optiques",Fabbricazione di computer e prodotti di elettronica e ottica,,"Manufacture of computer, electronic and optical products",,,,,
261,26,Herstellung von elektronischen Bauelementen und Leiterplatten,Fabrication de composants et cartes électroniques,Fabbricazione di componenti elettronici e schede elettroniche,,Manufacture of electronic components and boards,,,,,
2611,261,Herstellung von elektronischen Bauelementen,Fabrication de composants électroniques,Fabbricazione di componenti elettronici,,Manufacture of electronic components,,,,,
2612,261,Herstellung von bestückten Leiterplatten,Fabrication de cartes électroniques assemblées,Fabbricazione di schede elettroniche integrate,,Manufacture of loaded electronic boards,,,,,
262,26,Herstellung von Datenverarbeitungsgeräten und peripheren Geräten,Fabrication d’ordinateurs et d’équipements périphériques,Fabbricazione di computer e unità periferiche,,Manufacture of computers and peripheral equipment,,,,,
263,26,Herstellung von Geräten und Einrichtungen der Telekommunikationstechnik,Fabrication d’équipements de communication,Fabbricazione di apparecchiature per le comunicazioni,,Manufacture of communication equipment,,,,,
264,26,Herstellung von Geräten der Unterhaltungselektronik,Fabrication de produits électroniques grand public,Fabbricazione di prodotti di elettronica di consumo,,Manufacture of consumer electronics,,,,,
265,26,Herstellung von Mess- und Kontrollinstrumenten sowie von Uhren,Fabrication d’instruments de mesure et d’essai; horlogerie,Fabbricazione di strumenti di misurazione e prova e di orologi,,"Manufacture of measuring, testing instruments, clocks and watches",,,,,
2651,265,"Herstellung von Mess-, Kontroll-, Navigations- u. Ä. Instrumenten und Vorrichtungen","Fabrication d’instruments et d’appareils de mesure, d’essai et de navigation","Fabbricazione di strumenti e apparecchi di misurazione, prova e navigazione",,"Manufacture of instruments and appliances for measuring, testing and navigation",,,,,
2652,265,Herstellung von Uhren,Horlogerie,Fabbricazione di orologi,,Manufacture of watches and clocks,,,,,
265201,2652,Herstellung und Zusammensetzung von Uhren,Fabrication et assemblage de montres,Fabbricazione e assemblaggio di orologi,,Manufacture and assembly of watches,,,,,
265202,2652,Herstellung und Zusammensetzung von Grossuhren,Fabrication et assemblage de grosse horlogerie,Fabbricazione e assemblaggio di grandi orologi,,Manufacture and assembly of large clocks,,,,,
265203,2652,Herstellung und Zusammensetzung von Uhrwerken,Fabrication et assemblage de mouvements,Fabbricazione e assemblaggio di meccanismi di orologi,,Manufacture and assembly of watch movements,,,,,
265204,2652,Herstellung der Ausstattung von Uhren,Fabrication de l'habillage,Fabbricazione di casse d'orologi,,Manufacture of watch and clock external parts,,,,,
265205,2652,Herstellung von sonstigen Uhrenbestandteilen,Fabrication d'autres composants d'horlogerie,Fabbricazione di altre parti di orologi,,Manufacture of other watch and clock components,,,,,
266,26,Herstellung von Bestrahlungs- und Elektrotherapiegeräten und elektromedizinischen Geräten,"Fabrication d’équipements d’irradiation médicale, d’équipements électromédicaux et électrothérapeutiques","Fabbricazione di apparecchiature per irradiazione, elettromedicali ed elettroterapeutiche",,"Manufacture of irradiation, electromedical and electrotherapeutic equipment",,,,,
267,26,Herstellung von optischen und fotografischen Instrumenten und Geräten sowie von magnetischen und optischen Datenträgern,Fabrication de matériels optique et photographique et de supports magnétiques et optiques,"Fabbricazione di strumenti ottici, supporti magnetici e ottici e apparecchiature fotografiche",,"Manufacture of optical instruments, magnetic and optical media and photographic equipment",,,,,
27,C,Herstellung von elektrischen Ausrüstungen,Fabrication d’équipements électriques,Fabbricazione di apparecchiature elettriche,,Manufacture of electrical equipment,,,,,
271,27,"Herstellung von Elektromotoren, Generatoren, Transformatoren, Elektrizitätsverteilungs- und -schalteinrichtungen","Fabrication de moteurs, génératrices et transformateurs électriques et de matériel de distribution et de commande électrique","Fabbricazione di motori, generatori e trasformatori elettrici e di apparecchiature per la distribuzione e il controllo dell’elettricità",,"Manufacture of electric motors, generators, transformers and electricity distribution and control apparatus",,,,,
2711,271,"Herstellung von Elektromotoren, Generatoren und Transformatoren","Fabrication de moteurs, génératrices et transformateurs électriques","Fabbricazione di motori, generatori e trasformatori elettrici",,"Manufacture of electric motors, generators and transformers",,,,,
2712,271,Herstellung von Elektrizitätsverteilungs- und -schalteinrichtungen,Fabrication de matériel de distribution et de commande électrique,Fabbricazione di apparecchiature per la distribuzione e il controllo dell’elettricità,,Manufacture of electricity distribution and control apparatus,,,,,
272,27,Herstellung von Batterien und Akkumulatoren,Fabrication de piles et d’accumulateurs électriques,Fabbricazione di batterie e accumulatori,,Manufacture of batteries and accumulators,,,,,
273,27,Herstellung von Kabeln und elektrischem Installationsmaterial,Fabrication de fils et câbles et de matériel d’installation électrique,Fabbricazione di cablaggi e attrezzature per cablaggio,,Manufacture of wiring and wiring devices,,,,,
2731,273,Herstellung von Glasfaserkabeln,Fabrication de câbles de fibres optiques,Fabbricazione di cavi in fibra ottica,,Manufacture of fibre optic cables,,,,,
2732,273,Herstellung von sonstigen elektronischen und elektrischen Drähten und Kabeln,Fabrication d’autres fils et câbles électroniques ou électriques,Fabbricazione di altri fili e cavi elettronici ed elettrici,,Manufacture of other electronic and electric wires and cables,,,,,
2733,273,Herstellung von elektrischem Installationsmaterial,Fabrication de matériel d’installation électrique,Fabbricazione di attrezzature per cablaggio,,Manufacture of wiring devices,,,,,
274,27,Herstellung von Lampen und Leuchten,Fabrication d’appareils d’éclairage,Fabbricazione di apparecchiature per l’illuminazione,,Manufacture of lighting equipment,,,,,
275,27,Herstellung von Haushaltsgeräten,Fabrication d’appareils ménagers,Fabbricazione di apparecchi per uso domestico,,Manufacture of domestic appliances,,,,,
2751,275,Herstellung von elektrischen Haushaltsgeräten,Fabrication d’appareils électroménagers,Fabbricazione di elettrodomestici,,Manufacture of electric domestic appliances,,,,,
2752,275,Herstellung von nichtelektrischen Haushaltsgeräten,Fabrication d’appareils ménagers non électriques,Fabbricazione di apparecchi non elettrici per uso domestico,,Manufacture of non-electric domestic appliances,,,,,
279,27,Herstellung von sonstigen elektrischen Ausrüstungen und Geräten,Fabrication d’autres matériels électriques,Fabbricazione di altre apparecchiature elettriche,,Manufacture of other electrical equipment,,,,,
28,C,Maschinenbau a. n. g.,Fabrication de machines et équipements n.c.a.,Fabbricazione di macchinari e apparecchiature n.c.a.,,Manufacture of machinery and equipment n.e.c.,,,,,
281,28,Herstellung von nicht wirtschaftszweigspezifischen Maschinen,Fabrication de machines d’usage général,Fabbricazione di macchine di impiego generale,,Manufacture of general-purpose machinery,,,,,
2811,281,"Herstellung von Verbrennungsmotoren und Turbinen, ohne Motoren für Luft- und Strassenfahrzeuge","Fabrication de moteurs et turbines, à l’exception des moteurs d’avions et de véhicules","Fabbricazione di motori e turbine, esclusi i motori per aeromobili, veicoli e motocicli",,"Manufacture of engines and turbines, except aircraft, vehicle and cycle engines",,,,,
2812,281,Herstellung von hydraulischen und pneumatischen Komponenten und Systemen,Fabrication d’équipements de transmission de puissance hydrauliques et pneumatiques,Fabbricazione di apparecchiature fluidodinamiche,,Manufacture of fluid power equipment,,,,,
2813,281,Herstellung von sonstigen Pumpen und Kompressoren,Fabrication d’autres pompes et compresseurs,Fabbricazione di altre pompe e compressori,,Manufacture of other pumps and compressors,,,,,
2814,281,Herstellung von sonstigen Armaturen,Fabrication d’autres articles de robinetterie,Fabbricazione di altri rubinetti e valvole,,Manufacture of other taps and valves,,,,,
2815,281,"Herstellung von Lagern, Getrieben, Zahnrädern und Antriebselementen",Fabrication de roulements et de transmissions mécaniques,"Fabbricazione di cuscinetti, ingranaggi e organi di trasmissione",,"Manufacture of bearings, gears, gearing and driving elements",,,,,
282,28,Herstellung von sonstigen nicht wirtschaftszweigspezifischen Maschinen,Fabrication d’autres machines d’usage général,Fabbricazione di altre macchine di impiego generale,,Manufacture of other general-purpose machinery,,,,,
2821,282,"Herstellung von Öfen, Brennern und ortsfesten Heizgeräten für den Haushalt",Fabrication de fours et brûleurs et d’équipements fixes de chauffage domestique,"Fabbricazione di forni, caldaie e apparecchiature fisse per il riscaldamento domestico",,"Manufacture of ovens, furnaces and permanent household heating equipment",,,,,
2822,282,Herstellung von Hebezeugen und Fördermitteln,Fabrication de matériel de levage et de manutention,Fabbricazione di apparecchi di sollevamento e movimentazione,,Manufacture of lifting and handling equipment,,,,,
2823,282,"Herstellung von Büromaschinen, ohne Datenverarbeitungsgeräte und periphere Geräte",Fabrication de machines et d’équipements de bureau (à l’exception des ordinateurs et équipements périphériques),"Fabbricazione di macchine e attrezzature per ufficio, esclusi computer e unità periferiche",,"Manufacture of office machinery and equipment, except computers and peripheral equipment",,,,,
2824,282,Herstellung von handgeführten Werkzeugen mit Motorantrieb,Fabrication d’outillage portatif à moteur incorporé,Fabbricazione di utensili portatili a motore,,Manufacture of power-driven hand tools,,,,,
2825,282,"Herstellung von kälte- und lufttechnischen Erzeugnissen, nicht für den Haushalt",Fabrication d’équipements aérauliques et frigorifiques industriels,Fabbricazione di apparecchiature di climatizzazione per uso non domestico,,Manufacture of non-domestic air conditioning equipment,,,,,
2829,282,Herstellung von sonstigen nicht wirtschaftszweigspezifischen Maschinen a. n. g.,Fabrication de machines diverses d’usage général,Fabbricazione di altre macchine di impiego generale n.c.a.,,Manufacture of other general-purpose machinery n.e.c.,,,,,
283,28,Herstellung von land- und forstwirtschaftlichen Maschinen,Fabrication de machines agricoles et forestières,Fabbricazione di macchine per l’agricoltura e la silvicoltura,,Manufacture of agricultural and forestry machinery,,,,,
284,28,Herstellung von Werkzeugmaschinen,Fabrication de machines de formage des métaux et de machines-outils,Fabbricazione di macchine per la deformazione dei metalli e di altre macchine utensili,,Manufacture of metal forming machinery and machine tools,,,,,
2841,284,Herstellung von Werkzeugmaschinen für die Metallbearbeitung,Fabrication de machines-outils pour le formage et le travail des métaux,Fabbricazione di macchine per la deformazione dei metalli e di altre macchine utensili per la lavorazione dei metalli,,Manufacture of metal forming machinery and machine tools for metal work,,,,,
2842,284,Herstellung von sonstigen Werkzeugmaschinen,Fabrication d’autres machines-outils,Fabbricazione di altre macchine utensili,,Manufacture of other machine tools,,,,,
289,28,Herstellung von Maschinen für sonstige bestimmte Wirtschaftszweige,Fabrication d’autres machines d’usage spécifique,Fabbricazione di altre macchine per impieghi speciali,,Manufacture of other special-purpose machinery,,,,,
2891,289,"Herstellung von Maschinen für die Metallerzeugung, von Walzwerkseinrichtungen und Giessmaschinen",Fabrication de machines pour la métallurgie,Fabbricazione di macchine per la metallurgia,,Manufacture of machinery for metallurgy,,,,,
2892,289,"Herstellung von Bergwerks-, Bau- und Baustoffmaschinen",Fabrication de machines pour l’extraction ou la construction,"Fabbricazione di macchine da miniera, cava e cantiere",,"Manufacture of machinery for mining, quarrying and construction",,,,,
2893,289,Herstellung von Maschinen für die Nahrungs- und Genussmittelerzeugung und die Tabakverarbeitung,Fabrication de machines pour l’industrie agroalimentaire,"Fabbricazione di macchine per l’industria alimentare, delle bevande e del tabacco",,"Manufacture of machinery for food, beverage and tobacco processing",,,,,
2894,289,Herstellung von Maschinen für die Textil- und Bekleidungsherstellung und die Lederverarbeitung,Fabrication de machines pour les industries textiles et du cuir,"Fabbricazione di macchine per l'industria tessile, dell'abbigliamento e del cuoio",,"Manufacture of machinery for textile, apparel and leather production",,,,,
2895,289,Herstellung von Maschinen für die Papiererzeugung und -verarbeitung,Fabrication de machines pour les industries du papier et du carton,Fabbricazione di macchine per l’industria della carta e del cartone,,Manufacture of machinery for paper and paperboard production,,,,,
2896,289,Herstellung von Maschinen für die Verarbeitung von Kunststoffen und Kautschuk,Fabrication de machines pour le travail du caoutchouc ou des plastiques,Fabbricazione di macchine per l’industria delle materie plastiche e della gomma,,Manufacture of plastics and rubber machinery,,,,,
2897,289,Herstellung von Maschinen für die additive Fertigung,Fabrication de machines de fabrication additive,Fabbricazione di macchine per la produzione additiva,,Manufacture of additive manufacturing machinery,,,,,
2899,289,Herstellung von Maschinen für sonstige bestimmte Wirtschaftszweige a. n. g.,Fabrication d’autres machines d’usage spécifique n.c.a.,Fabbricazione di altre macchine per impieghi speciali n.c.a.,,Manufacture of other special-purpose machinery n.e.c.,,,,,
29,C,Herstellung von Kraftwagen und Kraftwagenteilen,Industrie automobile,"Fabbricazione di autoveicoli, rimorchi e semirimorchi",,"Manufacture of motor vehicles, trailers and semi-trailers",,,,,
291,29,Herstellung von Kraftwagen und Kraftwagenmotoren,Construction de véhicules automobiles,Fabbricazione di autoveicoli,,Manufacture of motor vehicles,,,,,
292,29,"Herstellung von Karosserien, Aufbauten und Anhängern",Fabrication de carrosseries de véhicules automobiles; fabrication de remorques et de semi-remorques,Fabbricazione di carrozzerie per autoveicoli; fabbricazione di rimorchi e semirimorchi,,Manufacture of bodies and coachwork for motor vehicles; manufacture of trailers and semi-trailers,,,,,
293,29,Herstellung von Teilen und Zubehör für Kraftwagen,Fabrication d’équipements automobiles,Fabbricazione di parti e accessori per autoveicoli,,Manufacture of motor vehicle parts and accessories,,,,,
2931,293,Herstellung elektrischer und elektronischer Ausrüstungsgegenstände für Kraftwagen,Fabrication d’équipements électriques et électroniques automobiles,Fabbricazione di apparecchiature elettriche ed elettroniche per autoveicoli,,Manufacture of electrical and electronic equipment for motor vehicles,,,,,
2932,293,Herstellung von sonstigen Teilen und sonstigem Zubehör für Kraftwagen,Fabrication d’autres équipements automobiles,Fabbricazione di altre parti e accessori per autoveicoli,,Manufacture of other parts and accessories for motor vehicles,,,,,
30,C,Sonstiger Fahrzeugbau,Fabrication d’autres matériels de transport,Fabbricazione di altri mezzi di trasporto,,Manufacture of other transport equipment,,,,,
301,30,Schiff- und Bootsbau,Construction navale,Costruzione di navi e imbarcazioni,,Building of ships and boats,,,,,
3011,301,"Bau von Schiffen und schwimmenden Vorrichtungen für zivile Zwecke, ohne Boots- und Yachtbau",Construction de navires et de structures flottantes civiles,Costruzione di navi e di strutture galleggianti per scopi civili,,Building of civilian ships and floating structures,,,,,
3012,301,Boots- und Yachtbau,Construction de bateaux de plaisance,Costruzione di imbarcazioni da diporto e sportive,,Building of pleasure and sporting boats,,,,,
3013,301,Bau von Kriegsschiffen,Construction de bateaux et navires militaires,Costruzione di navi e imbarcazioni per scopi militari,,Building of military ships and vessels,,,,,
302,30,Schienenfahrzeugbau,Construction de locomotives et d’autre matériel ferroviaire roulant,Costruzione di locomotive e di materiale rotabile ferro-tranviario,,Manufacture of railway locomotives and rolling stock,,,,,
303,30,Luft- und Raumfahrzeugbau,Construction aéronautique et spatiale,"Fabbricazione di aeromobili, veicoli spaziali e relativi equipaggiamenti",,Manufacture of air and spacecraft and related machinery,,,,,
3031,303,Luft- und Raumfahrzeugbau für zivile Zwecke,Construction aéronautique et spatiale civile,"Fabbricazione di aeromobili, veicoli spaziali e relativi equipaggiamenti per scopi civili",,Manufacture of civilian air and spacecraft and related machinery,,,,,
3032,303,Luft- und Raumfahrzeugbau für militärische Zwecke,Construction aéronautique et spatiale militaire,"Fabbricazione di aeromobili, veicoli spaziali e relativi equipaggiamenti per scopi militari",,Manufacture of military air and spacecraft and related machinery,,,,,
304,30,Herstellung von militärischen Kampffahrzeugen,Construction de véhicules militaires de combat,Fabbricazione di veicoli militari da combattimento,,Manufacture of military fighting vehicles,,,,,
309,30,Herstellung von Beförderungsmitteln a. n. g.,Fabrication de matériels de transport n.c.a.,Fabbricazione di mezzi di trasporto n.c.a.,,Manufacture of transport equipment n.e.c.,,,,,
3091,309,Herstellung von Krafträdern,Fabrication de motocycles,Fabbricazione di motocicli,,Manufacture of motorcycles,,,,,
3092,309,Herstellung von Fahrrädern sowie von Behindertenfahrzeugen,Fabrication de bicyclettes et de véhicules pour invalides,Fabbricazione di biciclette e veicoli per disabili,,Manufacture of bicycles and invalid carriages,,,,,
309201,3092,Herstellung von Fahrrädern,Fabrication de vélos,Fabbricazione di biciclette,,Manufacture of bicycles,,,,,
309202,3092,Herstellung von Fahrzeugen für Personen mit eingeschränkter Mobilität,Fabrication de véhicules pour personnes à mobilité réduite,Fabbricazione di veicoli per persone a mobilità ridotta,,Manufacture of carriages for people with reduced mobility,,,,,
3099,309,Herstellung von sonstigen Beförderungsmitteln a. n. g.,Fabrication d’autres équipements de transport n.c.a.,Fabbricazione di altri mezzi di trasporto n.c.a.,,Manufacture of other transport equipment n.e.c.,,,,,
31,C,Herstellung von Möbeln,Fabrication de meubles,Fabbricazione di mobili,,Manufacture of furniture,,,,,
310001,3100,Herstellung von Büro- und Ladenmöbeln,Fabrication de mobilier de bureau et de magasin,Fabbricazione di mobili per ufficio e negozi,,Manufacture of office and shop furniture,,,,,
310002,3100,Herstellung von Küchen- und Badzimmermöbeln,Fabrication de meubles de cuisine et de salle de bains,Fabbricazione di mobili per cucina e bagni,,Manufacture of kitchen furniture and bathroom furniture,,,,,
310009,3100,Herstellung von sonstigen Möbeln a. n. g.,Fabrication d'autres meubles n.c.a.,Fabbricazione di altri mobili n.c.a.,,Manufacture of other furniture n.e.c.,,,,,
32,C,Herstellung von sonstigen Waren,Autres industries manufacturières,Altre attività manifatturiere,,Other manufacturing,,,,,
321,32,"Herstellung von Münzen, Schmuck und ähnlichen Erzeugnissen","Fabrication d’articles de joaillerie, bijouterie et articles similaires","Fabbricazione di gioielleria, bigiotteria e articoli connessi",,"Manufacture of jewellery, bijouterie and related articles",,,,,
3211,321,Herstellung von Münzen,Frappe de monnaie,Coniazione di monete,,Striking of coins,,,,,
3212,321,"Herstellung von Schmuck, Gold- und Silberschmiedewaren, ohne Fantasieschmuck",Fabrication d’articles de joaillerie et bijouterie,Fabbricazione di gioielli e articoli simili,,Manufacture of jewellery and related articles,,,,,
321201,3212,Herstellung von Edelsteinen und Halbedelsteinen,Fabrication de pierres précieuses et semi-précieuses,Fabbricazione di pietre preziose e semipreziose,,Manufacture of precious and semi-precious stones,,,,,
321202,3212,"Herstellung von Schmuck, Gold- und Silberschmiedewaren",Fabrication d’articles de joaillerie et bijouterie,Fabbricazione di gioielli e articoli simili,,Manufacture of jewellery and related articles,,,,,
3213,321,Herstellung von Fantasieschmuck,Fabrication d’articles de bijouterie fantaisie et articles similaires,Fabbricazione di bigiotteria e articoli simili,,Manufacture of imitation jewellery and related articles,,,,,
322,32,Herstellung von Musikinstrumenten,Fabrication d’instruments de musique,Fabbricazione di strumenti musicali,,Manufacture of musical instruments,,,,,
323,32,Herstellung von Sportgeräten,Fabrication d’articles de sport,Fabbricazione di articoli sportivi,,Manufacture of sports goods,,,,,
324,32,Herstellung von Spielwaren,Fabrication de jeux et jouets,Fabbricazione di giochi e giocattoli,,Manufacture of games and toys,,,,,
325,32,Herstellung von medizinischen und zahnmedizinischen Apparaten und Materialien,Fabrication d’instruments et de fournitures à usage médical et dentaire,Fabbricazione di strumenti e forniture mediche e dentistiche,,Manufacture of medical and dental instruments and supplies,,,,,
325001,3250,Herstellung von orthopädischen und prothetischen Erzeugnissen,Fabrication de matériel orthopédique et prothétique,"Fabbricazione di protesi ortopediche, altre protesi ed ausili",,Manufacture of orthopaedic and prosthetic devices,,,,,
325002,3250,Aktivitäten von Dentallaboren,Activités des laboratoires dentaires,Attività di laboratori odontotecnici,,Activities of dental laboratories,,,,,
325003,3250,Herstellung von Brillen,Fabrication de lunettes,Fabbricazione di occhiali,,Manufacture of eyeglasses,,,,,
325009,3250,Herstellung von medizinischen und zahnmedizinischen Apparaten und Materialien a. n. g.,Fabrication d'instruments et de fournitures à usage médical et dentaire n.c.a,Fabbricazione di strumenti e forniture mediche e dentistiche n.c.a.,,Manufacture of medical and dental instruments and supplies n.e.c.,,,,,
329,32,Herstellung von Erzeugnissen a. n. g.,Activités manufacturières n.c.a.,Attività manifatturiere n.c.a.,,Manufacturing n.e.c.,,,,,
3291,329,Herstellung von Besen und Bürsten,Fabrication d’articles de brosserie,Fabbricazione di scope e spazzole,,Manufacture of brooms and brushes,,,,,
3299,329,Herstellung von sonstigen Erzeugnissen a. n. g.,Autres activités manufacturières n.c.a.,Altre attività manifatturiere n.c.a.,,Other manufacturing n.e.c.,,,,,
33,C,"Reparatur, Instandhaltung und Installation von Maschinen und Ausrüstungen","Réparation, entretien et installation de machines et d’équipements","Riparazione, manutenzione e installazione di macchine e apparecchiature",,"Repair, maintenance and installation of machinery and equipment",,,,,
331,33,"Reparatur und Instandhaltung von Metallerzeugnissen, Maschinen und Ausrüstungen","Réparation et entretien d’ouvrages en métaux, de machines et d’équipements","Riparazione e manutenzione di prodotti in metallo, macchine e apparecchiature",,"Repair and maintenance of fabricated metal products, machinery and equipment",,,,,
3311,331,Reparatur und Instandhaltung von Metallerzeugnissen,Réparation et entretien d’ouvrages en métaux,Riparazione e manutenzione di prodotti in metallo,,Repair and maintenance of fabricated metal products,,,,,
3312,331,Reparatur und Instandhaltung von Maschinen,Réparation et entretien de machines,Riparazione e manutenzione di macchinari,,Repair and maintenance of machinery,,,,,
3313,331,Reparatur und Instandhaltung von elektronischen und optischen Geräten,Réparation et entretien de matériels électroniques et optiques,Riparazione e manutenzione di apparecchiature elettroniche e ottiche,,Repair and maintenance of electronic and optical equipment,,,,,
3314,331,Reparatur und Instandhaltung von elektrischen Ausrüstungen,Réparation et entretien d’équipements électriques,Riparazione e manutenzione di apparecchiature elettriche,,Repair and maintenance of electrical equipment,,,,,
3315,331,"Reparatur und Instandhaltung von zivilen Schiffen, Booten und Yachten",Réparation et entretien de bateaux et navires civils,Riparazione e manutenzione di navi e imbarcazioni per scopi civili,,Repair and maintenance of civilian ships and boats,,,,,
3316,331,Reparatur und Instandhaltung von zivilen Luft- und Raumfahrzeugen,Réparation et entretien d’aéronefs et d’engins spatiaux civils,Riparazione e manutenzione di aeromobili e veicoli spaziali per scopi civili,,Repair and maintenance of civilian air and spacecraft,,,,,
3317,331,Reparatur und Instandhaltung von sonstigen zivilen Beförderungsmitteln,Réparation et entretien d’autres équipements de transport civils,Riparazione e manutenzione di altri mezzi di trasporto per scopi civili,,Repair and maintenance of other civilian transport equipment,,,,,
3318,331,"Reparatur und Instandhaltung von militärischen Kampffahrzeugen, Luft- und Raumfahrzeugen sowie Kriegsschiffen","Réparation et entretien de véhicules de combat, de navires, de bateaux, d’aéronefs et d’engins spatiaux militaires","Riparazione e manutenzione di veicoli da combattimento, navi, imbarcazioni, aeromobili e veicoli spaziali per scopi militari",,"Repair and maintenance of military fighting vehicles, ships, boats, air and spacecraft",,,,,
3319,331,Reparatur und Instandhaltung von sonstigen Ausrüstungen,Réparation et entretien d’autres équipements,Riparazione e manutenzione di altre apparecchiature,,Repair and maintenance of other equipment,,,,,
332,33,Installation von Industriemaschinen und -ausrüstungen,Installation de machines et d’équipements industriels,Installazione di macchine e apparecchiature industriali,,Installation of industrial machinery and equipment,,,,,
35,D,Energieversorgung,"Production et distribution d’électricité, de gaz, de vapeur et d’air conditionné","Fornitura di energia elettrica, gas, vapore e aria condizionata",,"Electricity, gas, steam and air conditioning supply",,,,,
351,35,Elektrizitätsversorgung,"Production, transport et distribution d’électricité","Produzione, trasmissione e distribuzione di energia elettrica",,"Electric power generation, transmission and distribution",,,,,
3511,351,Elektrizitätserzeugung aus nicht erneuerbaren Energieträgern,Production d’électricité à partir de sources non renouvelables,Produzione di energia elettrica da fonti non rinnovabili,,Production of electricity from non-renewable sources,,,,,
3512,351,Elektrizitätserzeugung aus erneuerbaren Energieträgern,Production d’électricité à partir de sources renouvelables,Produzione di energia elettrica da fonti rinnovabili,,Production of electricity from renewable sources,,,,,
3513,351,Elektrizitätsübertragung,Transport d’électricité,Trasmissione di energia elettrica,,Transmission of electricity,,,,,
3514,351,Elektrizitätsverteilung,Distribution d’électricité,Distribuzione di energia elettrica,,Distribution of electricity,,,,,
3515,351,Elektrizitätshandel,Commerce d’électricité,Commercio di energia elettrica,,Trade of electricity,,,,,
3516,351,Speichern von elektrischer Energie,Stockage de l’électricité,Stoccaggio di energia elettrica,,Storage of electricity,,,,,
352,35,Gasversorgung,Production de gaz et distribution de combustibles gazeux par conduites,Produzione di gas e distribuzione di combustibili gassosi mediante condotte,,"Manufacture of gas, and distribution of gaseous fuels through mains",,,,,
3521,352,Gaserzeugung,Production de gaz,Produzione di gas,,Manufacture of gas,,,,,
3522,352,Gasverteilung durch Rohrleitungen,Distribution de combustibles gazeux par conduites,Distribuzione di combustibili gassosi mediante condotte,,Distribution of gaseous fuels through mains,,,,,
3523,352,Gashandel durch Rohrleitungen,Commerce de combustibles gazeux par conduites,Commercio di gas distribuito mediante condotte,,Trade of gas through mains,,,,,
3524,352,Speichern von Gas zu Versorgungszwecken,Stockage de gaz dans le cadre de services d’approvisionnement en réseau,Stoccaggio di gas nell’ambito dei servizi di fornitura della rete,,Storage of gas as part of network supply services,,,,,
353,35,Wärme- und Kälteversorgung,Production et distribution de vapeur et d’air conditionné,Fornitura di vapore e aria condizionata,,Steam and air conditioning supply,,,,,
354,35,Tätigkeiten von Strom- und Erdgasmaklerinnen und -maklern,Activités des courtiers et agents pour l’électricité et le gaz naturel,Servizi di intermediazione per l’energia elettrica e il gas naturale,,Activities of brokers and agents for electric power and natural gas,,,,,
36,E,Wasserversorgung,"Captage, traitement et distribution d’eau","Raccolta, trattamento e fornitura di acqua",,"Water collection, treatment and supply",,,,,
37,E,Abwasserentsorgung,Collecte et traitement des eaux usées,Gestione delle reti fognarie,,Sewerage,,,,,
370001,3700,Abfluss- und Kanalreinigung,Nettoyage des canalisations et égouts,Pulizia di scarichi e fognature,,Sewer and drain cleaning,,,,,
38,E,"Sammlung, Verwertung und Beseitigung von Abfällen","Collecte, valorisation et élimination des déchets","Attività di raccolta, recupero e smaltimento dei rifiuti",,"Waste collection, recovery and disposal activities",,,,,
381,38,Sammlung von Abfällen,Collecte des déchets,Raccolta dei rifiuti,,Waste collection,,,,,
3811,381,Sammlung nicht gefährlicher Abfälle,Collecte des déchets non dangereux,Raccolta di rifiuti non pericolosi,,Collection of non-hazardous waste,,,,,
3812,381,Sammlung gefährlicher Abfälle,Collecte des déchets dangereux,Raccolta di rifiuti pericolosi,,Collection of hazardous waste,,,,,
382,38,Verwertung von Abfällen,Valorisation des déchets,Recupero dei rifiuti,,Waste recovery,,,,,
3821,382,Verwertung von Werkstoffen,Récupération de matériaux,Recupero dei materiali,,Materials recovery,,,,,
3822,382,Energetische Verwertung von Abfällen,Valorisation énergétique,Recupero di energia,,Energy recovery,,,,,
3823,382,Sonstige Verwertung von Abfällen,Autre valorisation des déchets,Altre attività di recupero dei rifiuti,,Other waste recovery,,,,,
383,38,Abfallbeseitigung ohne Verwertung,Élimination des déchets sans valorisation,Smaltimento dei rifiuti senza recupero,,Waste disposal without recovery,,,,,
3831,383,Verbrennung von Abfällen ohne energetische Verwertung,Incinération sans récupération d’énergie,Incenerimento senza recupero di energia,,Incineration without energy recovery,,,,,
3832,383,Deponierung oder Dauerlagerung von Abfällen,Mise en décharge ou stockage permanent,Conferimento in discarica o stoccaggio permanente,,Landfilling or permanent storage,,,,,
3833,383,Sonstige Beseitigung von Abfällen,Autre élimination des déchets,Altre attività di smaltimento dei rifiuti,,Other waste disposal,,,,,
39,E,Beseitigung von Umweltverschmutzungen und sonstige Tätigkeiten in der Abfallbewirtschaftung,Activités de dépollution et autres activités de service de gestion des déchets,Attività di risanamento e altri servizi di gestione dei rifiuti,,Remediation activities and other waste management service activities,,,,,
41,F,Hochbau,Construction de bâtiments résidentiels et non résidentiels,Costruzione di edifici residenziali e non residenziali,,Construction of residential and non-residential buildings,,,,,
410001,4100,Allgemeiner Hochbau,Construction générale de bâtiments,Costruzione generale di edifici,,General construction of buildings,,,,,
410002,4100,Allgemeine Gebäudewartung und Reparaturarbeiten,Entretien général des bâtiments et travaux de réparation,Manutenzione generale degli edifici e lavori di riparazione,,General building maintenance and repair work,,,,,
42,F,Tiefbau,Génie civil,Ingegneria civile,,Civil engineering,,,,,
421,42,Bau von Strassen und Bahnverkehrsstrecken,Construction de routes et de voies ferrées,Costruzione di strade e linee ferroviarie,,Construction of roads and railways,,,,,
4211,421,Bau von Strassen,Construction de routes et autoroutes,Costruzione di strade e autostrade,,Construction of roads and motorways,,,,,
4212,421,Bau von Bahnverkehrsstrecken,Construction de voies ferrées de surface et souterraines,Costruzione di linee ferroviarie e metropolitane,,Construction of railways and underground railways,,,,,
4213,421,Brücken- und Tunnelbau,Construction de ponts et tunnels,Costruzione di ponti e gallerie,,Construction of bridges and tunnels,,,,,
422,42,Bau von Versorgungseinrichtungen,Construction de réseaux et de lignes,Costruzione di opere di pubblica utilità,,Construction of utility projects,,,,,
4221,422,"Rohrleitungstiefbau, Brunnenbau und Kläranlagenbau",Construction de réseaux pour fluides,Costruzione di opere di pubblica utilità per il trasporto dei fluidi,,Construction of utility projects for fluids,,,,,
4222,422,Bau von Versorgungseinrichtungen für Elektrizität und Telekommunikation,Construction de réseaux électriques et de télécommunications,Costruzione di opere di pubblica utilità per l’energia elettrica e le telecomunicazioni,,Construction of utility projects for electricity and telecommunications,,,,,
429,42,Sonstiger Tiefbau,Construction d’autres ouvrages de génie civil,Costruzione di altre opere di ingegneria civile,,Construction of other civil engineering projects,,,,,
4291,429,Wasserbau,Construction d’ouvrages maritimes et fluviaux,Costruzione di opere idrauliche,,Construction of water projects,,,,,
4299,429,Sonstiger Tiefbau a. n. g.,Construction d’autres ouvrages de génie civil n.c.a.,Costruzione di altre opere di ingegneria civile n.c.a.,,Construction of other civil engineering projects n.e.c.,,,,,
43,F,"Vorbereitende Baustellenarbeiten, Bauinstallation und sonstiges Ausbaugewerbe",Travaux de construction spécialisés,Lavori di costruzione specializzati,,Specialised construction activities,,,,,
431,43,Abbrucharbeiten und vorbereitende Baustellenarbeiten,Démolition et préparation des sites,Demolizione e preparazione del cantiere edile,,Demolition and site preparation,,,,,
4311,431,Abbrucharbeiten,Démolition,Demolizione,,Demolition,,,,,
4312,431,Vorbereitende Baustellenarbeiten,Travaux de préparation des sites,Preparazione del cantiere edile,,Site preparation,,,,,
4313,431,Test- und Suchbohrung,Forages et sondages,Trivellazioni e perforazioni,,Test drilling and boring,,,,,
432,43,Bauinstallation,"Travaux d’installation électrique, plomberie et autres travaux d’installation","Installazione di impianti elettrici, idraulici e altri lavori di installazione edili",,"Electrical, plumbing and other construction installation activities",,,,,
4321,432,Elektroinstallation,Installation électrique,Installazione di impianti elettrici,,Electrical installation,,,,,
4322,432,"Gas-, Wasser-, Heizungs- sowie Lüftungs- und Klimainstallation",Travaux de plomberie et installation de chauffage et de conditionnement d’air,"Installazione di impianti idraulici, di riscaldamento e di condizionamento dell’aria",,"Plumbing, heat and air-conditioning installation",,,,,
432201,4322,Installation von Sanitär- und Klempnerausrüstung,Installation d'équipements sanitaires et plomberie,Installazione di impianti idraulici e sanitari,,Sanitary installation and plumbing,,,,,
432202,4322,"Installation von Heizungs-, Lüftungs- und Klimainstallation","Installation de systèmes de chauffage, de ventilation et de conditionnement d’air","Installazione di sistemi di riscaldamento, ventilazione e condizionamento dell'aria",,"lnstallation of heating, ventilation and air-conditioning systems",,,,,
4323,432,Einbau von Isolierungen,Mise en place de l’isolation,Installazione di sistemi per l'isolamento,,Installation of insulation,,,,,
4324,432,Sonstige Bauinstallation,Autres travaux d’installation,Altri lavori di installazione edili,,Other construction installation,,,,,
432401,4324,Installation von Storen,Installation de stores,Installazione di tende,,Installation of blinds,,,,,
432409,4324,Sonstige Bauinstallation a. n. g.,Autres travaux d’installation n.c.a.,Altri lavori di installazione edili n.c.a.,,Other construction installation n.e.c.,,,,,
433,43,Sonstiger Ausbau,Travaux de finition,Completamento e finitura di edifici,,Building completion and finishing,,,,,
4331,433,"Anbringen von Stuckaturen, Gipserei und Verputzerei",Travaux de plâtrerie,Intonacatura,,Plastering,,,,,
4332,433,Bautischlerei und -schlosserei,Travaux de menuiserie,Posa in opera di infissi,,Joinery installation,,,,,
433201,4332,Einbau von Küchen,Installation de cuisines,Installazione di cucine,,Installation of kitchens,,,,,
433202,4332,Sonstige Bautischlerei und -schlosserei,Autres travaux de menuiserie,Altre installazioni di falegnameria,,Other joinery installation,,,,,
4333,433,"Fussboden-, Fliesen- und Plattenlegerei, Tapeziererei",Travaux de revêtement des sols et des murs,Rivestimento di pavimenti e di pareti,,Floor and wall covering,,,,,
433301,4333,Verlegen von Boden- und Wandbelägen,Pose de revêtement de sol et de mur,Posa di pavimenti e rivestimenti,,Laying of floor and wall coverings,,,,,
433302,4333,Verlegen von Fliesen und Platten,Pose de carrelage,Posa di piastrelle,,Laying of tiles,,,,,
4334,433,Malerei und Glaserei,Travaux de peinture et vitrerie,Tinteggiatura e posa in opera di vetri,,Painting and glazing,,,,,
433401,4334,Malerei,Peinture,Tinteggiatura,,Painting,,,,,
433402,4334,Malerei und Gipserei ohne ausgeprägten Schwerpunkt,Peinture et plâtrerie sans prédominance,Tinteggiatura e intonacatura senza predominanza,,Painting and plastering equally combined,,,,,
433403,4334,Glaserei,Vitrerie,Posa in opera di vetrate,,Glazing,,,,,
4335,433,Sonstiger Ausbau,Autres travaux de finition,Altri lavori di completamento e finitura degli edifici,,Other building completion and finishing,,,,,
434,43,Spezialisierte Bautätigkeiten im Hochbau,Travaux de construction spécialisés dans la construction de bâtiments,Lavori di costruzione specializzati nella costruzione di edifici,,Specialised construction activities in construction of buildings,,,,,
4341,434,Dachdeckerei und Zimmerei,Travaux de couverture,Realizzazione di coperture,,Roofing activities,,,,,
434101,4341,Dachstuhlarbeiten,Montage de charpentes,Lavori di carpenteria,,Roof framing works,,,,,
434102,4341,Dachdeckerei,Pose de couvertures,Copertura di tetti,,Roofing,,,,,
434103,4341,Bauspenglerei,Travaux de ferblanterie,Lavori di lattoneria,,Flashing and guttering work,,,,,
4342,434,Sonstige spezialisierte Bautätigkeiten im Hochbau,Autres travaux de construction spécialisés dans la construction de bâtiments,Altri lavori di costruzione specializzati nella costruzione di edifici,,Other specialised construction activities in construction of buildings,,,,,
434201,4342,Abdichtungsarbeiten,Travaux d'étanchéité,Lavori di impermeabilizzazione,,Waterproofing,,,,,
434202,4342,Gerüstbau,Montage d'échafaudages,Montaggio e smontaggio di ponteggi,,Erection of scaffolding,,,,,
434203,4342,Bau von Kaminen und Industrieöfen,Construction de cheminées et de fours industriels,Costruzione di camini e forni industriali,,Erection of chimneys and industrial ovens,,,,,
434209,4342,Sonstige spezialisierte Bautätigkeiten im Hochbau a. n. g.,Autres travaux de construction spécialisés dans la construction de bâtiments n.c.a.,Altri lavori di costruzione specializzati nella costruzione di edifici n.c.a.,,Other specialised construction activities in construction of buildings n.e.c.,,,,,
435,43,Spezialisierte Bautätigkeiten im Tiefbau,Travaux de construction spécialisés en génie civil,Lavori di costruzione specializzati nell’ingegneria civile,,Specialised construction activities in civil engineering,,,,,
436,43,Vermittlungstätigkeiten für spezialisierte Bautätigkeiten,Activités de service d’intermédiation pour des travaux de construction spécialisés,Attività di servizi di intermediazione per servizi di costruzione specializzati,,Intermediation service activities for specialised construction services,,,,,
439,43,Sonstige spezialisierte Bautätigkeiten,Autres travaux de construction spécialisés,Altri lavori di costruzione specializzati,,Other specialised construction activities,,,,,
4391,439,Maurerarbeiten,Travaux de maçonnerie et de pose de briques,Lavori di muratura,,Masonry and bricklaying activities,,,,,
4399,439,Sonstige spezialisierte Bautätigkeiten a. n. g.,Autres travaux de construction spécialisés n.c.a.,Altri lavori di costruzione specializzati n.c.a.,,Other specialised construction activities n.e.c.,,,,,
46,G,Grosshandel,Commerce de gros,Commercio all’ingrosso,,Wholesale trade,,,,,
461,46,Handelsvermittlung,Intermédiaires du commerce de gros,Attività di servizi di intermediazione per il commercio all’ingrosso,,Wholesale on a fee or contract basis,,,,,
4611,461,"Tätigkeiten der Grosshandelsvermittlung von landwirtschaftlichen Grundstoffen, lebenden Tieren, textilen Rohstoffen und Halbwaren","Activités d’intermédiaire du commerce de gros en matières premières agricoles, animaux vivants, matières premières textiles et produits semi-finis","Attività di intermediari del commercio all’ingrosso di materie prime agricole, animali vivi, materie prime tessili e semilavorati",,"Activities of agents involved in the wholesale of agricultural raw materials, live animals, textile raw materials and semi-finished goods",,,,,
4612,461,"Tätigkeiten der Grosshandelsvermittlung von Brennstoffen, Erzen, Metallen und technischen Chemikalien","Activités d’intermédiaire du commerce de gros en combustibles, minerais, métaux et produits chimiques","Attività di intermediari del commercio all'ingrosso di combustibili, minerali, metalli e prodotti chimici per l'industria",,"Activities of agents involved in the wholesale of fuels, ores, metals and industrial chemicals",,,,,
4613,461,"Tätigkeiten der Grosshandelsvermittlung von Holz, Baustoffen und Anstrichmitteln",Activités d’intermédiaire du commerce de gros en bois et matériaux de construction,Attività di intermediari del commercio all’ingrosso di legname e materiali da costruzione,,Activities of agents involved in the wholesale of timber and building materials,,,,,
4614,461,"Tätigkeiten der Grosshandelsvermittlung von Maschinen, technischem Bedarf, Wasser- und Luftfahrzeugen","Activités d’intermédiaire du commerce de gros en machines, équipements industriels, navires et avions","Attività di intermediari del commercio all'ingrosso di macchine e attrezzature industriali, navi e aeromobili",,"Activities of agents involved in the wholesale of machinery, industrial equipment, ships and aircraft",,,,,
4615,461,"Tätigkeiten der Grosshandelsvermittlung von Möbeln, Einrichtungs- und Haushaltsgegenständen, Eisen- und Metallwaren","Activités d’intermédiaire du commerce de gros en meubles, biens domestiques et quincaillerie","Attività di intermediari del commercio all’ingrosso di mobili, articoli per la casa e ferramenta",,"Activities of agents involved in the wholesale of furniture, household goods, hardware and ironmongery",,,,,
4616,461,"Tätigkeiten der Grosshandelsvermittlung von Textilien, Bekleidung, Schuhen und Lederwaren","Activités d’intermédiaire du commerce de gros en textiles, habillement, fourrures, chaussures et articles en cuir","Attività di intermediari del commercio all’ingrosso di prodotti tessili, abbigliamento, pellicce, calzature e articoli in pelle",,"Activities of agents involved in the wholesale of textiles, clothing, fur, footwear and leather goods",,,,,
4617,461,"Tätigkeiten der Grosshandelsvermittlung von Nahrungsmitteln, Getränken und Tabakwaren","Activités d’intermédiaire du commerce de gros en denrées, boissons et tabac","Attività di intermediari del commercio all’ingrosso di prodotti alimentari, bevande e tabacchi",,"Activities of agents involved in the wholesale of food, beverages and tobacco",,,,,
4618,461,Tätigkeiten der Grosshandelsvermittlung von sonstigen Waren,Activités d’intermédiaire spécialisé dans le commerce de gros d’autres produits spécifiques,Attività di intermediari del commercio all’ingrosso di altri prodotti specifici,,Activities of agents involved in the wholesale of other particular products,,,,,
4619,461,Tätigkeiten der Grosshandelsvermittlung von Waren ohne ausgeprägten Schwerpunkt,Activités d’intermédiaire non spécialisé du commerce de gros,Attività di intermediari del commercio all’ingrosso non specializzato,,Activities of agents involved in non-specialised wholesale,,,,,
462,46,Grosshandel mit landwirtschaftlichen Grundstoffen und lebenden Tieren,Commerce de gros de produits agricoles bruts et d’animaux vivants,Commercio all’ingrosso di materie prime agricole e animali vivi,,Wholesale of agricultural raw materials and live animals,,,,,
4621,462,"Grosshandel mit Getreide, Rohtabak, Saatgut und Futtermitteln","Commerce de gros de céréales, de tabac non manufacturé, de semences et d’aliments pour animaux","Commercio all’ingrosso di cereali, tabacco grezzo, sementi e alimenti per il bestiame",,"Wholesale of grain, unmanufactured tobacco, seeds and animal feeds",,,,,
4622,462,Grosshandel mit Blumen und Pflanzen,Commerce de gros de fleurs et de plantes,Commercio all’ingrosso di fiori e piante,,Wholesale of flowers and plants,,,,,
4623,462,Grosshandel mit lebenden Tieren,Commerce de gros d’animaux vivants,Commercio all’ingrosso di animali vivi,,Wholesale of live animals,,,,,
4624,462,"Grosshandel mit Häuten, Fellen und Leder",Commerce de gros de cuirs et de peaux,Commercio all’ingrosso di pelli e cuoio,,"Wholesale of hides, skins and leather",,,,,
463,46,"Grosshandel mit Nahrungs- und Genussmitteln, Getränken und Tabakwaren","Commerce de gros de produits alimentaires, de boissons et de produits à base de tabac","Commercio all’ingrosso di prodotti alimentari, bevande e tabacchi",,"Wholesale of food, beverages and tobacco",,,,,
4631,463,"Grosshandel mit Obst, Gemüse und Kartoffeln",Commerce de gros de fruits et légumes,Commercio all’ingrosso di frutta e ortaggi,,Wholesale of fruit and vegetables,,,,,
4632,463,"Grosshandel mit Fleisch, Fleischwaren, Fisch und Fischerzeugnissen","Commerce de gros de viande, de produits à base de viande, de poisson et de produits à base de poisson","Commercio all'ingrosso di carne, prodotti a base di carne, pesce e prodotti a base di pesce",,"Wholesale of meat, meat products, fish and fish products",,,,,
4633,463,"Grosshandel mit Milch, Milcherzeugnissen, Eiern, Speiseölen und Nahrungsfetten","Commerce de gros de produits laitiers, œufs, huiles et matières grasses comestibles","Commercio all'ingrosso di prodotti lattiero-caseari, uova, oli e grassi alimentari",,"Wholesale of dairy products, eggs and edible oils and fats",,,,,
4634,463,Grosshandel mit Getränken,Commerce de gros de boissons,Commercio all’ingrosso di bevande,,Wholesale of beverages,,,,,
463401,4634,Grosshandel mit Wein und Spirituosen,Commerce de gros de vins et de spiritueux,Commercio all'ingrosso di vini e liquori,,Wholesale of wines and spirits,,,,,
463402,4634,Grosshandel mit sonstigen Getränken,Commerce de gros d'autres boissons,Commercio all'ingrosso di altre bevande,,Wholesale of other beverages,,,,,
4635,463,Grosshandel mit Tabakwaren,Commerce de gros de produits à base de tabac,Commercio all'ingrosso di prodotti del tabacco,,Wholesale of tobacco products,,,,,
4636,463,"Grosshandel mit Zucker, Süsswaren und Backwaren","Commerce de gros de sucre, chocolat et confiserie","Commercio all’ingrosso di zucchero, cioccolato e dolciumi",,"Wholesale of sugar, chocolate and sugar confectionery",,,,,
4637,463,"Grosshandel mit Kaffee, Tee, Kakao und Gewürzen","Commerce de gros de café, thé, cacao et épices","Commercio all’ingrosso di caffè, tè, cacao e spezie",,"Wholesale of coffee, tea, cocoa and spices",,,,,
4638,463,Grosshandel mit sonstigen Nahrungs- und Genussmitteln,Commerce de gros d’autres denrées alimentaires,Commercio all’ingrosso di altri prodotti alimentari,,Wholesale of other food,,,,,
4639,463,"Grosshandel mit Nahrungs- und Genussmitteln, Getränken und Tabakwaren, ohne ausgeprägten Schwerpunkt","Commerce de gros non spécialisé de denrées, boissons et tabac","Commercio all’ingrosso non specializzato di prodotti alimentari, bevande e tabacchi",,"Non-specialised wholesale of food, beverages and tobacco",,,,,
464,46,Grosshandel mit Gebrauchs- und Verbrauchsgütern,Commerce de gros de biens domestiques,Commercio all’ingrosso di beni di consumo,,Wholesale of household goods,,,,,
4641,464,Grosshandel mit Textilien,Commerce de gros de textiles,Commercio all’ingrosso di prodotti tessili,,Wholesale of textiles,,,,,
4642,464,Grosshandel mit Bekleidung und Schuhen,Commerce de gros d’habillement et de chaussures,Commercio all’ingrosso di abbigliamento e di calzature,,Wholesale of clothing and footwear,,,,,
464201,4642,Grosshandel mit Bekleidung,Commerce de gros d'habillement,Commercio all'ingrosso di abbigliamento,,Wholesale of clothing,,,,,
464202,4642,Grosshandel mit Schuhen,Commerce de gros de chaussures,Commercio all'ingrosso di calzature,,Wholesale of footwear,,,,,
4643,464,"Grosshandel mit Foto- und optischen Erzeugnissen, elektrischen Haushaltsgeräten und Geräten der Unterhaltungselektronik",Commerce de gros d’appareils électroménagers,Commercio all’ingrosso di elettrodomestici,,Wholesale of electrical household appliances,,,,,
4644,464,"Grosshandel mit keramischen Erzeugnissen, Glaswaren und Reinigungsmitteln","Commerce de gros de vaisselle, verrerie et produits d’entretien","Commercio all’ingrosso di articoli di porcellana, di vetro e di prodotti per la pulizia",,Wholesale of china and glassware and cleaning materials,,,,,
4645,464,Grosshandel mit kosmetischen Erzeugnissen und Körperpflegemitteln,Commerce de gros de parfumerie et de produits de beauté,Commercio all’ingrosso di profumi e cosmetici,,Wholesale of perfume and cosmetics,,,,,
4646,464,Grosshandel mit pharmazeutischen Erzeugnissen und medizinischen Hilfsmitteln,Commerce de gros de produits pharmaceutiques et médicaux,Commercio all’ingrosso di prodotti farmaceutici e medicali,,Wholesale of pharmaceutical and medical goods,,,,,
464601,4646,Grosshandel mit pharmazeutischen Erzeugnissen,Commerce de gros de produits pharmaceutiques,Commercio all'ingrosso di prodotti farmaceutici,,Wholesale of pharmaceutical goods,,,,,
464602,4646,"Grosshandel mit medizinischen, chirurgischen und orthopädischen Erzeugnissen","Commerce de gros d'articles médicaux, chirurgicaux et orthopédiques","Commercio all'ingrosso di articoli medicali, chirurgici e ortopedici",,"Wholesale of medical, surgical and orthopaedic goods",,,,,
4647,464,"Grosshandel mit Möbeln, Teppichen, Lampen und Leuchten","Commerce de gros de meubles à usage domestique, de bureau et de magasin, de tapis et d’appareils d’éclairage","Commercio all'ingrosso di mobili, tappeti e articoli per l'illuminazione per la casa, l'ufficio e i negozi",,"Wholesale of household, office and shop furniture, carpets and lighting equipment",,,,,
4648,464,Grosshandel mit Uhren und Schmuck,Commerce de gros d’articles d’horlogerie et de bijouterie,Commercio all’ingrosso di orologi e di gioielleria,,Wholesale of watches and jewellery,,,,,
464801,4648,Grosshandel mit Uhren,Commerce de gros d'horlogerie,Commercio all'ingrosso di orologi,,Wholesale of watches,,,,,
464802,4648,Grosshandel mit Schmuck,Commerce de gros de bijouterie,Commercio all'ingrosso di gioielleria,,Wholesale of jewellery,,,,,
4649,464,Grosshandel mit sonstigen Gebrauchs- und Verbrauchsgütern,Commerce de gros d’autres biens domestiques,Commercio all’ingrosso di altri beni di consumo,,Wholesale of other household goods,,,,,
464901,4649,"Grosshandel mit Schreibwaren, Büchern und Zeitungen","Commerce de gros d'articles de papeterie, de livres et de journaux","Commercio all'ingrosso di articoli di cartoleria, libri e giornali",,"Wholesale of stationery, books and newspapers",,,,,
464902,4649,Grosshandel mit Spielwaren,Commerce de gros de jeux et de jouets,Commercio all'ingrosso di giochi e giocattoli,,Wholesale of games and toys,,,,,
464903,4649,Grosshandel mit Sportartikeln,Commerce de gros d'articles de sport,Commercio all'ingrosso di articoli sportivi,,Wholesale of sports goods,,,,,
464909,4649,Grosshandel mit sonstigen Gebrauchs- und Verbrauchsgütern a. n. g.,Commerce de gros d’autres biens domestiques n.c.a,Commercio all’ingrosso di altri beni di consumo n.c.a.,,Wholesale of other household goods n.e.c.,,,,,
465,46,Grosshandel mit Geräten der Informations- und Kommunikationstechnik,Commerce de gros d’équipements de l’information et de la communication,Commercio all’ingrosso di apparecchiature informatiche e di comunicazione,,Wholesale of information and communication equipment,,,,,
466,46,"Grosshandel mit sonstigen Maschinen, Ausrüstungen und Zubehör","Commerce de gros d’autres machines, équipements et fournitures","Commercio all’ingrosso di altri macchinari, attrezzature e forniture",,"Wholesale of other machinery, equipment and supplies",,,,,
4661,466,Grosshandel mit landwirtschaftlichen Maschinen und Geräten,Commerce de gros de matériel agricole,"Commercio all’ingrosso di macchinari, attrezzature e forniture agricole",,"Wholesale of agricultural machinery, equipment and supplies",,,,,
4662,466,Grosshandel mit Werkzeugmaschinen,Commerce de gros de machines-outils,Commercio all’ingrosso di macchine utensili,,Wholesale of machine tools,,,,,
4663,466,"Grosshandel mit Bergwerks-, Bau- und Baustoffmaschinen","Commerce de gros de machines pour l’extraction, la construction et le génie civil","Commercio all’ingrosso di macchinari per l’estrazione, l’edilizia e l’ingegneria civile",,"Wholesale of mining, construction and civil engineering machinery",,,,,
4664,466,Grosshandel mit sonstigen Maschinen und Ausrüstungen,Commerce de gros d’autres machines et équipements,Commercio all’ingrosso di altri macchinari e attrezzature,,Wholesale of other machinery and equipment,,,,,
467,46,"Grosshandel mit Kraftwagen, Krafträdern, deren Teilen und Zubehör","Commerce de gros de véhicules automobiles, de motocycles et de leurs pièces et accessoires","Commercio all’ingrosso di autoveicoli, motocicli e relative parti e accessori",,"Wholesale of motor vehicles, motorcycles and related parts and accessories",,,,,
4671,467,Grosshandel mit Kraftwagen,Commerce de gros de véhicules automobiles,Commercio all’ingrosso di autoveicoli,,Wholesale of motor vehicles,,,,,
467101,4671,Grosshandel mit Kraftwagen (< 3.5 t),Commerce de gros de véhicules automobiles (< 3.5 t),Commercio all’ingrosso di autoveicoli (< 3.5 t),,Wholesale of motor vehicles (< 3.5 t),,,,,
467102,4671,Grosshandel mit Kraftwagen (> 3.5 t),Commerce de gros de véhicules automobiles (> 3.5 t),Commercio all’ingrosso di autoveicoli (> 3.5 t),,Wholesale of motor vehicles (> 3.5 t),,,,,
4672,467,Grosshandel mit Kraftwagenteilen und -zubehör,Commerce de gros de pièces et accessoires de véhicules automobiles,Commercio all’ingrosso di parti e accessori di autoveicoli,,Wholesale of motor vehicle parts and accessories,,,,,
4673,467,"Grosshandel mit Krafträdern, Kraftradteilen und -zubehör",Commerce de gros de motocycles et de pièces et accessoires pour motocycles,"Commercio all’ingrosso di motocicli, parti e accessori di motocicli",,"Wholesale of motorcycles, motorcycle parts and accessories",,,,,
468,46,Sonstiger Grosshandel,Autre commerce de gros spécialisé,Commercio all’ingrosso specializzato di altri prodotti,,Other specialised wholesale,,,,,
4681,468,Grosshandel mit Brennstoffen und Mineralölerzeugnissen,"Commerce de gros de combustibles solides, liquides et gazeux et de produits annexes","Commercio all’ingrosso di combustibili solidi, liquidi, gassosi e di prodotti derivati",,"Wholesale of solid, liquid and gaseous fuels and related products",,,,,
468101,4681,Grosshandel mit Brennstoffen und verwandten Erzeugnissen,Commerce de gros de combustibles solides et de produits annexes,Commercio all'ingrosso di combustibili solidi e prodotti derivati,,Wholesale of solid fuels and related products,,,,,
468102,4681,Grosshandel mit flüssigen und gasförmigen Brennstoffen,Commerce de gros de combustibles liquides et gazeux,Commercio all'ingrosso di carburanti liquidi e gassosi,,Wholesale of liquid and gaseous fuels,,,,,
4682,468,"Grosshandel mit Erzen, Metallen und Metallhalbzeug",Commerce de gros de minerais et de métaux,Commercio all’ingrosso di metalli e minerali metalliferi,,Wholesale of metals and metal ores,,,,,
468201,4682,Grosshandel mit Metallen,Commerce de gros de métaux,Commercio all'ingrosso di metalli,,Wholesale of metals,,,,,
468202,4682,Grosshandel mit Metallerzen,Commerce de gros de minerais métalliques,Commercio all'ingrosso di minerali metallici,,Wholesale of metal ores,,,,,
4683,468,"Grosshandel mit Holz, Baustoffen, Anstrichmitteln und Sanitärausstattung","Commerce de gros de bois, de matériaux de construction et d’appareils sanitaires","Commercio all’ingrosso di legname, materiali da costruzione e articoli igienico-sanitari",,"Wholesale of wood, construction materials and sanitary equipment",,,,,
468301,4683,Grosshandel mit Holz und Bauelementen aus Holz,Commerce de gros de bois et d'éléments de construction en bois,Commercio all'ingrosso di legname e di elementi da costruzione in legno,,Wholesale of wood and wooden building components,,,,,
468302,4683,Grosshandel mit Baustoffen,Commerce de gros de matériaux de construction,Commercio all'ingrosso di materiali da costruzione,,Wholesale of construction materials,,,,,
468303,4683,"Grosshandel mit Flachglas, Anstrichmitteln und Sanitärkeramik","Commerce de gros de verre plat, de peintures et d'équipements sanitaires","Commercio all'ingrosso di vetro piano, prodotti di verniciatura e articoli sanitari",,"Wholesale of flat glass, sanitary ware, paints and varnishes",,,,,
4684,468,"Grosshandel mit Metall- und Kunststoffwaren für Bauzwecke sowie Installationsbedarf für Gas, Wasser und Heizung",Commerce de gros de quincaillerie et fournitures pour plomberie et chauffage,"Commercio all’ingrosso di ferramenta, di apparecchi e accessori per impianti idraulici e di riscaldamento",,"Wholesale of hardware, plumbing and heating equipment and supplies",,,,,
4685,468,Grosshandel mit chemischen Erzeugnissen,Commerce de gros de produits chimiques,Commercio all’ingrosso di prodotti chimici,,Wholesale of chemical products,,,,,
4686,468,Grosshandel mit sonstigen Halbwaren,Commerce de gros d’autres produits intermédiaires,Commercio all’ingrosso di altri prodotti intermedi,,Wholesale of other intermediate products,,,,,
4687,468,Grosshandel mit Altmaterialien und Reststoffen,Commerce de gros de déchets et débris,Commercio all’ingrosso di rottami e cascami,,Wholesale of waste and scrap,,,,,
4689,468,Sonstiger Grosshandel a. n. g.,Autre commerce de gros spécialisé n.c.a.,Commercio all’ingrosso specializzato di altri prodotti n.c.a.,,Other specialised wholesale n.e.c.,,,,,
469,46,Grosshandel ohne ausgeprägten Schwerpunkt,Commerce de gros non spécialisé,Commercio all’ingrosso non specializzato,,Non-specialised wholesale trade,,,,,
47,G,Einzelhandel,Commerce de détail,Commercio al dettaglio,,Retail trade,,,,,
471,47,Einzelhandel mit Waren verschiedener Art,Commerce de détail non spécialisé,Commercio al dettaglio non specializzato,,Non-specialised retail sale,,,,,
4711,471,"Einzelhandel mit Waren verschiedener Art, Hauptrichtung Nahrungs- und Genussmittel",Commerce de détail non spécialisé à prédominance alimentaire,"Commercio al dettaglio non specializzato con prevalenza di prodotti alimentari, bevande o tabacchi",,"Non-specialised retail sale of predominately food, beverages or tobacco",,,,,
471101,4711,Grosse Supermärkte (> 1000 m2),Grands supermarchés (> 1000 m2),Grandi supermercati (> 1000 m2),,Large supermarkets (>1000 m2),,,,,
471102,4711,Kleine Supermärkte (400-999 m2),Petits supermarchés (400-999 m2),Piccoli supermercati (400-999 m2),,Small supermarkets (400-999 m2),,,,,
471103,4711,Grosse Geschäfte (100-399 m2),Grands commerces (100-399 m2),Grandi esercizi (100-399 m2),,Large stores (100-399 m2),,,,,
471104,4711,Kleine Geschäfte (< 100 m2),Petits commerces (< 100 m2),Piccoli esercizi (< 100 m2),,Small stores (< 100 m2),,,,,
4712,471,Sonstiger Einzelhandel mit Waren verschiedener Art,Autre commerce de détail non spécialisé,Commercio al dettaglio non specializzato di altri prodotti,,Other non-specialised retail sale,,,,,
472,47,"Einzelhandel mit Nahrungs- und Genussmitteln, Getränken und Tabakwaren","Commerce de détail de produits alimentaires, de boissons et de tabac","Commercio al dettaglio di prodotti alimentari, bevande e tabacchi",,"Retail sale of food, beverages and tobacco",,,,,
4721,472,"Einzelhandel mit Obst, Gemüse und Kartoffeln",Commerce de détail de fruits et légumes,Commercio al dettaglio di frutta e verdura,,Retail sale of fruit and vegetables,,,,,
4722,472,Einzelhandel mit Fleisch und Fleischwaren,Commerce de détail de viande et de produits à base de viande,Commercio al dettaglio di carne e di prodotti a base di carne,,Retail sale of meat and meat products,,,,,
4723,472,"Einzelhandel mit Fisch, Meeresfrüchten und Fischerzeugnissen","Commerce de détail de poisson, de crustacés et de mollusques","Commercio al dettaglio di pesce, crostacei e molluschi",,"Retail sale of fish, crustaceans and molluscs",,,,,
4724,472,Einzelhandel mit Back- und Süsswaren,"Commerce de détail de pain, de pâtisserie et de confiserie","Commercio al dettaglio di pane, pasticceria e dolciumi",,"Retail sale of bread, cake and confectionery",,,,,
4725,472,Einzelhandel mit Getränken,Commerce de détail de boissons,Commercio al dettaglio di bevande,,Retail sale of beverages,,,,,
4726,472,Einzelhandel mit Tabakwaren,Commerce de détail de produits à base de tabac,Commercio al dettaglio di prodotti del tabacco,,Retail sale of tobacco products,,,,,
4727,472,Einzelhandel mit sonstigen Nahrungs- und Genussmitteln,Commerce de détail d’autres produits alimentaires,Commercio al dettaglio di altri prodotti alimentari,,Retail sale of other food,,,,,
473,47,Einzelhandel mit Motorenkraftstoffen,Commerce de détail de carburants,Commercio al dettaglio di carburanti per autotrazione,,Retail sale of automotive fuel,,,,,
473001,4730,Einzelhandel mit Motorenkraftstoffen ohne Ladengeschäft,Commerce de détail de carburants sans magasin,Commercio al dettaglio di carburanti per autotrazione senza negozio,,Retail sale of automotive fuel without shop,,,,,
473002,4730,Einzelhandel mit Motorenkraftstoffen mit Ladengeschäft,Commerce de détail de carburants avec magasin,Commercio al dettaglio di carburanti per autotrazione con negozio,,Retail sale of automotive fuel with shop,,,,,
474,47,Einzelhandel mit Geräten der Informations- und Kommunikationstechnik,Commerce de détail d’équipements de l’information et de la communication,Commercio al dettaglio di apparecchiature informatiche e di comunicazione,,Retail sale of information and communication equipment,,,,,
475,47,"Einzelhandel mit sonstigen Haushaltsgeräten, Textilien, Heimwerker- und Einrichtungsbedarf",Commerce de détail d’autres équipements du foyer,Commercio al dettaglio di altre attrezzature per uso domestico,,Retail sale of other household equipment,,,,,
4751,475,Einzelhandel mit Textilien,Commerce de détail de textiles,Commercio al dettaglio di prodotti tessili,,Retail sale of textiles,,,,,
4752,475,"Einzelhandel mit Metallwaren, Anstrichmitteln, Bau- und Heimwerkerbedarf","Commerce de détail de quincaillerie, de matériaux de construction et de bricolage, de peinture et de verre","Commercio al dettaglio di ferramenta, materiali da costruzione, vernici e vetro",,"Retail sale of hardware, building materials, paints and glass",,,,,
4753,475,"Einzelhandel mit Vorhängen, Teppichen, Fussbodenbelägen und Tapeten","Commerce de détail de tapis, moquettes et revêtements de murs et de sols","Commercio al dettaglio di tappeti, moquette, rivestimenti per pareti e pavimenti",,"Retail sale of carpets, rugs, wall and floor coverings",,,,,
4754,475,Einzelhandel mit elektrischen Haushaltsgeräten,Commerce de détail d’appareils électroménagers,Commercio al dettaglio di elettrodomestici,,Retail sale of electrical household appliances,,,,,
4755,475,"Einzelhandel mit Möbeln, Einrichtungsgegenständen und sonstigem Hausrat","Commerce de détail de meubles, d’appareils d’éclairage, de vaisselle et d’autres biens domestiques","Commercio al dettaglio di mobili, di articoli per l’illuminazione, articoli per la tavola e altri articoli per la casa",,"Retail sale of furniture, lighting equipment, tableware and other household goods",,,,,
476,47,"Einzelhandel mit Verlagsprodukten, Sportausrüstungen und Spielwaren",Commerce de détail de biens culturels et de loisirs,Commercio al dettaglio di articoli culturali e ricreativi,,Retail sale of cultural and recreation goods,,,,,
4761,476,Einzelhandel mit Büchern,Commerce de détail de livres,Commercio al dettaglio di libri,,Retail sale of books,,,,,
4762,476,"Einzelhandel mit Zeitschriften, Zeitungen, Schreibwaren und Bürobedarf",Commerce de détail de journaux et autres publications périodiques et de papeterie,"Commercio al dettaglio di giornali, altre pubblicazioni periodiche e articoli di cancelleria",,"Retail sale of newspapers, and other periodical publications and stationery",,,,,
476201,4762,"Einzelhandel mit Zeitschriften und Zeitungen, Kioske","Commerce de détail de journaux et de périodiques, kiosques","Commercio al dettaglio di giornali e periodici, chioschi",,"Retail sale of newspapers and magazines, newspaper stands",,,,,
476202,4762,Einzelhandel mit Schreibwaren und Bürobedarf,Commerce de détail d'articles de papeterie et de bureau,Commercio al dettaglio di articoli di cartoleria e di forniture per uffici,,Retail sale of writing materials and stationery,,,,,
4763,476,"Einzelhandel mit Fahrrädern, Sport- und Campingartikeln",Commerce de détail d’articles de sport,Commercio al dettaglio di attrezzature sportive,,Retail sale of sporting equipment,,,,,
476301,4763,Einzelhandel mit Fahrrädern,Commerce de détail de vélos,Commercio al dettaglio di biciclette,,Retail sale of bicycles,,,,,
476302,4763,Einzelhandel mit Sportartikeln,Commerce de détail d'articles de sport,Commercio al dettaglio di articoli sportivi,,Retail sale of sporting goods,,,,,
4764,476,Einzelhandel mit Spielwaren,Commerce de détail de jeux et jouets,Commercio al dettaglio di giochi e giocattoli,,Retail sale of games and toys,,,,,
4769,476,Einzelhandel mit Kunst- und Kulturerzeugnissen a. n. g.,Commerce de détail de biens culturels et de loisirs n.c.a.,Commercio al dettaglio di articoli culturali e ricreativi n.c.a.,,Retail sale of cultural and recreational goods n.e.c.,,,,,
477,47,"Einzelhandel mit sonstigen Gütern, ohne Kraftwagen und Krafträder","Commerce de détail d’autres biens, à l’exception des automobiles et des motocycles","Commercio al dettaglio di altri prodotti, esclusi autoveicoli e motocicli",,"Retail sale of other goods, except motor vehicles and motorcycles",,,,,
4771,477,Einzelhandel mit Bekleidung,Commerce de détail d’habillement,Commercio al dettaglio di articoli di abbigliamento,,Retail sale of clothing,,,,,
477101,4771,Einzelhandel mit Damenbekleidung,Commerce de détail d'habillement pour femmes,Commercio al dettaglio di confezioni per donna,,Retail sale of women’s clothing,,,,,
477102,4771,Einzelhandel mit Herrenbekleidung,Commerce de détail d'habillement pour hommes,Commercio al dettaglio di confezioni per uomo,,Retail sale of men’s clothing,,,,,
477103,4771,Einzelhandel mit Säuglings- und Kinderbekleidung,Commerce de détail d'habillement pour bébés et enfants,Commercio al dettaglio di confezioni per bambini e neonati,,Retail sale of babies’ and children’s clothing,,,,,
477104,4771,Einzelhandel mit Damen- und Herrenbekleidung,Commerce de détail d'habillement pour femmes et hommes,Commercio al dettaglio di confezioni per donna e uomo,,Retail sale of women's and men's clothing,,,,,
4772,477,Einzelhandel mit Schuhen und Lederwaren,Commerce de détail de chaussures et d’articles en cuir,Commercio al dettaglio di calzature e articoli in pelle,,Retail sale of footwear and leather goods,,,,,
477201,4772,Einzelhandel mit Schuhen,Commerce de détail de chaussures,Commercio al dettaglio di calzature,,Retail sale of footwear,,,,,
477202,4772,Einzelhandel mit Lederwaren,Commerce de détail de maroquinerie,Commercio al dettaglio di articoli di pelletteria,,Retail sale of leather goods,,,,,
4773,477,Einzelhandel mit pharmazeutischen Erzeugnissen,Commerce de produits pharmaceutiques,Commercio al dettaglio di prodotti farmaceutici,,Retail sale of pharmaceutical products,,,,,
4774,477,Einzelhandel mit medizinischen und orthopädischen Artikeln,Commerce de détail d’articles médicaux et orthopédiques,Commercio al dettaglio di articoli medicali e ortopedici,,Retail sale of medical and orthopaedic goods,,,,,
477401,4774,Einzelhandel mit Brillen,Commerce de détail de lunettes,Commercio al dettaglio di occhiali,,Retail sale of glasses,,,,,
477402,4774,Einzelhandel mit Hörgeräten,Commerce de détail d'appareils auditifs,Commercio al dettaglio di apparecchi acustici,,Retail sale of hearing aids,,,,,
477409,4774,Einzelhandel mit medizinischen und orthopädischen Artikeln a. n. g.,Commerce de détail d'articles médicaux et orthopédiques n.c.a.,Commercio al dettaglio di articoli medici e ortopedici n.c.a.,,Retail sale of medical and orthopaedic goods n.e.c.,,,,,
4775,477,Einzelhandel mit kosmetischen Erzeugnissen und Körperpflegemitteln,Commerce de détail de parfumerie et de produits de beauté,Commercio al dettaglio di cosmetici e di articoli di profumeria,,Retail sale of cosmetic and toilet articles,,,,,
477501,4775,Einzelhandel mit Drogerieartikeln und Heilpflanzen,Commerce de détail d'articles de droguerie et d'herbes médicinales,Commercio al dettaglio di articoli di droghe ed erbe medicinali,,Retail sale of drugstore articles and herbs,,,,,
477502,4775,Sonstiger Einzelhandel mit kosmetischen Erzeugnissen und Körperpflegemitteln,Autre commerce de détail de parfumerie et de produits de beauté,Altro commercio al dettaglio di cosmetici e di articoli di profumeria,,Other retail sale of cosmetic and toilet articles,,,,,
4776,477,"Einzelhandel mit Blumen, Pflanzen, Düngemitteln, Tierfutter und Haustieren","Commerce de détail de fleurs, plantes, engrais, animaux de compagnie et aliments pour ces animaux","Commercio al dettaglio di fiori, piante, fertilizzanti, animali da compagnia e alimenti per animali da compagnia",,"Retail sale of flowers, plants, fertilisers, pets and pet food",,,,,
477601,4776,Einzelhandel mit Garten- und Landwirtschaftsprodukten,Commerce de détail de produits pour le jardinage et l'agriculture,Commercio al dettaglio di prodotti per il giardinaggio e l'agricoltura,,"Retail sale of grain, fodder and agricultural products",,,,,
477602,4776,Einzelhandel mit Blumen und Pflanzen,Commerce de détail de fleurs et de plantes,Commercio al dettaglio di fiori e piante,,Retail sale of flowers and plants,,,,,
477603,4776,Einzelhandel mit Haustieren und Haustierzubehör,Commerce de détail d'animaux domestiques et d'accessoires pour animaux domestiques,Commercio al dettaglio di animali domestici e accessori per animali domestici,,Retail sale of pets and pet accessories,,,,,
4777,477,Einzelhandel mit Uhren und Schmuck,Commerce de détail d’articles d’horlogerie et de bijouterie,Commercio al dettaglio di orologi e articoli di gioielleria,,Retail sale of watches and jewellery,,,,,
4778,477,Einzelhandel mit sonstigen Neuwaren,Commerce de détail d’autres biens neufs,Commercio al dettaglio di altri prodotti non di seconda mano,,Retail sale of other new goods,,,,,
4779,477,Einzelhandel mit Antiquitäten und Gebrauchtwaren,Commerce de détail de biens d’occasion,Commercio al dettaglio di articoli di seconda mano,,Retail sale of second-hand goods,,,,,
477901,4779,Einzelhandel mit Antiquitäten,Commerce de détail d'antiquités,Commercio al dettaglio di oggetti di antiquariato,,Retail sale of antiques,,,,,
477902,4779,Sonstiger Einzelhandel mit Gebrauchtwaren,Autre commerce de détail de biens d’occasion,Altro commercio al dettaglio di articoli di seconda mano,,Other retail sale of second-hand goods,,,,,
478,47,"Einzelhandel mit Kraftwagen, Krafträdern, deren Teilen und Zubehör","Commerce de détail d’automobiles, de motocycles et de leurs pièces et accessoires","Commercio al dettaglio di autoveicoli, motocicli e relative parti e accessori",,"Retail sale of motor vehicles, motorcycles and related parts and accessories",,,,,
4781,478,Einzelhandel mit Kraftwagen,Commerce de détail de véhicules automobiles,Commercio al dettaglio di autoveicoli,,Retail sale of motor vehicles,,,,,
478101,4781,Einzelhandel mit Kraftwagen (< 3.5 t),Commerce de détail de véhicules automobiles (< 3.5 t),Commercio al dettaglio di autoveicoli (< 3.5 t),,Retail sale of motor vehicles (< 3.5 t),,,,,
478102,4781,Einzelhandel mit Kraftwagen (> 3.5 t),Commerce de détail de véhicules automobiles (> 3.5 t),Commercio al dettaglio di autoveicoli (< 3.5 t),,Retail sale of motor vehicles (> 3.5 t),,,,,
4782,478,Einzelhandel mit Kraftwagenteilen und -zubehör,Commerce de détail de pièces et accessoires de véhicules automobiles,Commercio al dettaglio di parti e accessori di autoveicoli,,Retail sale of motor vehicle parts and accessories,,,,,
4783,478,"Einzelhandel mit Krafträdern, Kraftradteilen und -zubehör",Commerce de détail de motocycles et de pièces et accessoires de motocycles,"Commercio al dettaglio di motocicli, parti e accessori di motocicli",,"Retail sale of motorcycles, motorcycle parts and accessories",,,,,
478300,4783,"Einzelhandel mit Motorrädern, Motorradteilen und -zubehör",Commerce de détail de motocycles et de pièces et accessoires de motocycles,"Commercio al dettaglio di motocicli, parti e accessori di motocicli",,"Retail sale of motorcycles, motorcycle parts and accessories",,,,,
479,47,Vermittlungstätigkeiten für den Einzelhandel,Activités de service d’intermédiation pour le commerce de détail,Attività di servizi di intermediazione per il commercio al dettaglio,,Intermediation service activities for retail sale,,,,,
4791,479,Vermittlungstätigkeiten für den Einzelhandel ohne ausgeprägten Schwerpunkt,Activités de service d’intermédiation pour le commerce de détail non spécialisé,Attività di servizi di intermediazione per il commercio al dettaglio non specializzato,,Intermediation service activities for non-specialised retail sale,,,,,
4792,479,Vermittlungstätigkeiten für den Einzelhandel mit ausgeprägtem Schwerpunkt,Activités de service d’intermédiation pour le commerce de détail spécialisé,Attività di servizi di intermediazione per il commercio al dettaglio specializzato,,Intermediation service activities for specialised retail sale,,,,,
49,H,Landverkehr und Transport in Rohrfernleitungen,Transports terrestres et transports par conduites,Trasporto terrestre e trasporto mediante condotte,,Land transport and transport via pipelines,,,,,
491,49,Personenbeförderung im Schienenverkehr,Transport ferroviaire de voyageurs,Trasporto ferroviario di passeggeri,,Passenger rail transport,,,,,
4911,491,Personenbeförderung im Eisenbahnverkehr,Transport ferroviaire lourd de voyageurs,Trasporto di passeggeri su ferrovia pesante,,Passenger heavy rail transport,,,,,
4912,491,Sonstige Personenbeförderung im Schienenverkehr,Autre transport ferroviaire de voyageurs,Altri trasporti ferroviari di passeggeri,,Other passenger rail transport,,,,,
492,49,Güterbeförderung im Schienenverkehr,Transport ferroviaire de fret,Trasporto ferroviario di merci,,Freight rail transport,,,,,
493,49,Sonstige Personenbeförderung im Landverkehr,Autre transport terrestre de voyageurs,Altri trasporti terrestri di passeggeri,,Other passenger land transport,,,,,
4931,493,Personenbeförderung im Linienverkehr auf der Strasse,Transport régulier de voyageurs par route,Trasporto di linea di passeggeri su strada,,Scheduled passenger transport by road,,,,,
4932,493,Personenbeförderung im Gelegenheitsverkehr auf der Strasse,Transport non régulier de voyageurs par route,Trasporto non di linea di passeggeri su strada,,Non-scheduled passenger transport by road,,,,,
4933,493,Personenbeförderung mit Fahrzeug mit Fahrer auf Abruf,Transport de voyageurs sur demande par véhicule avec chauffeur,Trasporto di passeggeri a richiesta su veicoli con conducente,,On-demand passenger transport service activities by vehicle with driver,,,,,
4934,493,Personenbeförderung mit Seilbahnen und Skiliften,Transport de voyageurs par téléphériques et remontées mécaniques,Trasporto di passeggeri mediante funivie e sciovie,,Passenger transport by cableways and ski lifts,,,,,
4939,493,Sonstige Personenbeförderung im Landverkehr a. n. g.,Autre transport terrestre de voyageurs n.c.a.,Altri trasporti terrestri di passeggeri n.c.a.,,Other passenger land transport n.e.c.,,,,,
494,49,"Güterbeförderung im Strassenverkehr, Umzugstransporte",Transport routier de fret et services de déménagement,Trasporto di merci su strada e servizi di trasloco,,Freight transport by road and removal services,,,,,
4941,494,Güterbeförderung im Strassenverkehr,Transport routier de fret,Trasporto di merci su strada,,Freight transport by road,,,,,
4942,494,Umzugstransporte,Services de déménagement,Servizi di trasloco,,Removal services,,,,,
495,49,Transport in Rohrfernleitungen,Transport par conduites,Trasporto mediante condotte,,Transport via pipeline,,,,,
50,H,Schifffahrt,Transport par eau,Trasporto marittimo e per vie d’acqua interne,,Water transport,,,,,
501,50,Personenbeförderung in der Hochsee- und Küstenschifffahrt,Transports maritimes et côtiers de passagers,Trasporto marittimo e costiero di passeggeri,,Sea and coastal passenger water transport,,,,,
502,50,Güterbeförderung in der Hochsee- und Küstenschifffahrt,Transports maritimes et côtiers de fret,Trasporto marittimo e costiero di merci,,Sea and coastal freight water transport,,,,,
503,50,Personenbeförderung in der Binnenschifffahrt,Transports fluviaux de passagers,Trasporto per vie d’acqua interne di passeggeri,,Inland passenger water transport,,,,,
504,50,Güterbeförderung in der Binnenschifffahrt,Transports fluviaux de fret,Trasporto per vie d’acqua interne di merci,,Inland freight water transport,,,,,
51,H,Luftfahrt,Transports aériens,Trasporto aereo,,Air transport,,,,,
511,51,Personenbeförderung in der Luftfahrt,Transports aériens de passagers,Trasporto aereo di passeggeri,,Passenger air transport,,,,,
512,51,Güterbeförderung in der Luftfahrt und Raumtransport,Transports aériens de fret et transports spatiaux,Trasporto aereo di merci e trasporto spaziale,,Freight air transport and space transport,,,,,
5121,512,Güterbeförderung in der Luftfahrt,Transports aériens de fret,Trasporto aereo di merci,,Freight air transport,,,,,
5122,512,Raumtransport,Transports spatiaux,Trasporto spaziale,,Space transport,,,,,
52,H,Lagerei sowie Erbringung von sonstigen Dienstleistungen für den Verkehr,Entreposage et services auxiliaires des transports,"Magazzinaggio, deposito e attività di supporto ai trasporti",,"Warehousing, storage and support activities for transportation",,,,,
521,52,Lagerei,Entreposage et stockage,Magazzinaggio e deposito,,Warehousing and storage,,,,,
522,52,Erbringung von sonstigen Dienstleistungen für den Verkehr,Services auxiliaires des transports,Attività di supporto ai trasporti,,Support activities for transportation,,,,,
5221,522,Erbringung von sonstigen Dienstleistungen für den Landverkehr,Services auxiliaires des transports terrestres,Servizi di supporto al trasporto terrestre,,Service activities incidental to land transportation,,,,,
522101,5221,Erbringung von sonstigen Dienstleistungen für den Eisenbahnverkehr,Services auxiliaires liés au transport ferroviaire,Servizi di supporto al trasporto ferroviario,,Service activities incidental to rail transportation,,,,,
522102,5221,Erbringung von sonstigen Dienstleistungen für den Strassenverkehr,Services auxiliaires liés au transport routier,Servizi di supporto al trasporto su strada,,Service activities incidental to road transportation,,,,,
522103,5221,Erbringung von sonstigen Dienstleistungen für übrige Landverkehr,Services auxiliaires liés aux autres transports terrestres,Servizi di supporto alle altre forme di trasporto terrestre,,Service activities incidental to other land transportation,,,,,
5222,522,Erbringung von sonstigen Dienstleistungen für die Schifffahrt,Services auxiliaires des transports par eau,Servizi di supporto al trasporto marittimo e per vie d’acqua interne,,Service activities incidental to water transportation,,,,,
5223,522,Erbringung von sonstigen Dienstleistungen für die Luftfahrt,Services auxiliaires des transports aériens,Servizi di supporto al trasporto aereo,,Service activities incidental to air transportation,,,,,
5224,522,Frachtumschlag,Manutention du fret,Movimentazione merci,,Cargo handling,,,,,
5225,522,Erbringung von Logistikdienstleistungen,Activités de service logistique,Servizi di logistica,,Logistics service activities,,,,,
5226,522,Erbringung von sonstigen Dienstleistungen für den Verkehr,Autres activités de soutien pour les transports,Altre attività di supporto ai trasporti,,Other support activities for transportation,,,,,
523,52,Vermittlungstätigkeiten für den Verkehr,Activités de service d’intermédiation pour les transports,Attività di servizi di intermediazione per il trasporto,,Intermediation service activities for transportation,,,,,
5231,523,Vermittlungstätigkeiten für die Güterbeförderung,Activités de service d’intermédiation pour le transport de fret,Attività di servizi di intermediazione per il trasporto di merci,,Intermediation service activities for freight transportation,,,,,
5232,523,Vermittlungstätigkeiten für die Personenbeförderung,Activités de service d’intermédiation pour le transport de passagers,Attività di servizi di intermediazione per il trasporto di passeggeri,,Intermediation service activities for passenger transportation,,,,,
53,H,"Post-, Kurier- und Expressdienste",Activités de poste et de courrier,Attività postali e di corriere,,Postal and courier activities,,,,,
531,53,Postdienste von Universaldienstleistungsanbietern,Activités de poste dans le cadre d’une obligation de service universel,Attività postali con obbligo di servizio universale,,Postal activities under universal service obligation,,,,,
532,53,"Sonstige Post-, Kurier- und Expressdienste",Autres activités de poste et de courrier,Altre attività postali e di corriere,,Other postal and courier activities,,,,,
533,53,"Vermittlungstätigkeiten für Post-, Kurier- und Expressdienstleistungen",Activités de service d’intermédiation pour des activités de poste et de courrier,Attività di servizi di intermediazione per attività postali e di corriere,,Intermediation service activities for postal and courier activities,,,,,
55,I,Beherbergung,Hébergement,Servizi di alloggio,,Accommodation,,,,,
551,55,"Hotels, Gasthöfe und Pensionen",Hôtels et hébergement similaire,Servizi di alloggio di alberghi e simili,,Hotels and similar accommodation,,,,,
551001,5510,"Hotels, Gasthöfe und Pensionen mit Restaurant","Hôtels, auberges et pensions avec restaurant","Alberghi, locande e pensioni con ristorante",,"Hotels, inns and guesthouses with restaurant",,,,,
551002,5510,"Hotels, Gasthöfe und Pensionen ohne Restaurant","Hôtels, auberges et pensions sans restaurant","Alberghi, locande e pensioni senza ristorante",,"Hotels, inns and guesthouses without restaurant",,,,,
552,55,Ferienunterkünfte und ähnliche Beherbergungsstätten,Hébergement touristique et autre hébergement de courte durée,Servizi di alloggio per vacanze e altri soggiorni di breve durata,,Holiday and other short-stay accommodation,,,,,
552001,5520,"Ferienwohnungen, Ferienhäuser","Appartements, maisons de vacances","Appartamenti, case di vacanza",,"Holiday apartments, holiday homes",,,,,
552002,5520,Kollektivunterkünfte,Hébergement collectif,Alloggi collettivi,,Group accommodation,,,,,
553,55,Campingplätze,Terrains de camping et parcs pour caravanes ou véhicules de loisirs,Servizi di aree di campeggio e aree attrezzate per veicoli ricreazionali,,Camping grounds and recreational vehicle parks,,,,,
554,55,Vermittlungstätigkeiten für Beherbergungsdienstleistungen,Activités de service d’intermédiation pour l’hébergement,Attività di servizi di intermediazione per servizi di alloggio,,Intermediation service activities for accommodation,,,,,
559,55,Sonstige Beherbergungsstätten,Autres hébergements,Altri servizi di alloggio,,Other accommodation,,,,,
56,I,Gastronomie,Activités de service de restauration,Attività di servizi di ristorazione,,Food and beverage service activities,,,,,
561,56,"Restaurants, Gaststätten, Imbissstuben, Cafés, Eissalons u. Ä.",Activités de restaurant et de service de restauration mobile,Attività di ristoranti e di servizi di ristorazione mobile,,Restaurants and mobile food service activities,,,,,
5611,561,"Restaurants, Gaststätten, Imbissstuben, Cafés, Eissalons u. Ä.",Activités de restaurant,Attività di ristoranti,,Restaurant activities,,,,,
561101,5611,"Restaurants, Café, Imbissstuben","Restaurants, cafés, snack-bar","Ristoranti, caffè, snack-bar",,"Restaurants, cafes, snack bars",,,,,
561102,5611,Restaurants mit Beherbergungsangebot,Restaurants avec possibilité d'hébergement,Ristoranti con possibilità d'alloggio,,Restaurants with accommodation,,,,,
5612,561,Mobile Gastronomie,Activités de service de restauration mobile,Attività di servizi di ristorazione mobile,,Mobile food service activities,,,,,
562,56,Caterer und Erbringung sonstiger Verpflegungsdienstleistungen,"Activités de traiteur événementiel, de service contractuel de restauration et autres activités de service de restauration","Attività di servizi di catering per eventi, catering su base contrattuale e altri servizi di ristorazione",,"Event catering, contract catering service activities and other food service activities",,,,,
5621,562,Event-Caterer,Activités de traiteur événementiel,Attività di catering per eventi,,Event catering activities,,,,,
5622,562,Sonstige Caterer und Erbringung sonstiger Verpflegungsdienstleistungen,Activités de service contractuel de restauration et autres activités de service de restauration,Attività di servizi di catering su base contrattuale e altri servizi di ristorazione,,Contract catering service activities and other food service activities,,,,,
563,56,Ausschank von Getränken,Activités de débit de boissons,Attività di somministrazione di bevande,,Beverage serving activities,,,,,
563001,5630,Bars,Bars,Bar,,Bars,,,,,
563002,5630,"Diskotheken, Nachtclubs, Nightclubs","Discothèques, boîtes de nuits, night clubs","Discoteche, locali notturni, night club",,"Discos, night clubs",,,,,
564,56,Vermittlungstätigkeiten für gastronomische Dienstleistungen,Activités de service d’intermédiation pour des activités de service de restauration,Attività di servizi di intermediazione per servizi di ristorazione,,Intermediation service activities for food and beverage services activities,,,,,
58,J,Verlagswesen,Activités d’édition,Attività editoriali,,Publishing activities,,,,,
581,58,"Verlegen von Büchern und Zeitungen sowie sonstiges Verlagswesen, ohne Software","Édition de livres, de journaux et autres activités d’édition, à l’exception de l’édition de logiciels","Edizione di libri, quotidiani e altre attività editoriali, esclusa l’edizione di software",,"Publishing of books, newspapers and other publishing activities, except software publishing",,,,,
5811,581,Verlegen von Büchern,Édition de livres,Edizione di libri,,Publishing of books,,,,,
5812,581,Verlegen von Zeitungen,Édition de journaux,Edizione di quotidiani,,Publishing of newspapers,,,,,
5813,581,Verlegen von Zeitschriften,Édition de revues et de périodiques,Edizione di riviste e periodici,,Publishing of journals and periodicals,,,,,
5819,581,"Sonstiges Verlagswesen, ohne Software","Autres activités d’édition, à l’exception de l’édition de logiciels","Altre attività editoriali, esclusa l’edizione di software",,"Other publishing activities, except software publishing",,,,,
582,58,Verlegen von Software,Édition de logiciels,Edizione di software,,Software publishing,,,,,
5821,582,Verlegen von Computerspielen,Édition de jeux vidéo,Edizione di videogiochi,,Publishing of video games,,,,,
5829,582,Verlegen von sonstiger Software,Édition d’autres logiciels,Edizione di altri software,,Other software publishing,,,,,
59,J,"Herstellung, Verleih und Vertrieb von Filmen und Fernsehprogrammen; Kinos; Tonstudios und Verlegen von Musik","Production de films cinématographiques, de vidéos et de programmes de télévision; enregistrement sonore et édition musicale","Attività di produzione, post-produzione e distribuzione cinematografica, di video e programmi televisivi, di registrazioni musicali e sonore",,"Motion picture, video and television programme production, sound recording and music publishing activities",,,,,
591,59,"Herstellung von Filmen und Fernsehprogrammen, deren Verleih und Vertrieb, Kinos","Activités cinématographiques, vidéo et de télévision","Attività di produzione, post-produzione e distribuzione cinematografica, di video e programmi televisivi",,"Motion picture, video and television programme activities",,,,,
5911,591,"Herstellung von Filmen, Videofilmen und Fernsehprogrammen","Production de films cinématographiques, de vidéos et de programmes de télévision","Attività di produzione cinematografica, di video e programmi televisivi",,"Motion picture, video and television programme production activities",,,,,
5912,591,Nachbearbeitung und sonstige Filmtechnik,"Post-production de films cinématographiques, de vidéos et de programmes de télévision","Attività di post-produzione cinematografica, di video e programmi televisivi",,"Motion picture, video and television programme post-production activities",,,,,
5913,591,"Filmverleih und -vertrieb, nicht an private Haushalte",Distribution de films cinématographiques et de vidéos,"Attività di distribuzione cinematografica, di video e programmi televisivi",,Motion picture and video distribution activities,,,,,
5914,591,Kinos,Projection de films cinématographiques,Attività di proiezione cinematografica,,Motion picture projection activities,,,,,
592,59,Tonstudios; Herstellung von Hörfunkbeiträgen; Verlegen von bespielten Tonträgern und Musikalien,Enregistrement sonore et édition musicale,Attività di registrazione sonora e dell’editoria musicale,,Sound recording and music publishing activities,,,,,
60,J,"Rundfunkveranstalter, Nachrichtenagenturen und sonstige Verbreitung von Medieninhalten","Activités de programmation, de diffusion, d’agence de presse et autres activités de distribution de contenu","Attività di programmazione, trasmissione, agenzie di stampa e altre attività di distribuzione di contenuti",,"Programming, broadcasting, news agency and other content distribution activities",,,,,
601,60,Hörfunkveranstalter und Verbreitung von Audioinhalten,Radiodiffusion et activités de distribution de contenu audio,Attività di trasmissione radiofonica e distribuzione di audio,,Radio broadcasting and audio distribution activities,,,,,
602,60,Fernsehveranstalter und Verbreitung von Videoinhalten,Programmation et diffusion télévisuelle et activités de distribution de contenu vidéo,Attività di programmazione e trasmissione televisive e di distribuzione di video,,"Television programming, broadcasting and video distribution activities",,,,,
603,60,Nachrichtenagenturen und sonstige Verbreitung von Medieninhalten,Activités d’agence de presse et autres activités de distribution de contenu,Attività delle agenzie di stampa e altre attività di distribuzione di contenuti,,News agency and other content distribution activities,,,,,
6031,603,Nachrichtenagenturen,Activités d’agence de presse,Attività delle agenzie di stampa,,News agency activities,,,,,
6039,603,Sonstige Verbreitung von Medieninhalten,Autres activités de distribution de contenu,Altre attività di distribuzione di contenuti,,Other content distribution activities,,,,,
61,K,Telekommunikation,Télécommunications,Telecomunicazioni,,Telecommunication,,,,,
611,61,"Leitungsgebundene, drahtlose und satellitengestützte Telekommunikation","Activités de télécommunications filaires, sans fil et satellitaires","Attività di telecomunicazioni fisse, mobili e satellitari",,"Wired, wireless, and satellite telecommunication activities",,,,,
612,61,Wiederverkaufs- und Vermittlungstätigkeiten für die Telekommunikation,Activités de revente de télécommunications et activités de service d’intermédiation pour les télécommunications,Attività di rivendita di telecomunicazioni e attività di servizi di intermediazione per telecomunicazioni,,Telecommunication reselling activities and intermediation service activities for telecommunication,,,,,
619,61,Sonstige Telekommunikation,Autres activités de télécommunications,Altre attività di telecomunicazioni,,Other telecommunication activities,,,,,
62,K,Erbringung von Dienstleistungen der Informationstechnologie,"Programmation, conseil et autres activités informatiques","Attività di programmazione, consulenza informatica e attività connesse",,"Computer programming, consultancy and related activities",,,,,
621,62,Programmierungstätigkeiten,Activités de programmation informatique,Attività di programmazione informatica,,Computer programming activities,,,,,
622,62,Erbringung von Dienstleistungen der IT-Beratung sowie des Betriebs von Datenverarbeitungseinrichtungen,Activités de conseil en informatique et de gestion d’installations informatiques,Attività di consulenza informatica e di gestione di strutture informatiche,,Computer consultancy and computer facilities management activities,,,,,
629,62,Erbringung von sonstigen Dienstleistungen der Informationstechnologie,Autres activités de service informatique,Altre attività dei servizi connessi alle tecnologie dell’informazione e dell’informatica,,Other information technology and computer service activities,,,,,
63,K,"Datenverarbeitung, Hosting und Erbringung sonstiger Informationsdienstleistungen","Infrastructure informatique, traitement de données et autres activités de service d’in­formation","Infrastrutture informatiche, elaborazione dati, hosting e altri servizi di informazione",,"Computing infrastructure, data processing, hosting and other information service activities",,,,,
631,63,"Datenverarbeitung, Hosting und damit verbundene Tätigkeiten","Infrastructure informatique, traitement de données, hébergement et activités connexes","Infrastrutture informatiche, elaborazione dati, hosting e attività connesse",,"Computing infrastructure, data processing, hosting and related activities",,,,,
639,63,1111,Activités de portail de recherche sur le web et autres activités de service d’information,Attività dei portali di ricerca web e altre attività dei servizi di informazione,,Web search portal activities and other information service activities,,,,,
6391,639,Web-Suchportale,Activités de portail de recherche sur le web,Attività dei portali di ricerca sul web,,Web search portal activities,,,,,
6392,639,Erbringung von sonstigen Informationsdienstleistungen,Autres activités de service d’information,Altre attività dei servizi di informazione,,Other information service activities,,,,,
64,L,Erbringung von Finanzdienstleistungen,"Activités de services financiers, hors assurance et fonds de pension","Attività dei servizi finanziari, escluse le assicurazioni e i fondi pensione",,"Financial service activities, except insurance and pension funding",,,,,
641,64,Zentralbanken und Kreditinstitute,Intermédiation monétaire,Intermediazione monetaria,,Monetary intermediation,,,,,
6411,641,Zentralbanken,Activités de banque centrale,Attività delle banche centrali,,Central banking,,,,,
6419,641,"Kreditinstitute, ohne Spezialkreditinstitute",Autre intermédiation monétaire,Altre intermediazioni monetarie,,Other monetary intermediation,,,,,
641901,6419,Kantonalbanken,Banques cantonales,Banche cantonali,,Cantonal banks,,,,,
641902,6419,Grossbanken,Grandes banques,Grandi banche,,Big banks,,,,,
641903,6419,Regionalbanken und Sparkassen,Banques régionales et caisses d'épargne,Banche regionali e casse di risparmio,,Regional banks and saving banks,,,,,
641904,6419,Raiffeisenbanken,Banques Raiffeisen,Banche Raiffeisen,,Raiffeisen banks,,,,,
641905,6419,Börsenbanken,Banques boursières,Istituti specializzati nelle operazioni di borsa,,Stock exchange banks,,,,,
641906,6419,Ausländisch beherrschte Banken,Banques en mains étrangères,Banche controllate da capitale estero,,Foreign-controlled banks,,,,,
641907,6419,Filialen ausländischer Banken,Succursales de banques étrangères,Filiali di banche estere,,Branches of foreign banks,,,,,
641908,6419,Privatbankiers,Banquiers privés,Banche private,,Private bankers,,,,,
641909,6419,Andere Banken,Autres banques,Altre banche,,Other banking institutions,,,,,
641919,6419,Andere monetäre Finanzintermediäre a. n. g.,Autres intermédiations monétaires n.c.a.,Altre intermediazioni monetarie n.c.a.,,Other monetary intermediation n.e.c.,,,,,
642,64,Beteiligungsgesellschaften und Finanzierungs-Conduits,Activités de société holding et de conduit de financement,Attività delle società di partecipazione (holding) e dei conduit di finanziamento,,Activities of holding companies and financing conduits,,,,,
6421,642,Beteiligungsgesellschaften,Activités de société holding,Attività delle società di partecipazione (holding),,Activities of holding companies,,,,,
6422,642,Finanzierungs-Conduits,Activités de conduit de financement,Attività dei conduit di finanziamento,,Activities of financing conduits,,,,,
643,64,Treuhand- und sonstige Fonds u. Ä. Finanzinstitutionen,"Activités de fiducie, fonds et entités financières similaires","Attività delle società fiduciarie, dei fondi e altre entità simili",,"Activities of trusts, funds and similar financial entities",,,,,
6431,643,Investmentfonds,Activités de fonds d’investissement sur le marché monétaire ou non monétaire,Attività dei fondi di investimento del mercato monetario e del mercato non monetario,,Activities of money market and non-money market investments funds,,,,,
643101,6431,Aktivitäten von Geldmarktfonds,Activités des fonds d'investissement sur le marché monétaire,Attività dei fondi di investimento del mercato monetario,,Activities of money market investments funds,,,,,
643102,6431,Aktivitäten von Nicht-Geldmarktfonds,Activités des fonds d'investissement sur le marché non monétaire,Attività dei fondi di investimento del mercato non monetario,,Activities of non-money market investments funds,,,,,
6432,643,"Treuhandfonds, Nachlass- und Treuhandkonten","Activités de fiducie, comptes de patrimoine et d’agence","Attività di conti fiduciari, per la gestione dell’eredità e di agenzia",,"Activities of trust, estate and agency accounts",,,,,
649,64,Sonstige Finanzierungsinstitutionen,"Autres activités des services financiers, hors assurance et fonds de pension","Altre attività di servizi finanziari, ad esclusione di assicurazioni e fondi pensione",,"Other financial service activities, except insurance and pension funding",,,,,
6491,649,Institutionen für Finanzierungsleasing,Crédit-bail,Leasing finanziario,,Financial leasing,,,,,
6492,649,Spezialkreditinstitute,Autre distribution de crédit,Altre attività creditizie,,Other credit granting,,,,,
6499,649,Sonstige Finanzdienstleistungen a. n. g.,"Autres activités des services financiers, hors assurance et fonds de pension, n.c.a.","Altre attività di servizi finanziari, ad esclusione di assicurazioni e fondi pensione n.c.a.",,"Other financial service activities, except insurance and pension funding n.e.c.",,,,,
65,L,"Versicherungen, Rückversicherungen und Pensionskassen, ohne Sozialversicherung","Assurance, réassurance et fonds de pension, à l’exclusion de la sécurité sociale obligatoire","Assicurazioni, riassicurazioni e fondi pensione, escluse le assicurazioni sociali obbligatorie",,"Insurance, reinsurance and pension funding, except compulsory social security",,,,,
651,65,Versicherungen,Assurance,Assicurazioni,,Insurance,,,,,
6511,651,Lebensversicherung,Assurance vie,Assicurazioni sulla vita,,Life insurance,,,,,
6512,651,Nichtlebensversicherungen,Assurances non-vie,Assicurazioni diverse da quelle sulla vita,,Non-life insurance,,,,,
651201,6512,Öffentliche Unfallversicherung,Assurance-accidents publique,Assicurazione pubblica contro gli infortuni,,Public accident insurance,,,,,
651202,6512,Unfall- und Schadenversicherung,Assurances contre les accidents et les dommages,Assicurazioni contro gli infortuni e i danni,,Accident and indemnity insurance,,,,,
651203,6512,Krankenversicherung,Assurance-maladie,Assicurazione malattia,,Health insurance,,,,,
651209,6512,Nichtlebensversicherungen a. n. g.,Assurances non-vie n.c.a,Assicurazioni diverse da quelle sulla vita n.c.a,,Non-life insurance n.e.c.,,,,,
652,65,Rückversicherungen,Réassurance,Riassicurazioni,,Reinsurance,,,,,
653,65,Pensionskassen und Pensionsfonds,Fonds de pension,Fondi pensione,,Pension funding,,,,,
66,L,Mit Finanz- und Versicherungsdienstleistungen verbundene Tätigkeiten,Activités auxiliaires d’activités de services financiers et d’assurance,Attività ausiliarie dei servizi finanziari e delle attività assicurative,,Activities auxiliary to financial services and insurance activities,,,,,
661,66,Mit Finanzdienstleistungen verbundene Tätigkeiten,"Activités auxiliaires de services financiers, hors assurance et fonds de pension","Attività ausiliarie dei servizi finanziari, escluse le assicurazioni e i fondi pensione",,"Activities auxiliary to financial services, except insurance and pension funding",,,,,
6611,661,Effekten- und Warenbörsen,Administration de marchés financiers,Amministrazione di mercati finanziari,,Administration of financial markets,,,,,
6612,661,Effekten- und Warenterminhandel,Courtage de valeurs mobilières et de matières premières,Attività di negoziazione di contratti relativi a titoli e merci,,Security and commodity contracts brokerage,,,,,
6619,661,Sonstige mit Finanzdienstleistungen verbundene Tätigkeiten,"Autres activités auxiliaires de services financiers, hors assurance et fonds de pension","Altre attività ausiliarie dei servizi finanziari, escluse le assicurazioni e i fondi pensione",,"Other activities auxiliary to financial services, except insurance and pension funding",,,,,
662,66,Mit Versicherungsdienstleistungen und Pensionskassen verbundene Tätigkeiten,Activités auxiliaires d’assurance et de fonds de pension,Attività ausiliarie delle assicurazioni e dei fondi pensione,,Activities auxiliary to insurance and pension funding,,,,,
6621,662,Risiko- und Schadensbewertung,Évaluation des risques et dommages,Valutazione dei rischi e dei danni,,Risk and damage evaluation,,,,,
6622,662,Tätigkeiten der Versicherungsvermittlung,Activités des agents et courtiers d’assurances,Attività di agenti e intermediari delle assicurazioni,,Activities of insurance agents and brokers,,,,,
6629,662,Mit Versicherungsdienstleistungen und Pensionskassen verbundene Tätigkeiten a. n. g.,Activités auxiliaires d’assurance et de fonds de pension n.c.a.,Attività ausiliarie delle assicurazioni e dei fondi pensione n.c.a.,,Activities auxiliary to insurance and pension funding n.e.c.,,,,,
662901,6629,Ausgleichskassen,Caisses de compensation,Casse di compensazione,,Cantonal compensation offices,,,,,
662909,6629,Sonstige mit Versicherungsdienstleistungen und Pensionskassen verbundene Tätigkeiten a. n. g.,Autres activités auxiliaires d'assurance et de fonds de pension n.c.a.,Altre attività ausiliarie delle assicurazioni e dei fondi pensione n.c.a.,,Other activities auxiliary to insurance and pension funding n.e.c.,,,,,
663,66,Fondsmanagement,Activités de gestion de fonds,Attività di gestione di fondi,,Fund management activities,,,,,
68,M,Grundstücks- und Wohnungswesen,Activités immobilières,Attività immobiliari,,Real estate activities,,,,,
681,68,"Kauf und Verkauf von eigenen Grundstücken, Gebäuden und Wohnungen sowie Erschliessung von Grundstücken",Activités immobilières avec biens propres et promotion de projets immobiliers,Attività immobiliari su beni propri e sviluppo di progetti immobiliari,,Real estate activities with own property and development of building projects,,,,,
6811,681,"Kauf und Verkauf von eigenen Grundstücken, Gebäuden und Wohnungen",Achat et vente de biens propres,Compravendita di beni immobili effettuata su beni propri,,Buying and selling of own real estate,,,,,
6812,681,Erschliessung von Grundstücken; Bauträger,Promotion immobilière,Sviluppo di progetti immobiliari,,Development of building projects,,,,,
682,68,"Vermietung, Verpachtung von eigenen oder geleasten Grundstücken, Gebäuden und Wohnungen",Location et exploitation de biens immobiliers propres ou loués,Affitto e gestione di beni immobili propri o in locazione,,Rental and operating of own or leased real estate,,,,,
682001,6820,Vermietung und Verpachtung von eigenen oder geleasten Grundstücken,Location et gestion de biens fonciers propres ou loués,Affitto e gestione di terreni propri o in locazione,,Rental and operating of self-owned or leased land,,,,,
682002,6820,Vermietung und Verpachtung von eigenen oder geleasten Gebäuden und Wohnungen,Location et gestion de bâtiments et d'appartements propres ou loués,Affitto e gestione di abitazioni proprie o in locazione,,Rental and operating of self-owned or leased buildings and dwellings,,,,,
682003,6820,Tätigkeiten von Wohnbaugenossenschaften,Activités des coopératives d'habitation,Attività delle cooperative d'abitazione,,Activities of housing cooperatives,,,,,
683,68,"Vermittlung und Verwaltung von Grundstücken, Gebäuden und Wohnungen für Dritte",Activités immobilières pour compte de tiers,Attività immobiliari per conto terzi,,Real estate activities on a fee or contract basis,,,,,
6831,683,"Vermittlung von Grundstücken, Gebäuden und Wohnungen für Dritte",Activités de service d’intermédiation pour les activités immobilières,Attività di servizi di intermediazione per attività immobiliari,,Intermediation service activities for real estate activities,,,,,
6832,683,"Verwaltung von Grundstücken, Gebäuden und Wohnungen für Dritte",Autres activités immobilières pour compte de tiers,Altre attività immobiliari per conto terzi,,Other real estate activities on a fee or contract basis,,,,,
69,N,"Rechts- und Steuerberatung, Wirtschaftsprüfung",Activités juridiques et comptables,Attività legali e di contabilità,,Legal and accounting activities,,,,,
691,69,Rechtsberatung,Activités juridiques,"Attività legali, giuridiche e notarili",,Legal activities,,,,,
691001,6910,"Advokatur-, Notariatsbüros","Études d'avocats, de notaires",Attività degli studi legali e notarili,,"Attorney, notary practice",,,,,
691002,6910,Rechtsberatung,Activité de conseils juridiques,Consulenza legale,,Activities of legal advice,,,,,
692,69,Wirtschaftsprüfung und Steuerberatung; Buchführung,"Activités de comptabilité, de tenue de comptes et d’audit; conseil fiscal","Attività di contabilità, controllo e revisione contabile; consulenza fiscale",,"Accounting, bookkeeping and auditing activities; tax consultancy",,,,,
70,N,Verwaltung und Führung von Unternehmen und Betrieben; Unternehmensberatung,Activités des sièges sociaux et conseil de gestion,Attività di sedi centrali e consulenza gestionale,,Activities of head offices and management consultancy,,,,,
701,70,Verwaltung und Führung von Unternehmen und Betrieben,Activités des sièges sociaux,Attività di sedi centrali,,Activities of head offices,,,,,
701001,7010,Firmensitzaktivitäten von Finanzgesellschaften,Activités des sièges sociaux de sociétés financières,Attività delle sedi centrali delle società finanziarie,,Activities of head offices of financial companies,,,,,
701002,7010,Firmensitzaktivitäten von anderen Gesellschaften,Activités des sièges sociaux d'autres sociétés,Attività delle sedi centrali delle altre società,,Activities of head offices of other companies,,,,,
702,70,Unternehmensberatung,Activités de conseil pour les affaires et autre conseil de gestion,Consulenza imprenditoriale e altre attività di consulenza gestionale,,Business and other management consultancy activities,,,,,
71,N,"Tätigkeiten von Architektur- und Ingenieurbüros; technische, physikalische und chemische Untersuchung",Activités d’architecture et d’ingénierie; activités de contrôle et analyses techniques,Attività di architettura e ingegneria; collaudi e analisi tecniche,,Architectural and engineering activities; technical testing and analysis,,,,,
711,71,Tätigkeiten von Architektur- und Ingenieurbüros,Activités d’architecture et d’ingénierie et conseil technique connexe,"Attività di architettura, di ingegneria e altre consulenze tecniche connesse",,Architectural and engineering activities and related technical consultancy,,,,,
7111,711,Tätigkeiten von Architekturbüros,Activités d’architecture,Attività di architettura,,Architectural activities,,,,,
711101,7111,Architektur,Architecture,Architettura,,Architecture,,,,,
711102,7111,Raumplanung,Aménagement du territoire,Pianificazione territoriale,,Spatial planning,,,,,
711103,7111,Landschaftsarchitektur,Architecture paysagère,Architettura del paesaggio,,Landscape architecture,,,,,
7112,711,Tätigkeiten von Ingenieurbüros,Activités d’ingénierie et de conseil technique connexe,Attività di ingegneria e altre consulenze tecniche connesse,,Engineering activities and related technical consultancy,,,,,
711201,7112,Bauingenieurwesen,Ingénierie en construction,Ingegneria civile,,Construction engineering,,,,,
711202,7112,Ingenieurwesen in Gebäudetechnik,Ingénierie en technique du bâtiment,Ingegneria degli impianti tecnici edili,,Building services engineering,,,,,
711203,7112,Sonstige Ingenieurtätigkeiten,Autres activités d'ingénierie,Altre attività di ingegneria,,Other engineering activities,,,,,
711204,7112,Aktivitäten von Geometern,Activités des géomètres,Attività dei geometri,,Land surveyors,,,,,
711205,7112,Sonstige technische Beratung und Planung,Autres études et conseils techniques,Altre attività di consulenza tecnica,,Other technical consultancy and planning,,,,,
712,71,"Technische, physikalische und chemische Untersuchung",Activités de contrôle et analyses techniques,Collaudi e analisi tecniche,,Technical testing and analysis,,,,,
72,N,Forschung und Entwicklung,Recherche et développement scientifique,Ricerca scientifica e sviluppo,,Scientific research and development,,,,,
721,72,"Forschung und Entwicklung im Bereich Natur-, Ingenieur-, Agrarwissenschaften und Medizin",Recherche et développement en sciences physiques et naturelles,Ricerca e sviluppo sperimentale nel campo delle scienze naturali e dell’ingegneria,,Research and experimental development on natural sciences and engineering,,,,,
721001,7210,Forschung und Entwicklung in der pharmazeutischen Industrie,Recherche et développement dans l'industrie pharmaceutique,Ricerca e sviluppo nell'industria farmaceutica,,Research and experimental development in the pharmaceutical industry,,,,,
721002,7210,"Sonstige Forschung und Entwicklung im Bereich Natur-, Ingenieur-, Agrarwissenschaften und Medizin",Autre recherche et développement en sciences physiques et naturelles,Altre ricerche e sviluppi sperimentali nel campo delle scienze naturali e dell'ingegneria,,Other research and experimental development on natural sciences and engineering,,,,,
722,72,"Forschung und Entwicklung im Bereich Rechts-, Wirtschafts- und Sozialwissenschaften sowie im Bereich Sprach-, Kultur- und Kunstwissenschaften",Recherche et développement en sciences humaines et sociales,Ricerca e sviluppo sperimentale nel campo delle scienze sociali e umanistiche,,Research and experimental development on social sciences and humanities,,,,,
73,N,Werbung und Marktforschung sowie Public-Relations-Beratung,"Activités de publicité, d’études de marché et de relations publiques","Attività di pubblicità, ricerche di mercato e pubbliche relazioni",,"Activities of advertising, market research and public relations",,,,,
731,73,Werbung,Publicité,Pubblicità,,Advertising,,,,,
7311,731,Tätigkeiten von Werbeagenturen,Activités d’agence de publicité,Attività di agenzie pubblicitarie,,Activities of advertising agencies,,,,,
7312,731,Vermarktung und Vermittlung von Werbezeiten und Werbeflächen,Régie publicitaire de médias,Attività di concessionarie pubblicitarie,,Media representation,,,,,
732,73,Markt- und Meinungsforschung,Études de marché et sondages,Ricerche di mercato e sondaggi di opinione,,Market research and public opinion polling,,,,,
733,73,Public-Relations-Beratung,Activités de relations publiques et de communication,Pubbliche relazioni e comunicazione,,Public relations and communication activities,,,,,
74,N,Sonstige wissenschaftliche und technische Tätigkeiten,"Autres activités spécialisées, scientifiques et techniques","Altre attività professionali, scientifiche e tecniche",,"Other professional, scientific and technical activities",,,,,
741,74,"Ateliers für Textil-, Schmuck-, Grafik- u. Ä. Design",Activités spécialisées de design,Attività di progettazione specializzata,,Specialised design activities,,,,,
7411,741,"Industrie-, Produkt- und Modedesign",Activités de design pour la création de mode ou les produits industriels,Attività di progettazione di prodotti industriali e di moda,,Industrial product and fashion design activities,,,,,
7412,741,Grafik- und Kommunikationsdesign,Activités de design graphique et de communication visuelle,Attività di progettazione grafica e di comunicazione visiva,,Graphic design and visual communication activities,,,,,
7413,741,Innenraumdesign und Raumgestaltung,Activités de design d’intérieur,Attività di progettazione di interni,,Interior design activities,,,,,
7414,741,Sonstige spezialisierte Designtätigkeiten,Autres activités spécialisées de design,Altre attività di progettazione specializzata,,Other specialised design activities,,,,,
742,74,Fotografie und Fotolabors,Activités photographiques,Attività fotografiche,,Photographic activities,,,,,
743,74,Übersetzen und Dolmetschen,Activités de traduction et d’interprétation,Attività di traduzione e interpretariato,,Translation and interpretation activities,,,,,
749,74,Sonstige wissenschaftliche und technische Tätigkeiten a. n. g.,"Autres activités spécialisées, scientifiques et techniques n.c.a.","Altre attività professionali, scientifiche e tecniche n.c.a.",,"Other professional, scientific and technical activities n.e.c.",,,,,
7491,749,Erbringung von Vermittlungs- und Vermarktungsdienstleistungen für Patente,Activités de courtage et de marketing de brevets,Attività di servizi di intermediazione e marketing di brevetti,,Patent brokering and marketing service activities,,,,,
7499,749,Alle anderen wissenschaftlichen und technischen Tätigkeiten a. n. g.,"Toutes les autres activités spécialisées, scientifiques et techniques n.c.a.","Tutte le altre attività professionali, scientifiche e tecniche n.c.a.",,"All other professional, scientific and technical activities n.e.c.",,,,,
749901,7499,Umweltberatungsaktivitäten,Activités de conseil en environnement,Attività di consulenza ambientale,,Environmental consulting activities,,,,,
749909,7499,Alle sonstigen wissenschaftlichen und technischen Tätigkeiten a. n. g.,"Toutes les autres activités spécialisées, scientifiques et techniques diverses n.c.a.","Tutte le altre varie attività professionali, scientifiche e tecniche n.c.a.",,"All other miscellaneous professional, scientific and technical activities n.e.c.",,,,,
75,N,Veterinärwesen,Activités vétérinaires,Servizi veterinari,,Veterinary activities,,,,,
77,O,Vermietung und Leasing,Activités de location et location-bail,Attività di noleggio e leasing operativo,,Rental and leasing activities,,,,,
771,77,Vermietung von Kraftwagen,Location et location-bail de véhicules automobiles,Noleggio e leasing operativo di autoveicoli,,Rental and leasing of motor vehicles,,,,,
7711,771,"Vermietung von Kraftwagen mit einem Gesamtgewicht von 3,5 t oder weniger",Location et location-bail de voitures et véhicules automobiles légers,Noleggio e leasing operativo di automobili e autoveicoli leggeri,,Rental and leasing of cars and light motor vehicles,,,,,
7712,771,"Vermietung von Kraftwagen mit einem Gesamtgewicht von mehr als 3,5 t",Location et location-bail de camions,Noleggio e leasing operativo di autocarri,,Rental and leasing of trucks,,,,,
772,77,Vermietung von Gebrauchsgütern,Location et location-bail de biens personnels et domestiques,Noleggio e leasing operativo di beni per uso personale e per la casa,,Rental and leasing of personal and household goods,,,,,
7721,772,Vermietung von Sport- und Freizeitgeräten,Location et location-bail d’articles de loisirs et de sport,Noleggio e leasing operativo di attrezzature e articoli sportivi e ricreativi,,Rental and leasing of recreational and sports goods,,,,,
7722,772,Vermietung von sonstigen Gebrauchsgütern,Location et location-bail d’autres biens personnels et domestiques,Noleggio e leasing operativo di altri beni per uso personale e per la casa,,Rental and leasing of other personal and household goods,,,,,
773,77,"Vermietung von Maschinen, Geräten und sonstigen beweglichen Sachen","Location et location-bail d’autres machines, équipements et biens","Noleggio e leasing operativo di altre macchine, attrezzature e beni materiali",,"Rental and leasing of other machinery, equipment and tangible goods",,,,,
7731,773,Vermietung von landwirtschaftlichen Maschinen und Geräten,Location et location-bail de matériel agricole,Noleggio e leasing operativo di macchine e attrezzature agricole,,Rental and leasing of agricultural machinery and equipment,,,,,
7732,773,Vermietung von Baumaschinen und -geräten,Location et location-bail de machines et équipements pour la construction et le génie civil,Noleggio e leasing operativo di macchine e attrezzature per lavori edili e di ingegneria civile,,Rental and leasing of construction and civil engineering machinery and equipment,,,,,
7733,773,"Vermietung von Büromaschinen, Datenverarbeitungsgeräten und -einrichtungen",Location et location-bail de machines et équipements de bureau et d’ordinateurs,"Noleggio e leasing operativo di macchine, attrezzature e computer per ufficio",,"Rental and leasing of office machinery, equipment and computers",,,,,
7734,773,Vermietung von Wasserfahrzeugen,Location et location-bail de matériels de transport par eau,"Noleggio e leasing operativo di mezzi di trasporto marittimi, fluviali e lacustri",,Rental and leasing of water transport equipment,,,,,
7735,773,Vermietung von Luftfahrzeugen,Location et location-bail de matériels de transport aérien,Noleggio e leasing operativo di mezzi di trasporto aereo,,Rental and leasing of air transport equipment,,,,,
7739,773,"Vermietung von sonstigen Maschinen, Geräten und beweglichen Sachen a. n. g.","Location et location-bail d’autres machines, équipements et biens n.c.a.","Noleggio e leasing operativo di altre macchine, attrezzature e beni materiali n.c.a.",,"Rental and leasing of other machinery, equipment and tangible goods n.e.c.",,,,,
773901,7739,Vermietung und Leasing von Rollmaterial und Maschinen für die Eisenbahn,Location et location-bail d'équipements et de machines pour le transport ferroviaire,Noleggio e leasing operativo di attrezzature e macchinari per il trasporto ferroviario,,Rental and leasing of rail transport equipment and machinery,,,,,
773909,7739,"Vermietung von sonstigen diversen Maschinen, Geräten und beweglichen Sachen a. n. g.","Location et location-bail d’autres machines, équipements et biens divers n.c.a.","Noleggio e leasing operativo di altre macchine, attrezzature e beni materiali diversi n.c.a.",,"Rental and leasing of other miscellaneous machinery, equipment and tangible goods n.e.c.",,,,,
774,77,"Leasing von nichtfinanziellen immateriellen Vermögensgütern, ohne Copyrights","Location-bail de propriété intellectuelle et de produits similaires, à l’exception des œuvres soumises à copyright","Concessione dei diritti di sfruttamento di proprietà intellettuale, escluse le opere soggette a diritto d’autore",,"Leasing of intellectual property and similar products, except copyrighted works",,,,,
775,77,Vermittlungstätigkeiten für die Vermietung und das Leasing von beweglichen Sachen und nichtfinanziellen immateriellen Vermögenswerten,Activités de service d’intermédiation pour la location et la location-bail de biens corporels et d’immobilisations incorporelles non financières.,Attività di servizi di intermediazione per il noleggio e il leasing operativo di beni materiali e beni immateriali non finanziari,,Intermediation service activities for rental and leasing of tangible goods and non-financial intangible assets,,,,,
7751,775,"Vermittlungstätigkeiten für die Vermietung und das Leasing von Autos, Wohnmobilen und Anhängern","Activités de service d’intermédiation pour la location et la location-bail de voitures, camping-cars et caravanes","Attività di servizi di intermediazione per il noleggio e il leasing operativo di automobili, autocaravan e rimorchi",,"Intermediation service activities for rental and leasing of cars, motorhomes and trailers",,,,,
7752,775,Vermittlungstätigkeiten für die Vermietung und das Leasing von sonstigen beweglichen Sachen und nichtfinanziellen immateriellen Vermögensgütern,Activités de service d’intermédiation pour la location et la location-bail d’autres biens corporels et d’immobilisations incorporelles non financières,Attività di servizi di intermediazione per il noleggio e il leasing operativo di altri beni materiali e beni immateriali non finanziari,,Intermediation service activities for rental and leasing of other tangible goods and non-financial intangible assets,,,,,
78,O,Vermittlung und Überlassung von Arbeitskräften,Activités liées à l’emploi,"Attività di ricerca, selezione, fornitura di risorse umane",,Employment activities,,,,,
781,78,Vermittlung von Arbeitskräften,Activités des agences de placement de main-d’œuvre,Attività di agenzie di collocamento,,Activities of employment placement agencies,,,,,
782,78,Überlassung von Arbeitskräften und sonstige Personaldienstleistungen,Activités d’agence de travail temporaire et autre mise à disposition de ressources humaines,Attività di agenzie di lavoro interinale e altre attività di fornitura di risorse umane,,Temporary employment agency activities and other human resource provisions,,,,,
782001,7820,Befristete Überlassung von Arbeitskräften,Activités des agences de travail temporaire,Attività di agenzie di lavoro interinale,,Temporary employment agency activities,,,,,
782002,7820,Sonstige Überlassung von Arbeitskräften,Autre mise à disposition de ressources humaines,Altre attività di fornitura di risorse umane,,Other human resources provision,,,,,
79,O,"Reisebüros, Reiseveranstalter und Erbringung sonstiger Reservierungsdienstleistungen","Activités d’agence de voyage, de voyagiste, de service de réservation et de services connexes","Attività di agenzie di viaggio, tour operator e altri servizi di prenotazione e attività connesse",,"Travel agency, tour operator and other reservation service and related activities",,,,,
791,79,Reisebüros und Reiseveranstalter,Activités d’agence de voyage et de voyagiste,Attività di agenzie di viaggio e tour operator,,Travel agency and tour operator activities,,,,,
7911,791,Reisebüros,Activités d’agence de voyage,Attività di agenzie di viaggio,,Travel agency activities,,,,,
7912,791,Reiseveranstalter,Activités de voyagiste,Attività di tour operator,,Tour operator activities,,,,,
799,79,Erbringung sonstiger Reservierungsdienstleistungen,Autres activités de service de réservation et activités connexes,Altri servizi di prenotazione e attività connesse,,Other reservation service and related activities,,,,,
80,O,Wach- und Sicherheitsdienste sowie Detekteien,Activités d’investigation et de sécurité,Attività di investigazione e vigilanza,,Investigation and security activities,,,,,
8001,800,Private Wach- und Sicherheitsdienste sowie Detekteien,Activités d’investigation et de sécurité privée,Attività di investigazione e vigilanza privata,,Investigation and private security activities,,,,,
8009,800,Sicherheitsdienste a. n. g.,Activités de sécurité n.c.a.,Attività di vigilanza n.c.a.,,Security activities n.e.c.,,,,,
800901,8009,Sicherheitsdienste mithilfe von Überwachungs- und Alarmsystemen,Activités liées aux systèmes de sécurité,Attività dei servizi connessi ai sistemi di vigilanza,,Security systems service activities,,,,,
800909,8009,Sonstige Sicherheitsdienste a. n. g.,Autres activités de sécurité n.c.a,Altre attività di vigilanza n.c.a.,,Other security activities n.e.c.,,,,,
81,O,Gebäudebetreuung; Garten- und Landschaftsbau,Activités de services pour les bâtiments et l’aménagement paysager,Attività di servizi per edifici e per la cura del paesaggio,,Services to buildings and landscape activities,,,,,
811,81,Hausmeisterdienste,Activités de soutien combinées pour les installations,Attività di servizi integrati agli edifici,,Combined facilities support activities,,,,,
812,81,"Reinigung von Gebäuden, Strassen und Verkehrsmitteln",Activités de nettoyage,Attività di pulizia,,Cleaning activities,,,,,
8121,812,Allgemeine Gebäudereinigung,Nettoyage courant des bâtiments,Attività di pulizia generale di edifici,,General cleaning of buildings,,,,,
8122,812,Spezielle Reinigung von Gebäuden und Reinigung von Maschinen,Autres activités de nettoyage des bâtiments et nettoyage industriel,Altre attività di pulizia di edifici e pulizia industriale,,Other building and industrial cleaning activities,,,,,
812201,8122,Kaminfeger,Ramonage,Pulizia di camini,,Chimney sweeping,,,,,
812202,8122,Sonstige spezielle Reinigung von Gebäuden und Reinigung von Maschinen,Autres activités diverses de nettoyage des bâtiments et nettoyage industriel,Altre attività diverse di pulizia di edifici e pulizia industriale,,Other miscellaneous building and industrial cleaning activities,,,,,
8123,812,Sonstige Reinigung,Autres activités de nettoyage,Altre attività di pulizia,,Other cleaning activities,,,,,
812301,8123,Tankreinigungs- und Tankinspektionstätigkeiten,Activités de nettoyage et d'inspection des citernes,Attività di pulizia e ispezione dei serbatoi,,Tank cleaning and tank inspection activities,,,,,
812302,8123,Tätigkeiten zur Desinfektion und Schädlingsbekämpfung,Activités de désinfection et de lutte contre les nuisibles,Attività di disinfezione e disinfestazione,,Disinfection and pest control activities,,,,,
812309,8123,Sonstige Reinigung a. n. g.,Autres activités de nettoyage n.c.a,Altre attività di pulizia n.c.a.,,Other cleaning activities n.e.c.,,,,,
813,81,Garten- und Landschaftsbau sowie Erbringung von sonstigen gärtnerischen Dienstleistungen,Activités de service d’aménagement paysager,Attività di servizi per la cura del paesaggio,,Landscape service activities,,,,,
82,O,Erbringung von wirtschaftlichen Dienstleistungen für Unternehmen und Privatpersonen,"Activités de service de bureau, de soutien administratif et d’autre soutien aux entreprises","Attività amministrative, di supporto per le funzioni di ufficio e altri servizi di supporto alle imprese",,"Office administrative, office support and other business support activities",,,,,
821,82,"Sekretariats- und Schreibdienste, Copy-Shops",Activités de service de bureau et de soutien administratif,Attività amministrative e di supporto per le funzioni di ufficio,,Office administrative and support activities,,,,,
822,82,Call Centers,Activités de centre d’appels,Attività dei call center,,Activities of call centres,,,,,
823,82,"Messe-, Kongress- und Business-Event-Veranstalter",Organisation de salons professionnels et congrès,Organizzazione di convegni e fiere,,Organisation of conventions and trade shows,,,,,
824,82,Vermittlungstätigkeiten für die Erbringung von wirtschaftlichen Dienstleistungen für Unternehmen und Privatpersonen a. n. g.,Activités de service d’intermédiation pour des services de soutien aux entreprises n.c.a.,Attività di servizi di intermediazione per servizi di supporto alle imprese n.c.a.,,Intermediation service activities for business support service activities n.e.c.,,,,,
829,82,Erbringung wirtschaftlicher Dienstleistungen für Unternehmen und Privatpersonen a. n. g.,Activités de service de soutien aux entreprises n.c.a.,Servizi di supporto alle imprese n.c.a.,,Business support service activities n.e.c.,,,,,
8291,829,Inkassobüros und Auskunfteien,Activités d’agence de recouvrement et de bureau de crédit,"Attività di recupero crediti, di informazioni commerciali e di rating",,Activities of collection agencies and credit bureaus,,,,,
8292,829,Abfüllen und Verpacken,Activités de conditionnement,Attività di imballaggio,,Packaging activities,,,,,
8299,829,Erbringung sonstiger wirtschaftlicher Dienstleistungen für Unternehmen und Privatpersonen a. n. g.,Autres activités de service de soutien aux entreprises n.c.a.,Altri servizi di supporto alle imprese n.c.a.,,Other business support service activities n.e.c.,,,,,
84,P,"Öffentliche Verwaltung, Verteidigung; Sozialversicherung",Administration publique et défense; sécurité sociale obligatoire,Amministrazione pubblica e difesa; assicurazione sociale obbligatoria,,Public administration and defence; compulsory social security,,,,,
841,84,Öffentliche Verwaltung,"Administration générale, économique et sociale et environnementale","Amministrazione dello Stato e delle politiche economiche, sociali e ambientali della comunità",,"Administration of the State and the economic, social and environmental policies of the community",,,,,
8411,841,Allgemeine öffentliche Verwaltung,Activités d’administration publique générale,Attività generali di amministrazione pubblica,,General public administration activities,,,,,
8412,841,"Öffentliche Verwaltung auf den Gebieten Gesundheitswesen, Bildung, Kultur und Sozialwesen","Réglementation des soins de santé, de l’enseignement, des services culturels et des autres services sociaux","Regolamentazione dei servizi di assistenza sanitaria, istruzione, servizi culturali e di altri servizi sociali",,"Regulation of health care, education, cultural services and other social services",,,,,
8413,841,"Wirtschaftsförderung, -ordnung und -aufsicht",Réglementation et contribution à l’amélioration de l’efficacité des activités économiques,Regolamentazione delle attività che contribuiscono a una più efficiente gestione delle attività economiche,,Regulation of and contribution to more efficient operation of businesses,,,,,
842,84,"Auswärtige Angelegenheiten, Verteidigung, Rechtspflege/Justiz, öffentliche Sicherheit und Ordnung",Services de prérogative publique,Erogazione di servizi collettivi,,Provision of services to the community as a whole,,,,,
8421,842,Auswärtige Angelegenheiten,Affaires étrangères,Affari esteri,,Foreign affairs,,,,,
8422,842,Verteidigung,Défense,Difesa nazionale,,Defence activities,,,,,
842201,8422,Verteidigung,Défense,Difesa,,National defence,,,,,
842202,8422,Zivilschutz,Protection civile,Protezione civile,,Civil defence,,,,,
8423,842,Rechtspflege/Justiz,Justice,Giustizia e attività giudiziarie,,Justice and judicial activities,,,,,
842301,8423,"Verwaltung der Rechtspflege, Gerichte","Administration judiciaire, tribunaux","Amministrazione della giustizia, tribunali",,"Administration of justice, courts",,,,,
842302,8423,Verwaltung von Strafvollzugsanstalten,Administration des établissements pénitentiaires,Attività degli stabilimenti penitenziari,,Administration of prisons,,,,,
8424,842,Öffentliche Sicherheit und Ordnung,Activités d’ordre public et de sécurité civile,Ordine pubblico e sicurezza nazionale,,Public order and safety activities,,,,,
8425,842,Feuerwehren,Activités de service d’incendie et de secours,Servizi antincendio,,Fire service activities,,,,,
843,84,Sozialversicherung,Sécurité sociale obligatoire,Assicurazione sociale obbligatoria,,Compulsory social security activities,,,,,
85,Q,Erziehung und Unterricht,Enseignement,Istruzione e formazione,,Education,,,,,
851,85,Kindergärten und Vorschulen,Enseignement pré-primaire,Istruzione prescolastica,,Pre-primary education,,,,,
852,85,Grundschulen/Volksschulen,Enseignement primaire,Istruzione primaria,,Primary education,,,,,
852001,8520,Primarstufe,Degré primaire,Livello primario,,Primary level,,,,,
852002,8520,Sonderpädagogik,Pédagogie spécialisée,Pedagogia speciale,,Special needs education,,,,,
852009,8520,Obligatorische Schulen a. n. g.,Écoles obligatoires n.c.a.,Scuole obbligatorie n.c.a.,,Compulsory schooling n.e.c.,,,,,
853,85,"Weiterführende Schulen und postsekundärer, nicht tertiärer Unterricht",Enseignement secondaire et enseignement post-secondaire non supérieur,Istruzione secondaria e post-secondaria non terziaria,,Secondary and post-secondary non-tertiary education,,,,,
8531,853,Allgemeinbildende weiterführende Schulen,Enseignement secondaire général,Istruzione secondaria di formazione generale,,General secondary education,,,,,
853101,8531,Sekundarstufe I,Degré secondaire I,Livello secondario I,,Lower secondary level,,,,,
853102,8531,Gymnasiale Maturitätsschulen,Écoles de maturité gymnasiale,Scuole di maturità,,Baccalaureate schools,,,,,
853103,8531,Fachmittelschulen,Écoles de culture générale,Scuole specializzate,,Upper secondary specialised schools,,,,,
8532,853,Berufsbildende weiterführende Schulen,Enseignement secondaire professionnel,Istruzione secondaria professionale,,Vocational secondary education,,,,,
8533,853,"Postsekundärer, nicht tertiärer Unterricht",Enseignement post-secondaire non supérieur,Istruzione post-secondaria non terziaria,,Post-secondary non-tertiary education,,,,,
854,85,Tertiärer Unterricht,Enseignement supérieur,Istruzione terziaria,,Tertiary education,,,,,
854001,8540,Universitäre Hochschulen und Eidgenössische Technische Hochschulen ,Hautes écoles universitaires et écoles polytechniques fédérales,Università e politecnici,,Universities and Federal Institutes of Technology,,,,,
854002,8540,Fach- und pädagogische Hochschulen,Hautes écoles spécialisées et pédagogiques,Scuole universitarie professionali e alte scuole pedagogiche,,Universities of applied sciences and teacher education,,,,,
854003,8540,Höhere Berufsbildung,Formation professionnelle supérieure,Formazione professionale superiore,,Professional education,,,,,
855,85,Sonstiger Unterricht,Autre enseignement,Altri servizi di istruzione e formazione,,Other education,,,,,
8551,855,Sport- und Freizeitunterricht,Enseignement de disciplines sportives et d’activités de loisirs,Formazione sportiva e ricreativa,,Sports and recreation education,,,,,
855101,8551,Aktivitäten von Reitschulen,Activités des manèges à chevaux,Attività di equitazione,,Horse-riding activities,,,,,
855102,8551,Sonstiger Sport- und Freizeitunterricht,Autre enseignement de disciplines sportives et d’activités de loisirs,Altre attività di educazione sportiva e ricreativa n.c.a.,,Other sports and recreation education,,,,,
8552,855,Kulturunterricht,Enseignement culturel,Formazione culturale,,Cultural education,,,,,
8553,855,Fahr- und Flugschulen,Enseignement de la conduit,Attività di scuole guida,,Driving school activities,,,,,
8559,855,Sonstiger Unterricht a. n. g.,Autre enseignement n.c.a.,Altri servizi di istruzione e formazione n.c.a.,,Other education n.e.c.,,,,,
855901,8559,Sprachunterricht,Cours de langues,Corsi di lingua,,Language schools,,,,,
855902,8559,Informatikunterricht,Cours d'informatique,Istruzione informatica,,IT schools,,,,,
855903,8559,Berufliche Erwachsenenbildung,Cours de perfectionnement professionnel,Perfezionamento professionale degli adulti,,"Further vocational training, adult education",,,,,
855909,8559,Sonstiger verschiedener Unterricht a. n. g.,Autre enseignement divers n.c.a.,Altri diversi servizi di istruzione n.c.a.,,Other miscellaneous education n.e.c.,,,,,
856,85,Erbringung von Dienstleistungen für Erziehung und Unterricht,Activités de soutien à l’enseignement,Servizi di supporto all'istruzione e formazione,,Educational support activities,,,,,
8561,856,Vermittlungstätigkeiten für Erziehung und Unterricht,Activités de service d’intermédiation dans le domaine de l’appui scolaire et du tutorat,Attività di servizi di intermediazione per corsi e tutor,,Intermediation service activities for courses and tutors,,,,,
8569,856,Erbringung von Dienstleistungen für Erziehung und Unterricht a. n. g.,Activités de soutien à l’enseignement n.c.a.,Altri servizi di supporto all'istruzione e formazione n.c.a.,,Educational support activities n.e.c.,,,,,
86,R,Gesundheitswesen,Activités pour la santé humaine,Attività per la salute umana,,Human health activities,,,,,
861,86,Krankenhäuser,Activités hospitalières,Attività ospedaliere,,Hospital activities,,,,,
861001,8610,Allgemeine Krankenhäuser,Hôpitaux pour soins généraux,Ospedali generali,,General care hospitals,,,,,
861002,8610,Spezialkliniken,Hôpitaux spécialisés,Cliniche specializzate,,Special clinics,,,,,
862,86,Arzt- und Zahnarztpraxen,Activités des médecins et dentistes,Attività mediche e odontoiatriche,,Medical and dental practice activities,,,,,
8621,862,Arztpraxen für Allgemeinmedizin,Activités de médecine générale,Attività di medicina generale,,General medical practice activities,,,,,
8622,862,Facharztpraxen,Activités de médecine spécialisée,Attività di medicina specialistica,,Medical specialists activities,,,,,
862200,8622,Facharztpraxen,Activités de médecine spécialisée,Attività dei medici specialisti,,Medical specialists activities,,,,,
8623,862,Zahnarztpraxen,Activités de soins dentaires,Attività odontoiatriche,,Dental practice care activities,,,,,
869,86,Sonstiges Gesundheitswesen,Autres activités pour la santé humaine,Altre attività per la salute umana,,Other human health activities,,,,,
8691,869,Erbringung von Dienstleistungen der diagnostischen Bildgebung sowie von medizinischen Laboratorien,Activités d’imagerie médicale et de laboratoire d’analyse médicale,Attività di diagnostica per immagini e di laboratorio medico,,Diagnostic imaging services and medical laboratory activities,,,,,
869101,8691,Dienstleistungen der diagnostischen Bildgebung,Activités d'imagerie médicale,Servizi di diagnostica per immagini,,Diagnostic imaging services,,,,,
869102,8691,Medizinische Labortätigkeiten,Activités de laboratoire médical,Attività di laboratorio medico,,Medical laboratory activities,,,,,
8692,869,Rettungs- und Krankentransportdienste,Transport de patients par ambulance,Trasporto di pazienti in ambulanza,,Patient transportation by ambulance,,,,,
8693,869,"Erbringung von Dienstleistungen von Psychotherapeutinnen und -therapeuten, klinischen und Gesundheitspsychologinnen und -psychologen, ohne ärztliche Therapien","Activités des psychologues et psychothérapeutes, à l’exception des médecins","Attività di psicologi e psicoterapeuti, esclusi i medici",,"Activities of psychologists and psychotherapists, except medical doctors",,,,,
869301,8693,Aktivitäten von psychologischen Psychotherapeuten/innen,Activités des psychologues-psychothérapeutes,Attività di psicologi psicoterapeuti,,Activities of psychological psychotherapists,,,,,
869302,8693,Aktivitäten von Neuropsychologen/innen,Activités des neuropsychologues,Attività dei neuropsicologi,,Activities of neuropsychologists,,,,,
869303,8693,Aktivitäten von Psychologen/innen,Activités des psychologues,Attività di psicologi,,Activities of psychologists,,,,,
8694,869,"Krankenpflege, Geburtshilfe und Hebammen",Activités de soins infirmiers et de maïeutique,Attività infermieristiche e ostetriche,,Nursing and midwifery activities,,,,,
869401,8694,Krankenpflege und Hilfe zu Hause,Activités de soins infirmiers et d'aides à domicile,Attività infermieristiche e d'aiuto a domicilio,,Nursing and district nursing activities,,,,,
869402,8694,Aktivitäten der Hebammen,Activités des sages-femmes,Attività di levatrici,,Midwifery activities,,,,,
869403,8694,Geburtshäuser,Maisons de naissance,Case per partorienti,,Birth houses,,,,,
8695,869,Erbringung von physiotherapeutischen Dienstleistungen,Activités de physiothérapie,Attività di fisioterapia,,Physiotherapy activities,,,,,
869501,8695,Aktivitäten der Physiotherapie,Activités de physiothérapie,Attività di fisioterapia,,Physiotherapy activities,,,,,
869502,8695,Aktivitäten der Ergotherapie,Activités d'ergothérapie,Attività di ergoterapia,,Occupational therapy activities,,,,,
869503,8695,Sonstige Aktivitäten der Physiotherapie,Autres activités de physiothérapie,Altre attività di fisioterapia,,Other physiotherapy activities,,,,,
8696,869,"Traditionelle, komplementäre und alternative medizinische Tätigkeiten","Activités de médecine traditionnelle, complémentaire et alternative",Attività di medicine complementari e alternative,,"Traditional, complementary and alternative medicine activities",,,,,
869601,8696,Aktivitäten der Chiropraktik,Activités de chiropraxie,Attività di chiropratica,,Chiropractic activities,,,,,
869602,8696,"Sonstige traditionelle, komplementäre und alternative medizinische Tätigkeiten","Autres activités de médecine traditionnelle, complémentaire et alternative","Altre attività di medicine traditionali, complementari e alternative",,"Other traditional, complementary and alternative medicine activities",,,,,
8697,869,"Vermittlungstätigkeiten für medizinische, zahnärztliche und andere Gesundheitstätigkeiten","Activités de service d’intermédiation pour les services médicaux, dentaires et autres services pour la santé humaine","Attività di servizi di intermediazione per attività mediche, odontoiatriche e altri servizi per la salute umana",,"Intermediation service activities for medical, dental and other human health services",,,,,
8699,869,Sonstiges Gesundheitswesen a. n. g.,Autres activités pour la santé humaine n.c.a.,Altre attività per la salute umana n.c.a.,,Other human health activities n.e.c.,,,,,
869901,8699,Aktivitäten der Logopädie,Activités de logopédie-orthophonie,Attività di logopedia,,Speech and language therapy activities,,,,,
869902,8699,Aktivitäten der Diät- und Ernährungsberatung,Activités de conseil en matière d'alimentation et de nutrition,Attività di consulenza dietetica e nutrizionale,,Diet and nutrition counselling activities,,,,,
869903,8699,Aktivitäten der Podologie,Activités de podologie,Attività di podologia,,Podiatry activities,,,,,
869909,8699,Sonstiges übriges Gesundheitswesen a. n. g.,Autres activités diverses pour la santé humaine n.c.a.,Altre diverse attività di assistenza sanitaria n.c.a.,,Other miscellaneous human health activities n.e.c.,,,,,
87,R,"Heime, ohne Erholungs- und Ferienheime",Activités de soins en établissement résidentiel,Attività di assistenza residenziale,,Residential care activities,,,,,
871,87,Pflegeheime,Activités d’hébergement médicalisé,Attività di assistenza infermieristica residenziale,,Residential nursing care activities,,,,,
872,87,"Stationäre Einrichtungen zur psychosozialen Betreuung, Suchtbekämpfung",Activités d’hébergement social pour personnes souffrant de maladie mentale ou de toxicomanie,Attività di assistenza residenziale per persone affette da disturbi mentali o abuso di sostanze,,Residential care activities for persons living with or having a diagnosis of a mental illness or substance abuse,,,,,
872001,8720,Stationäre Einrichtungen für Personen mit Suchterkrankungen,Activités de soins en établissement résidentiel pour personnes souffrant d’addiction,Attività di assistenza residenziale per persone affette da dipendenze,,Residential care activities for persons suffering from addiction,,,,,
872002,8720,Stationäre Einrichtungen für Personen mit psychosozialen Problemen,Activités de soins en établissement résidentiel pour personnes souffrant de problèmes psychosociaux,Attività di assistenza residenziale per persone con problemi psicosociali,,Residential care activities for persons with psychosocial issues,,,,,
873,87,Seniorenwohnheime und Wohnheime für Menschen mit Behinderung,Activités d’hébergement social pour personnes âgées ou en situation de handicap physique,Attività di assistenza residenziale per anziani o persone con disabilità fisiche,,Residential care activities for older persons or persons with physical disabilities,,,,,
873001,8730,Altersheime,Maisons de retraite,Case di riposo,,Retirement homes,,,,,
873002,8730,Wohnheime für Menschen mit Behinderung,Activités de soins en établissement résidentiel pour personnes en situation de handicap,Attività di assistenza residenziale per persone con disabilità fisiche,,Residential care activities for persons with disabilities,,,,,
879,87,"Sonstige Heime, ohne Erholungs- und Ferienheime, und Tätigkeiten für stationäre Betreuung",Autres activités de soins en établissement résidentiel,Altre attività di assistenza residenziale,,Other residential care activities,,,,,
8791,879,Vermittlungstätigkeiten für Heime und stationäre Betreuung,Activités de service d’intermédiation pour des activités de soins en établissement résidentiel,Attività di servizi di intermediazione per attività di assistenza residenziale,,Intermediation service activities for residential care activities,,,,,
8799,879,"Sonstige Heime, ohne Erholungs- und Ferienheime, a. n. g.",Autres activités d’hébergement social n.c.a.,Altre attività di assistenza residenziale n.c.a.,,Other residential care activities n.e.c.,,,,,
879901,8799,Wohnheime für Kinder und Jugendliche,Foyers pour enfants et adolescents,Istituti per bambini e adolescenti,,Residential homes for children and young people,,,,,
879909,8799,"Sonstige übrige Heime, ohne Erholungs- und Ferienheime, a. n. g.",Autres activités diverses de soin en établissement résidentiel n.c.a.,Altre attività diverse di assistenza residenziale n.c.a.,,Other miscellaneous residential care activities n.e.c.,,,,,
88,R,"Sozialwesen, ohne Heime",Activités d’action sociale sans hébergement,Attività di assistenza sociale non residenziale,,Social work activities without accommodation,,,,,
881,88,Soziale Betreuung von älteren Menschen und von Menschen mit Behinderung,Activités d’action sociale sans hébergement pour personnes âgées ou en situation de handicap,Attività di assistenza sociale non residenziale per anziani o persone con disabilità,,Social work activities without accommodation for older persons or persons with disabilities,,,,,
889,88,"Sonstiges Sozialwesen, ohne Heime",Autres activités d’action sociale sans hébergement,Altre attività di assistenza sociale non residenziale,,Other social work activities without accommodation,,,,,
8891,889,Tagesbetreuung von Kindern,Activités de garde d’enfants,Attività di assistenza diurna per l’infanzia,,Child day-care activities,,,,,
8899,889,Sonstiges Sozialwesen a. n. g.,Autres activités d’action sociale sans hébergement n.c.a.,Altre attività di assistenza sociale non residenziale n.c.a.,,Other social work activities without accommodation n.e.c.,,,,,
889901,8899,Organisationen der Wohlfahrtspflege,Organisations d'aide sociale,Organizzazioni di assistenza sociale,,Charitable institutions,,,,,
889909,8899,Sonstiges übriges Sozialwesen a. n. g.,Autres activités diverses de travail social sans hébergement n.c.a,Altre attività diverse di assistenza sociale non residenziale n.c.a.,,Other miscellaneous social work activities without accommodation n.e.c.,,,,,
90,S,Kunstschaffende Tätigkeiten und Tätigkeiten in der darstellenden Kunst,Activités de création artistique et de spectacle,Attività di creazione artistica e rappresentazioni artistiche,,Arts creation and performing arts activities,,,,,
901,90,Kunstschaffende Tätigkeiten,Activités de création artistique,Attività di creazione artistica,,Arts creation activities,,,,,
9011,901,Literarisches Schaffen und Musikkomposition,Activités de création littéraire et de composition musicale,Attività di creazione letteraria e composizione musicale,,Literary creation and musical composition activities,,,,,
9012,901,Bildende Kunst,Activités de création en arts visuels,Attività di creazione di arti visive,,Visual arts creation activities,,,,,
9013,901,Sonstige kunstschaffende Tätigkeiten,Autres activités de création artistique,Altre attività di creazione artistica,,Other arts creation activities,,,,,
902,90,Darstellende Kunst,Activités de spectacle,Attività di arti performative e rappresentazioni artistiche,,Activities of performing arts,,,,,
902001,9020,Theater- und Live-Unterhaltung,Activités théâtrales et de spectacles vivants,Attività teatrali e di intrattenimento dal vivo,,Theatrical and live entertainment activities,,,,,
902002,9020,"Aktivitäten von Orchestern, Chören und Musikern","Activités des orchestres, chœurs et musiciens","Attività di orchestre, cori e musicisti",,"Activities of orchestras, choirs and musicians",,,,,
903,90,Erbringung von Dienstleistungen für kunstschaffende Tätigkeiten und darstellende Künste,Activités de soutien à la création artistique et aux spectacles,Attività di supporto alle creazioni e alle arti performative e rappresentazioni artistiche,,Support activities to arts creation and performing arts,,,,,
9031,903,Betrieb von Einrichtungen für kunstschaffende Tätigkeiten und darstellende Künste,Gestion de lieux d’exposition artistique et de salles de spectacles,Gestione di strutture e spazi per le arti,,Operation of arts facilities and sites,,,,,
9039,903,Erbringung von sonstigen Dienstleistungen für kunstschaffende Tätigkeiten und darstellende Künste,Autres activités de soutien à la création artistique et aux spectacles,Altre attività di supporto alle arti performative e alle rappresentazioni artistiche,,Other support activities to arts and performing arts,,,,,
91,S,"Bibliotheken, Archive, Museen, botanische und zoologische Gärten","Bibliothèques, archives, musées et autres activités culturelles","Attività di biblioteche, archivi, musei e altre attività culturali",,"Libraries, archives, museums and other cultural activities",,,,,
911,91,Bibliotheken und Archive,Activités des bibliothèques et centres d’archives,Attività di biblioteche e archivi,,Library and archive activities,,,,,
9111,911,Bibliotheken,Activités des bibliothèques,Attività di biblioteche,,Library activities,,,,,
9112,911,Archive,Activités des centres d’archives,Attività di archivi,,Archive activities,,,,,
912,91,"Museen, Sammlungen, historische Stätten und Denkmäler","Activités des musées, collections, monuments et sites historiques","Attività di musei, collezioni, luoghi e monumenti storici",,"Museum, collection, historical site and monument activities",,,,,
9121,912,Museen und Sammlungen,Activités des musées et collections,Attività di musei e collezioni,,Museum and collection activities,,,,,
9122,912,Historische Stätten und Denkmäler,Activité des monuments et sites historiques,Attività di luoghi e monumenti storici,,Historical site and monument activities,,,,,
913,91,"Konservierung, Restaurierung und sonstige unterstützende Tätigkeiten für das kulturelle Erbe","Conservation, restauration et autres activités de soutien pour la préservation du patrimoine culturel","Conservazione, restauro e altre attività di supporto al patrimonio culturale",,"Conservation, restoration and other support activities for cultural heritage",,,,,
914,91,Botanische und zoologische Gärten sowie Naturparks,Activités de gestion de jardins botaniques et zoologiques et de réserves naturelles,"Attività di orti botanici, giardini zoologici e riserve e parchi naturali",,Botanical and zoological garden and nature reserve activities,,,,,
9141,914,Botanische und zoologische Gärten,Activités de gestion de jardins botaniques et zoologiques,Attività di orti botanici e giardini zoologici,,Botanical and zoological garden activities,,,,,
9142,914,Naturparks,Activités de gestion de réserves naturelles,Attività di riserve e parchi naturali,,Nature reserve activities,,,,,
92,S,"Spiel-, Wett- und Lotteriewesen",Activités de jeux d’argent et de paris,"Attività di scommesse, lotterie e altri giochi d’azzardo",,Gambling and betting activities,,,,,
93,S,"Erbringung von Dienstleistungen des Sports, der Unterhaltung und der Erholung",Activités sportives et activités récréatives et de loisirs,"Attività sportive, di intrattenimento e divertimento",,Sports activities and amusement and recreation activities,,,,,
931,93,Erbringung von Dienstleistungen des Sports,Activités sportives,Attività sportive,,Sports activities,,,,,
9311,931,Betrieb von Sportanlagen,Gestion d’installations sportives,Gestione di impianti sportivi,,Operation of sports facilities,,,,,
9312,931,Sportvereine,Activités des clubs de sports,Attività dei club sportivi,,Activities of sports clubs,,,,,
9313,931,Fitnesszentren,Activités des centres de fitness,Attività dei centri di fitness,,Activities of fitness centres,,,,,
9319,931,Erbringung von Dienstleistungen des Sports a. n. g.,Autres activités sportives n.c.a.,Attività sportive n.c.a.,,Sports activities n.e.c.,,,,,
932,93,Erbringung von sonstigen Dienstleistungen der Unterhaltung und der Erholung,Activités récréatives et de loisirs,Attività di intrattenimento e divertimento,,Amusement and recreation activities,,,,,
9321,932,Vergnügungs- und Themenparks,Activités des parcs d’attractions et parcs à thème,Attività dei parchi di divertimento e dei parchi tematici,,Activities of amusement parks and theme parks,,,,,
9329,932,Erbringung von sonstigen Dienstleistungen der Unterhaltung und der Erholung a. n. g.,Activités récréatives et de loisirs n.c.a.,Attività di intrattenimento e divertimento n.c.a.,,Amusement and recreation activities n.e.c.,,,,,
94,T,"Interessenvertretungen sowie kirchliche und sonstige religiöse Vereinigungen, ohne Sozialwesen und Sport",Activités des organisations associatives,Attività delle organizzazioni associative,,Activities of membership organisations,,,,,
941,94,"Wirtschafts- und Arbeitgeberverbände, Berufsorganisationen","Activités des organisations économiques, patronales et professionnelles","Attività di organizzazioni di imprese, dei datori di lavoro e professionali",,"Activities of business, employers and professional membership organisations",,,,,
9411,941,Wirtschafts- und Arbeitgeberverbände,Activités des organisations patronales et des chambres représentatives,Attività di organizzazioni di imprese e dei datori di lavoro,,Activities of business and employers membership organisations,,,,,
9412,941,Berufsorganisationen,Activités des organisations professionnelles,Attività delle organizzazioni professionali,,Activities of professional membership organisations,,,,,
942,94,Arbeitnehmervereinigungen,Activités des syndicats de salariés,Attività dei sindacati di lavoratori,,Activities of trade unions,,,,,
949,94,Kirchliche Vereinigungen; politische Parteien sowie sonstige Interessenvertretungen und Vereinigungen,Activités des autres organisations associatives,Attività di altre organizzazioni associative,,Activities of other membership organisations,,,,,
9491,949,Kirchliche und sonstige religiöse Vereinigungen,Activités des organisations religieuses,Attività delle organizzazioni religiose,,Activities of religious organisations,,,,,
949101,9491,Kirchgemeinden und religiöse Vereinigungen,Paroisses et associations religieuses,Parrocchie e associazioni religiose,,Parishes and religious organisations,,,,,
949102,9491,Sonstige Aktivitäten religiöser Vereinigungen,Autres activités des organisations religieuses,Altre attività delle organizzazioni religiose,,Other activities of religious organisations,,,,,
9492,949,Politische Parteien und Vereinigungen,Activités des organisations politiques,Attività delle organizzazioni politiche,,Activities of political organisations,,,,,
9499,949,Sonstige Interessenvertretungen und Vereinigungen a. n. g.,Activités des organisations associatives n.c.a.,Attività di altre organizzazioni associative n.c.a.,,Activities of other membership organisations n.e.c.,,,,,
949901,9499,"Organisationen der Kultur, Bildung, Wissenschaft und Forschung","Organisations pour la culture, la formation, les sciences et la recherche","Organizzazioni per il promovimento della cultura, della formazione, delle scienze e della ricerca",,"Cultural, education, scientific and research organisations",,,,,
949902,9499,Organisationen des Gesundheitswesens,Organisations pour la santé,Organizzazioni per la salute,,Healthcare organisations,,,,,
949903,9499,Jugendorganisationen,Mouvements de jeunesse,Associazioni giovanili,,Youth organisations,,,,,
949909,9499,Sonstige übrige Interessenvertretungen und Vereinigungen a. n. g.,Autres représentations d'intérêts et associations n.c.a.,Altri gruppi di interesse e associazioni n.c.a.,,Other interest groups n.e.c.,,,,,
95,T,Reparatur und Instandhaltung von Datenverarbeitungsgeräten und Gebrauchsgütern sowie von Kraftwagen und Krafträdern,"Réparation et entretien d’ordinateurs, de biens personnels et domestiques et d’automobiles et motocycles","Riparazione e manutenzione di computer, beni per uso personale e per la casa, autoveicoli e motocicli",,"Repair and maintenance of computers, personal and household goods, and motor vehicles and motorcycles",,,,,
951,95,Reparatur und Instandhaltung von Datenverarbeitungs- und Telekommunikationsgeräten,Réparation et entretien d’ordinateurs et d’équipements de communication,Riparazione e manutenzione di computer e di apparecchiature per le comunicazioni,,Repair and maintenance of computers and communication equipment,,,,,
952,95,Reparatur und Instandhaltung von Gebrauchsgütern,Réparation et entretien de biens personnels et domestiques,Riparazione e manutenzione di beni per uso personale e per la casa,,Repair and maintenance of personal and household goods,,,,,
9521,952,Reparatur und Instandhaltung von Geräten der Unterhaltungselektronik,Réparation et entretien de produits électroniques grand public,Riparazione e manutenzione di prodotti di elettronica di consumo,,Repair and maintenance of consumer electronics,,,,,
9522,952,Reparatur und Instandhaltung von elektrischen Haushaltsgeräten und Gartengeräten,Réparation et entretien d’appareils électroménagers et d’équipements pour la maison et le jardin,Riparazione e manutenzione di elettrodomestici e di articoli per la casa e il giardinaggio,,Repair and maintenance of household appliances and home and garden equipment,,,,,
9523,952,Reparatur und Instandhaltung von Schuhen und Lederwaren,Réparation et entretien de chaussures et d’articles en cuir,Riparazione e manutenzione di calzature e articoli in pelle,,Repair and maintenance of footwear and leather goods,,,,,
9524,952,Reparatur und Instandhaltung von Möbeln und Einrichtungsgegenständen,Réparation et entretien de meubles et d’équipements du foyer,Riparazione e manutenzione di mobili e di oggetti di arredamento per la casa,,Repair and maintenance of furniture and home furnishings,,,,,
9525,952,Reparatur und Instandhaltung von Uhren und Schmuck,Réparation et entretien d’articles d’horlogerie et de bijouterie,Riparazione e manutenzione di orologi e gioielli,,"Repair and maintenance of watches, clocks and jewellery",,,,,
9529,952,Reparatur und Instandhaltung von Gebrauchsgütern a. n. g.,Réparation et entretien d’autres biens personnels ou domestiques n.c.a.,Riparazione e manutenzione di beni per uso personale e per la casa n.c.a.,,Repair and maintenance of personal and household goods n.e.c.,,,,,
953,95,Reparatur und Instandhaltung von Kraftwagen und Krafträdern,Réparation et entretien d’automobiles et de motocycles,Riparazione e manutenzione di autoveicoli e motocicli,,Repair and maintenance of motor vehicles and motorcycles,,,,,
9531,953,Reparatur und Instandhaltung von Kraftwagen,Réparation et entretien d’automobiles,Riparazione e manutenzione di autoveicoli,,Repair and maintenance of motor vehicles,,,,,
953101,9531,Mechanische Reparatur und Instandhaltung von Kraftwagen,Réparation mécanique et entretien d’automobiles,Riparazione meccanica e manutenzione di autoveicoli,,Mechanical repair and maintenance of motor vehicles,,,,,
953102,9531,Reparatur und Lackieren von Carrosserien,Réparation et peinture de carrosserie,Riparazione e verniciatura di carrozzerie,,Bodywork repair and painting of motor vehicles,,,,,
9532,953,Reparatur und Instandhaltung von Krafträdern,Réparation et entretien de motocycles,Riparazione e manutenzione di motocicli,,Repair and maintenance of motorcycles,,,,,
954,95,Vermittlungstätigkeiten für die Reparatur und Instandhaltung von Datenverarbeitungsgeräten und Gebrauchsgütern sowie von Kraftwagen und Krafträdern,"Activités de service d’intermédiation pour la réparation et l’entretien d’ordinateurs, de biens personnels et domestiques et d’automobiles et motocycles","Attività di servizi di intermediazione per la riparazione e la manutenzione di computer, beni per uso personale e per la casa, autoveicoli e motocicli",,"Intermediation service activities for repair and maintenance of computers, personal and household goods, and motor vehicles and motorcycles",,,,,
96,T,Erbringung von überwiegend persönlichen Dienstleistungen,Activités de services aux personnes,Attività di servizi alla persona,,Personal service activities,,,,,
961,96,Wäscherei und chemische Reinigung,Blanchisserie-teinturerie,Servizi di lavaggio e pulitura di prodotti tessili e pellicce,,Washing and cleaning of textile and fur products,,,,,
962,96,"Frisör- und Kosmetiksalons, Day Spas u. Ä.","Coiffure, soins de beauté, spa et activités similaires","Servizi di parrucchieri e barbieri, trattamenti di bellezza, centri benessere e attività simili",,"Hairdressing, beauty treatment, day spa and similar activities",,,,,
9621,962,Frisör- und Barbiersalons,Coiffure et activités de barbier,Servizi di parrucchieri e barbieri,,Hairdressing and barber activities,,,,,
9622,962,Kosmetiksalons und ähnliche Schönheitsbehandlungen,Soins de beauté et autres activités de traitement esthétique,Servizi di cura della bellezza e altri trattamenti di bellezza,,Beauty care and other beauty treatment activities,,,,,
962200,9622,Kosmetiksalons und ähnliche Schönheitsbehandlungen,Soins esthétiques et autres activités de traitement esthétique,Servizi di cura della bellezza e altri trattamenti di bellezza,,Beauty care and other beauty treatment activities,,,,,
9623,962,"Day Spas, Saunas, Dampfbäder","Activités de spa, de sauna et de bain de vapeur","Servizi di centri benessere, sauna e bagno di vapore",,"Day spa, sauna and steam bath activities",,,,,
963,96,Bestattungswesen,Services funéraires et activités connexes,Servizi funerari e attività connesse,,Funeral and related activities,,,,,
964,96,Vermittlungstätigkeiten für überwiegend persönliche Dienstleistungen,Activités de service d’intermédiation pour des services aux personnes,Attività di servizi di intermediazione per servizi alla persona,,Intermediation service activities for personal services,,,,,
969,96,Erbringung von sonstigen überwiegend persönlichen Dienstleistungen,Autres activités de service aux personnes,Altre attività di servizi alla persona,,Other personal service activities,,,,,
9691,969,Erbringung von haushaltsbezogenen Dienstleistungen,Activités d’offre de services domestiques aux personnes,Fornitura di servizi domestici,,Provision of domestic personal service activities,,,,,
9699,969,Erbringung von sonstigen überwiegend persönlichen Dienstleistungen a. n. g.,Autres activités de service aux personnes n.c.a.,Altre attività di servizi alla persona n.c.a.,,Other personal service activities n.e.c.,,,,,
97,U,Private Haushalte mit Hauspersonal,Activités des ménages en tant qu’employeurs de personnel domestique,Attività di famiglie e convivenze come datori di lavoro per personale domestico,,Activities of households as employers of domestic personnel,,,,,
98,U,Herstellung von Waren und Erbringung von Dienstleistungen durch private Haushalte für den Eigenbedarf ohne ausgeprägten Schwerpunkt,Activités indifférenciées des ménages en tant que producteurs de biens et services pour usage propre,Produzione di beni e di servizi indifferenziati per uso proprio da parte di famiglie e convivenze,,Undifferentiated goods- and service-producing activities of private households for own use,,,,,
981,98,Herstellung von Waren durch private Haushalte für den Eigenbedarf ohne ausgeprägten Schwerpunkt,Activités indifférenciées des ménages en tant que producteurs de biens pour usage propre,Produzione di beni indifferenziati per uso proprio da parte di famiglie e convivenze,,Undifferentiated goods-producing activities of private households for own use,,,,,
982,98,Erbringungen von Dienstleistungen durch private Haushalte für den Eigenbedarf ohne ausgeprägten Schwerpunkt,Activités indifférenciées des ménages en tant que producteurs de services pour usage propre,Produzione di servizi indifferenziati per uso proprio da parte di famiglie e convivenze,,Undifferentiated service-producing activities of private households for own use,,,,,
99,V,Exterritoriale Organisationen und Körperschaften,Activités des organisations et organismes extraterritoriaux,Attività di organizzazioni ed organismi extraterritoriali,,Activities of extraterritorial organisations and bodies,,,,,
990001,9900,Botschaften und Konsulate,Ambassades et consulats,Ambasciate e consolati,,Embassies and consulates,,,,,
990002,9900,Internationale Organisationen,Organisations internationales,Organizzazioni internazionali,,International organisations,,,,,
A,,"LAND- UND FORSTWIRTSCHAFT, FISCHEREI","AGRICULTURE, SYLVICULTURE ET PÊCHE","AGRICOLTURA, SILVICOLTURA E PESCA",,"AGRICULTURE, FORESTRY AND FISHING",,,,,
B,,BERGBAU UND GEWINNUNG VON STEINEN UND ERDEN,INDUSTRIES EXTRACTIVES,ATTIVITÀ ESTRATTIVE,,MINING AND QUARRYING,,,,,
C,,VERARBEITENDES GEWERBE/HERSTELLUNG VON WAREN,INDUSTRIE MANUFACTURIÈRE,ATTIVITÀ MANIFATTURIERE,,MANUFACTURING,,,,,
D,,ENERGIEVERSORGUNG,"PRODUCTION ET DISTRIBUTION D’ÉLECTRICITÉ, DE GAZ, DE VAPEUR ET D’AIR CONDITIONNÉ","FORNITURA DI ENERGIA ELETTRICA, GAS, VAPORE E ARIA CONDIZIONATA",,"ELECTRICITY, GAS, STEAM AND AIR CONDITIONING SUPPLY",,,,,
E,,WASSERVERSORGUNG; ABWASSER- UND ABFALLENTSORGUNG UND BESEITIGUNG VON UMWELTVERSCHMUTZUNGEN,"PRODUCTION ET DISTRIBUTION D’EAU; ASSAINISSEMENT, GESTION DES DÉCHETS ET DÉPOLLUTION","FORNITURA DI ACQUA; GESTIONE DI RETI FOGNARIE, ATTIVITÀ DI TRATTAMENTO DEI RIFIUTI E RISANAMENTO",,"WATER SUPPLY; SEWERAGE, WASTE MANAGEMENT AND REMEDIATION ACTIVITIES",,,,,
F,,BAUGEWERBE/BAU,CONSTRUCTION,COSTRUZIONI,,CONSTRUCTION,,,,,
G,,HANDEL,COMMERCE,COMMERCIO ALL’INGROSSO E AL DETTAGLIO,,WHOLESALE AND RETAIL TRADE,,,,,
H,,VERKEHR UND LAGEREI,TRANSPORTS ET ENTREPOSAGE,TRASPORTO E MAGAZZINAGGIO,,TRANSPORTATION AND STORAGE,,,,,
I,,GASTGEWERBE/BEHERBERGUNG UND GASTRONOMIE,HÉBERGEMENT ET RESTAURATION,ATTIVITÀ DEI SERVIZI DI ALLOGGIO E DI RISTORAZIONE,,ACCOMMODATION AND FOOD SERVICE ACTIVITIES,,,,,
J,,"VERLAGSWESEN, RUNDFUNK SOWIE ERSTELLUNG UND VERBREITUNG VON MEDIENINHALTEN","ÉDITION, DIFFUSION ET ACTIVITÉS DE PRODUCTION ET DE DISTRIBUTION DE CONTENU","ATTIVITÀ EDITORIALI, TRASMISSIONI RADIOFONICHE E PRODUZIONE E DISTRIBUZIONE DI CONTENUTI",,"PUBLISHING, BROADCASTING, AND CONTENT PRODUCTION AND DISTRIBUTION ACTIVITIES",,,,,
K,,"TELEKOMMUNIKATION, SOFTWAREENTWICKLUNG, IT-BERATUNG UND ERBRINGUNG SONSTIGER DIENSTLEISTUNGEN DER INFORMATIONSTECHNOLOGIE UND DER COMPUTERINFRASTRUKTUR","TÉLÉCOMMUNICATIONS, PROGRAMMATION INFORMATIQUE, CONSEIL, INFRASTRUCTURE INFORMATIQUE ET AUTRES ACTIVITÉS DE SER­VICE D’INFORMATION","TELECOMUNICAZIONI, PROGRAMMAZIONE E CONSULENZA INFORMATICA, INFRASTRUTTURE INFORMATICHE E ALTRE ATTIVITÀ DEI SERVIZI D’INFORMAZIONE",,"TELECOMMUNICATION, COMPUTER PROGRAMMING, CONSULTING, COMPUTING INFRASTRUCTURE AND OTHER INFORMATION SERVICE ACTIVITIES",,,,,
L,,ERBRINGUNG VON FINANZ- UND VERSICHERUNGSDIENSTLEISTUNGEN,ACTIVITÉS FINANCIÈRES ET D’ASSURANCE,ATTIVITÀ FINANZIARIE E ASSICURATIVE,,FINANCIAL AND INSURANCE ACTIVITIES,,,,,
M,,GRUNDSTÜCKS- UND WOHNUNGSWESEN,ACTIVITÉS IMMOBILIÈRES,ATTIVITÀ IMMOBILIARI,,REAL ESTATE ACTIVITIES,,,,,
N,,ERBRINGUNG VON WISSENSCHAFTLICHEN UND TECHNISCHEN DIENSTLEISTUNGEN,"ACTIVITÉS SPÉCIALISÉES, SCIENTIFIQUES ET TECHNIQUES","ATTIVITÀ PROFESSIONALI, SCIENTIFICHE E TECNICHE",,"PROFESSIONAL, SCIENTIFIC AND TECHNICAL ACTIVITIES",,,,,
O,,ERBRINGUNG VON SONSTIGEN WIRTSCHAFTLICHEN DIENSTLEISTUNGEN,ACTIVITÉS DE SERVICE ADMINISTRATIF ET DE SOUTIEN,ATTIVITÀ AMMINISTRATIVE E DI SERVIZI DI SUPPORTO,,ADMINISTRATIVE AND SUPPORT SERVICE ACTIVITIES,,,,,
P,,"ÖFFENTLICHE VERWALTUNG, VERTEIDIGUNG; SOZIALVERSICHERUNG",ADMINISTRATION PUBLIQUE ET DÉFENSE; SÉCURITÉ SOCIALE OBLIGATOIRE,AMMINISTRAZIONE PUBBLICA E DIFESA; ASSICURAZIONE SOCIALE OBBLIGATORIA,,PUBLIC ADMINISTRATION AND DEFENCE; COMPULSORY SOCIAL SECURITY,,,,,
Q,,ERZIEHUNG UND UNTERRICHT,ENSEIGNEMENT,ISTRUZIONE E FORMAZIONE,,EDUCATION,,,,,
R,,GESUNDHEITS- UND SOZIALWESEN,SANTÉ HUMAINE ET ACTIVITÉS D’ACTION SOCIALE,ATTIVITÀ PER LA SALUTE UMANA E DI ASSISTENZA SOCIALE,,HUMAN HEALTH AND SOCIAL WORK ACTIVITIES,,,,,
S,,"KUNST, SPORT UND ERHOLUNG","ARTS, SPORTS ET ACTIVITÉS RÉCRÉATIVES","ATTIVITÀ ARTISTICHE, SPORTIVE E DI DIVERTIMENTO",,"ARTS, SPORTS AND RECREATION",,,,,
T,,ERBRINGUNG VON SONSTIGEN DIENSTLEISTUNGEN,AUTRES ACTIVITÉS DE SERVICES,ALTRE ATTIVITÀ DI SERVIZI,,OTHER SERVICE ACTIVITIES,,,,,
U,,PRIVATE HAUSHALTE MIT HAUSPERSONAL SOWIE HERSTELLUNG VON WAREN UND ERBRINGUNG VON DIENSTLEISTUNGEN DURCH PRIVATE HAUSHALTE FÜR DEN EIGENBEDARF OHNE AUSGEPRÄGTEN SCHWERPUNKT,ACTIVITÉS DES MÉNAGES EN TANT QU’EMPLOYEURS; ACTIVITÉS INDIFFÉRENCIÉES DES MÉNAGES EN TANT QUE PRODUCTEURS DE BIENS ET SERVICES POUR USAGE PROPRE,ATTIVITÀ DI FAMIGLIE E CONVIVENZE COME DATORI DI LAVORO PER PERSONALE DOMESTICO E PRODUZIONE DI BENI E SERVIZI INDIFFERENZIATI PER USO PROPRIO DA PARTE DI FAMIGLIE E CONVIVENZE,,ACTIVITIES OF HOUSEHOLDS AS EMPLOYERS AND UNDIFFERENTIATED GOODS - AND SERVICE-PRODUCING ACTIVITIES OF HOUSEHOLDS FOR OWN USE,,,,,
V,,EXTERRITORIALE ORGANISATIONEN UND KÖRPERSCHAFTEN,ACTIVITÉS DES ORGANISATIONS ET ORGANISMES EXTRATERRITORIAUX,ATTIVITÀ DI ORGANIZZAZIONI E ORGANISMI EXTRATERRITORIALI,,ACTIVITIES OF EXTRATERRITORIAL ORGANISATIONS AND BODIES,,,,,
