key;de;fr;it
AddToPoolDialog.add;"Hinzufügen";"Ajouter";"Aggiungi"
AddToPoolDialog.cancel;"Abbrechen";"Annuler";"Annulla"
AddToPoolDialog.description;"Bestehenden Pool auswählen oder neuen Pool anlegen";"Sélectionner un pool existant ou créer un nouveau pool";"Seleziona un pool esistente o crea un nuovo pool"
AddToPoolDialog.existingPool;"Bestehender Pool";"Pool existant";"Pool esistente"
AddToPoolDialog.newPool;"Neuer Pool";"Nouveau pool";"Nuovo pool"
AddToPoolDialog.title;"Standort zu Pool hinzufügen";"Ajouter le site au pool";"Aggiungi la posizione al pool"
BeteiligteField.noResults;"Keine Ergebnisse";"Aucun résultat";"Nessun risultato"
BeteiligteField.searchPlaceholder;"Beteiligte suchen …";"Rechercher des parties prenantes …";"Cerca persone coinvolte …"
CopyGeometryButton;"Geometrie übernehmen";"Copier la géométrie";"Copia geometria"
error.Permissions.SearchQuery.title;"Fehlende Berechtigung";"Autorisation manquante";"Autorizzazione mancante"
error.Permissions.SearchQuery.message;"Der User ist nicht berechtigt, diese Suche auszuführen.";"L'utilisateur n'est pas autorisé à effectuer cette recherche.";"L'utente non è autorizzato a eseguire questa ricerca."
FaelligkeitStatus.FAELLIG_NAECHSTE_WOCHE;"< 2 Wochen";"< 2 semaines";"< 2 settimane"
FaelligkeitStatus.FAELLIG_SPAETER;"später";"plus tard";"più tardi"
FaelligkeitStatus.RUHEND;"keine";"pas de";"nessuno"
FaelligkeitStatus.UEBERFAELLIG;"überfällig";"en retard";"in ritardo"
Field.errorContent.EXISTS.bezeichnung.de;"Deutsch existiert bereits";"Le terme allemand existe déjà";"Il termine tedesco esiste già"
Field.errorContent.EXISTS.bezeichnung.fr;"Französisch existiert bereits";"Le terme français existe déjà";"Il termine francese esiste già"
Field.errorContent.EXISTS.bezeichnung.it;"Italienisch existiert bereits";"Le terme italien existe déjà";"Il termine italiano esiste già"
Field.errorContent.EXISTS.code;"Code existiert bereits";"Le code existe déjà";"Il codice esiste già"
Field.errorContent.EXISTS.email;"E-Mail existiert bereits";"L'émail existe déjà";"L'e-mail esiste già"
Field.errorContent.EXISTS.name;"Name existiert bereits";"Le nom existe déjà";"Il nome esiste già"
Field.errorContent.VALIDATION.general;"Die Eingabe konnte nicht validiert werden.";"La saisie n'a pas pu être validée.";"L'inserimento non è stato convalidato."
Field.errorContent.VALIDATION.publizieren;"Ungültiger Wert.";"Valeur non valide.";"Valore non valido"
Field.errorContent.VALIDATION.rechtskraft;"Eintrag gefordert und Standort muss belastet sein.";"Entrée requise et le site doit être chargé.";"L'iscrizione è obbligatoria e la posizione deve essere gravata."
Field.errorContent.VALIDATION_EMAIL;"Geben Sie eine gültige E-Mail-Adresse ein.";"Entrez une adresse émail valide.";"Inserisci un indirizzo e-mail valido."
Field.errorContent.VALIDATION_PHONE;"Geben Sie eine gültige Telefonnummer ein: +xx xx xxx xx xx / 0xxx xx xx xx / 0xxx xxx xx xx / 0xxx xxx xxx";"Entrez un numéro de téléphone valide : +xx xx xxx xx xx / 0xxx xx xx xx / 0xxx xxx xx xx / 0xxx xxx xxx";"Inserisci un numero di telefono valido: +xx xx xxx xx xx / 0xxx xx xx xx / 0xxx xxx xx xx / 0xxx xxx xxx"
Field.errorContent.VALIDATION_URL;"Geben Sie eine gültige URL ein.";"Entrez une URL valide.";"Inserisci un URL valido."
Field.errorContent.startEnde;"„Start“ muss vor „Ende“ liegen.";"“Début“ doit précéder “Fin”.";"“Inizio” deve precedere “Fine”."
Field.errorContent.zeitraum;"„Von“ muss vor „Bis“ liegen.";"“De“ doit précéder “À”.";"Il termine “Da” deve precedere “A”."
Field.errorTitle.EXISTS.bezeichnung;"Bezeichnung existiert bereits";"La désignation existe déjà";"La Denominazione esiste già"
Field.errorTitle.EXISTS.bezeichnung.de;"Bezeichnung ungültig";"Désignation non valide";"Denominazione non valida"
Field.errorTitle.EXISTS.bezeichnung.fr;"Bezeichnung ungültig";"Désignation non valide";"Denominazione non valida"
Field.errorTitle.EXISTS.bezeichnung.it;"Bezeichnung ungültig";"Désignation non valide";"Denominazione non valida"
Field.errorTitle.EXISTS.code;"Code ungültig";"Code non valide";"Codice non valido"
Field.errorTitle.EXISTS.combinedId;"Standort-Nummer existiert bereits";"Le numéro du site existe déjà";"Il numero del sito esiste già"
Field.errorTitle.EXISTS.email;"E-Mail ungültig";"Émail non valide";"E-mail non valida"
Field.errorTitle.EXISTS.name;"Name ungültig";"Nom non valide";"Nome non valido"
Field.errorTitle.VALIDATION.general;"Eingabe ungültig";"Entrée non valide";"Inserimento non valido"
Field.errorTitle.VALIDATION.publizieren;"Publizieren/Löschen ungültig";"Publier/Supprimer non valide";"Pubblicare/cancellare non validi"
Field.errorTitle.VALIDATION.rechtskraft;"Ersteintrag ungültig";"Première inscription non valide";"Prima registrazione non valida"
Field.errorTitle.VALIDATION_EMAIL;"E-Mail ungültig";"Émail non valide";"E-mail non valida"
Field.errorTitle.VALIDATION_PHONE;"Telefon ungültig";"Téléphone non valide";"Telefono non valido"
Field.errorTitle.VALIDATION_URL;"Web-Adresse ungültig";"Adresse Web non valide";"Indirizzo Web non valido"
Field.errorTitle.endDatum;"Enddatum ungültig";"Date de fin non valide";"Data di fine non valida"
Field.errorTitle.required;"Pflichtfeld";"Champ obligatoire";"Campo obbligatorio"
Field.errorTitle.startEnde;"Zeitraum ungültig";"Période non valide";"Periodo non valido"
Field.errorTitle.zeitraum;"Zeitraum ungültig";"Période non valide";"Periodo non valido"
Field.requiredEnd;"“ muss ausgefüllt werden.";"“ doit être rempli.";"“ deve essere compilato."
Field.requiredStart;"Das Feld „";"Le champ „";"Il campo „"
Field.validatedDataDescription.one;"Übernehmen Sie den Wert";"Adoptez la valeur";"Adotta il valore"
Field.validatedDataDescription.other;"Wählen Sie einen Vorschlag aus:";"Choisissez une suggestion :";"Scegli un suggerimento:"
Field.validatedDataEmptyDescription;"Die Geo-Validierung konnte keine Vorschläge finden.";"La validation géographique n'a trouvé aucune suggestion.";"La validazione geografica non ha trovato suggerimenti."
Field.validatedDataEmptyTitle;"Daten stimmen (nicht) überein";"Les données ne correspondent pas";"I dati non corrispondono"
Field.validatedDataSuccessDescription.one;"Erfasste Daten und Geodaten sind identisch.";"Les données saisies et les données géographiques sont identiques.";"I dati inseriti e i dati geografici sono identici."
Field.validatedDataSuccessDescription.other;"Folgende Werte werden vorgeschlagen:";"Les valeurs suivantes sont proposées :";"Sono proposti i seguenti valori:"
Field.validatedDataSuccessTitle;"Daten stimmen überein";"Les données correspondent";"I dati corrispondono"
Field.validatedDataTitle;"Abweichende Geodaten";"Données divergentes";"Dati divergenti"
Field.validationTitle;"Fehler";"Erreur";"Errore"
Form.exception;"Fehler";"Erreur";"Errore"
Form.exceptionMessage;"Ein unvorhergesehener Fehler ist aufgetreten. Bitte kontaktieren Sie die Entwickler oder Administratoren.";"Une erreur imprévue s'est produite. Veuillez contacter les développeurs ou les administrateurs.";"Si è verificato un errore imprevisto. Si prega di contattare gli sviluppatori o gli amministratori."
Form.networkExceptionMessage;"Ein Netzwerkfehler ist aufgetreten. Bitte überprüfen Sie Ihre Internetverbindung und versuchen Sie es erneut.";"Une erreur réseau s'est produite. Veuillez vérifier votre connexion Internet et réessayer.";"Si è verificato un errore di rete. Si prega di controllare la connessione Internet e riprovare."
DatePicker.invalidDate;"ungültiges Datum";"date invalide";"data non valida"
Layout.logout;"Abmelden";"Se déconnecter";"Disconnettersi"
Layout.userMenu;"Konto";"Compte";"Account"
Layout.versionUpdateButton;"Seite neu laden";"Recharger la page";"Ricarica la pagina"
Layout.versionUpdateMessage;"Es ist eine neue Version von alma verfügbar. Lade die Seite neu. Änderungen werden nicht gespeichert.";"Une nouvelle version d'alma est disponible. Rechargez la page. Les modifications ne seront pas enregistrées.";"È disponibile una nuova versione di alma. Ricarica la pagina. Le modifiche non verranno salvate."
Map.BaseLayer.aerial;"Luftbild";"Vue aérienne";"Vista aerea"
Map.BaseLayer.label;"Hintergrund";"Fond";"Sfondo"
Map.BaseLayer.map-color;"Landeskarte";"Carte nationale";"Carta nazionale"
Map.BaseLayer.map-gray;"Landeskarte grau";"Carte grise";"Carta grigia"
MapLayerTree.featureInfo.title;"Feature-Info";"Info sur les caractéristiques";"Informazioni sulla caratteristica"
MapLayerTree.import;"Importieren";"Importer";"Importa"
MapLayerTree.importFile.fetchFailed;"Datei konnte nicht geladen werden.";"Le fichier n'a pas pu être chargé.";"Impossibile caricare il file."
MapLayerTree.importFile.help;"Unterstützte Formate: KML und Shapefile (als ZIP)";"Formats pris en charge : KML et Shapefile (au format ZIP)";"Formati supportati: KML e Shapefile (in formato ZIP)"
MapLayerTree.importFile.invalidFile;"Datei konnte nicht gelesen werden.";"Le fichier n'a pas pu être lu.";"Impossibile leggere il file."
MapLayerTree.importFile.invalidFileType;"Dateityp konnte nicht erkannt werden.";"Le type de fichier n'a pas pu être reconnu.";"Tipo di file non riconosciuto."
MapLayerTree.importFile.invalidKML;"KML-Datei konnte nicht gelesen werden.";"Le fichier KML n'a pas pu être lu.";"Impossibile leggere il file KML."
MapLayerTree.importFile.invalidSHP;"Shapefile konnte nicht gelesen werden.";"Le fichier Shapefile n'a pas pu être lu.";"Impossibile leggere il file Shapefile."
MapLayerTree.importFile.local;"Lokal";"Local";"Locale"
MapLayerTree.importFile.remote;"Online";"En ligne";"Online"
MapLayerTree.importFile.title;"Datei importieren";"Importer un fichier";"Importa file"
MapLayerTree.importFile.urlPlaceholder;"https://example.com/file.kml";"https://example.com/file.kml";"https://example.com/file.kml"
MapLayerTree.importService.fetchFailed;"Karte konnte nicht geladen werden.";"La carte n'a pas pu être chargée.";"Impossibile caricare la mappa."
MapLayerTree.importService.invalidResponse;"Ungültige Antwort vom Server.";"Réponse invalide du serveur.";"Risposta non valida dal server."
MapLayerTree.importService.invalidURL;"Ungültige Karten-URL";"URL de la carte invalide";"URL della mappa non valida"
MapLayerTree.importService.invalidWfs;"Ungültiger WFS";"WFS invalide";"WFS non valido"
MapLayerTree.importService.invalidWms;"Ungültiger WMS";"WMS invalide";"WMS non valido"
MapLayerTree.importService.invalidWmts;"Ungültiger WMTS";"WMTS invalide";"WMTS non valido"
MapLayerTree.importService.title;"Karte importieren";"Importer une carte";"Importa mappa"
MapLayerTree.importService.urlPlaceholder;"WMS, WMTS oder WFS GetCapabilities-URL";"URL GetCapabilities WMS, WMTS ou WFS";"URL GetCapabilities WMS, WMTS o WFS"
MapLayerTree.legendAlt;"Legende für {{title}}";"Légende pour {{title}}";"Legenda per {{title}}"
MapLayerTree.mainLayers;"Hauptebenen";"Couches principales";"Livelli principali"
MapLayerTree.opacity;"Transparenz";"Opacité";"Opacità"
MapLayerTree.scaleRange.large;"Nur in grossen Massstäben anzeigen";"Afficher uniquement à grande échelle";"Mostra solo a grande scala"
MapLayerTree.title;"Ebenen";"Couches";"Livelli"
MapLayerTree.confirmRemove.title;"Sind Sie sicher?";"Êtes-vous sûr?";"Sei sicuro?"
MapLayerTree.confirmRemove.message;"Soll der Layer ({{title}}) gelöscht werden?";"Voulez-vous supprimer la couche ({{title}}) ?";"Vuoi eliminare il livello ({{title}})?"
MapLayerTree.confirmRemove.yes;"Löschen";"Supprimer";"Elimina"
MapLayerTree.confirmRemove.no;"Abbrechen";"Annuler";"Annulla"
Pagination.back;"Zurück";"Retour";"Indietro"
Pagination.forward;"Weiter";"Suivant";"Avanti"
PasswordRules.length;"muss mindestens 12 Zeichen lang sein";"doit contenir au moins 12 caractères";"deve contenere almeno 12 caratteri"
PasswordRules.lowerUpperCase;"muss Gross- und Kleinbuchstaben enthalten";"doit contenir des majuscules et des minuscules";"deve contenere lettere maiuscole e minuscole"
PasswordRules.numbers;"muss mindestens 1 Ziffer enthalten";"doit contenir au moins 1 chiffre";"deve contenere almeno 1 cifra"
PasswordRules.symbols;"muss mindestens 1 Sonderzeichen enthalten";"doit contenir au moins 1 caractère spécial";"deve contenere almeno 1 carattere speciale"
RoleName.ADMINISTRATION;"Administration";"Administration";"Amministrazione"
RoleName.BEARBEITEN_GESCHAEFTE;"Bearbeiten von Sachdaten und Geschäfte";"Modification des données factuelles et des affaires";"Modifica dei dati di fatto e delle attività"
RoleName.BEARBEITEN_SACHDATEN;"Bearbeiten von Sachdaten";"Modification des données factuelles";"Modifica dei dati di fatto"
RoleName.LESEN_GESCHAEFTE;"Lesen von Sachdaten und Geschäfte";"Lecture des données factuelles et des affaires";"Lettura dei dati di fatto e delle attività"
RoleName.LESEN_SACHDATEN;"Lesen von Sachdaten";"Lecture des données factuelles";"Lettura dei dati di fatto"
SearchExportDialog.ERROR;"Der Export ist fehlgeschlagen.";"L'exportation a échoué.";"L'esportazione non è riuscita."
SearchExportDialog.EXCEL;"Excel Export von {{startedAt}} Uhr ist abgeschlossen.";"L'exportation Excel de {{startedAt}} est terminée.";"L'esportazione Excel delle {{startedAt}} è stata completata."
SearchExportDialog.GEOPACKAGE;"GeoPackage Export von {{startedAt}} Uhr ist abgeschlossen.";"L'exportation GeoPackage de {{startedAt}} est terminée.";"L'esportazione GeoPackage delle {{startedAt}} è stata completata."
SearchExportDialog.SHAPEFILE;"Shape-Datei Export von {{startedAt}} Uhr ist abgeschlossen.";"L'exportation du fichier Shape de {{startedAt}} est terminée.";"L'esportazione del file Shape delle {{startedAt}} è stata completata."
SearchExportDialog.download;"Download";"Télécharger";"Scarica"
SearchExportDialog.title;"Export";"Export";"Esporta"
StandortTyp.ABLAGERUNG;"Ablagerungsstandort";"Site de stockage";"Sito di deposito"
StandortTyp.BETRIEB;"Betriebsstandort";"Site d'exploitation";"Sito operativo"
StandortTyp.UNFALL;"Unfallstandort";"Site d'accident";"Sito di incidente"
StandortTyp.SCHIESSANLAGE;"Schiessanlage";"Stand de tir";"Poligono di tiro"
StandortTyp.KINDERSPIELPLATZ_GRUENFLAECHE;"Kinderspielplatz/Grünfläche";"Aire de jeux/espaces verts";"Area giochi/spazi verdi"
StandortTyp.PFAS;"PFAS-Feuerlösch-Standort";"Site d'extinction d'incendie PFAS";"Sito di estinzione incendi PFAS"
SubjektDialog.createTitle;"Neue Adresse";"Nouvelle adresse";"Nuovo indirizzo"
SubjektDialog.deleteSubjekt;"Adresse löschen";"Supprimer l'adresse";"Elimina indirizzo"
SubjektDialog.deleteSubjektMessage;"Die Adresse ist mit weiteren Standorten oder Geschäften verknüpft. Wollen Sie die Adresse mit allen Verknüpfungen löschen?";"L'adresse est liée à d'autres sites ou affaires. Voulez-vous supprimer l'adresse avec toutes les liaisons?";"L'indirizzo è collegato ad altre posizioni o attività. Vuoi eliminare l'indirizzo con tutti i collegamenti?"
SubjektDialog.saveSubjekt;"Adresse speichern";"Enregistrer l'adresse";"Salva indirizzo"
SubjektDialog.updateTitle;"Adresse bearbeiten";"Modifier l'adresse";"Modifica indirizzo"
SubjektField.new;"neue Adresse";"nouvelle adresse";"nuovo indirizzo"
SubjektField.placeholder;"Beteiligte suchen …";"Rechercher des parties prenantes …";"Cerca persone coinvolte …"
TaskStatus.ABGESCHLOSSEN;"geschlossen";"fermé";"chiuso"
TaskStatus.OFFEN;"offen";"ouvert";"aperto"
TaskStatus.RUHEND;"ruhend";"en pause";"in pausa"
TaskStatus.UEBERSPRUNGEN;"übersprungen";"sauté";"saltato"
TaskType.AUFGABE;"Aufgabe";"Tâche";"Compito"
TaskType.DOKUMENT;"Dokument";"Document";"Documento"
TaskType.FORMULAR;"Formular";"Formulaire";"Modulo"
TaskType.NOTIZ;"Notiz";"Note";"Nota"
TaskType.PROZESS;"Geschäft";"Affaire";"Attività"
VflzActionMenu.DirtyFieldsDialog.discard;"Änderungen verwerfen";"Annuler les modifications";"Annulla modifiche"
VflzActionMenu.DirtyFieldsDialog.message;"Es gibt ungespeicherte Änderungen. Möchten Sie die Seite wirklich verlassen?";"Il y a des modifications non enregistrées. Voulez-vous vraiment quitter la page?";"Ci sono modifiche non salvate. Vuoi davvero lasciare la pagina?"
VflzActionMenu.DirtyFieldsDialog.save;"Änderungen speichern";"Enregistrer les modifications";"Salva modifiche"
VflzActionMenu.DirtyFieldsDialog.title;"Ungespeicherte Änderungen";"Modifications non enregistrées";"Modifiche non salvate"
VflzActionMenu.HistorizeDialog.submit;"Historisieren";"Historiser";"Storico"
VflzActionMenu.HistorizeDialog.title;"Standort historisieren";"Historiser le site";"Storico del sito"
VflzActionMenu.VollzugDialog.addLabel;"Standortnummer hinzufügen";"Ajouter un numéro du site";"Aggiungi numero di posizione"
VflzActionMenu.VollzugDialog.problemBehoerde;"Behörde konnte nicht validiert werden, bitte Daten überprüfen.";"L'autorité n'a pas pu être validée, veuillez vérifier les données.";"L'autorità non ha potuto essere validata, si prega di controllare i dati."
VflzActionMenu.VollzugDialog.submit;"Speichern";"Enregistrer";"Salva"
VflzActionMenu.VollzugDialog.title;"Standortnummer und Vollzug";"Numéro du site et exécution";"Numero di posizione ed esecuzione"
VflzActionMenu.historize;"Standort historisieren";"Historiser le site";"Storico del sito"
VflzActionMenu.reset;"Änderungen verwerfen";"Rejeter les modifications";"Scartare le modifiche"
VflzActionMenu.save;"Speichern";"Enregistrer";"Salva"
VflzActionMenu.vollzug;"Standortnummer und Vollzug";"Numéro du site et exécution";"Numero di posizione ed esecuzione"
VflzMapEditor.difference;"Schnittmenge von Geometrie entfernen";"Supprimer l'intersection de la géométrie";"Rimuovi intersezione dalla geometria"
VflzMapEditor.drawPoint;"Punkt setzen";"Placer un point";"Imposta punto"
VflzMapEditor.drawPolygon;"Geometrie erstellen";"Créer une géométrie";"Crea geometria"
VflzMapEditor.intersection;"Schnittmenge der ausgewählten Geometrien";"Intersection des géométries sélectionnées";"Intersezione delle geometrie selezionate"
VflzMapEditor.makeValid;"Ausgewählte Geometrie bereinigen";"Nettoyer la géométrie sélectionnée";"Pulisci la geometria selezionata"
VflzMapEditor.modify;"Geometrien auswählen";"Sélectionner des géométries";"Seleziona geometrie"
VflzMapEditor.pointOrPolygonRequired;"Ein Punkt oder eine Fläche muss erfasst werden.";"Un point ou une surface doit être saisi.";"Deve essere inserito un punto o una superficie."
VflzMapEditor.pointOrPolygonSelected;"Ein Punkt oder eine Fläche muss ausgewählt werden.";"";""
VflzMapEditor.polygonRequired;"Eine Fläche muss erfasst werden.";"Une surface doit être saisie.";"Deve essere inserita una superficie."
VflzMapEditor.polygonSelected;"Eine Fläche muss ausgewählt werden.";"";""
VflzMapEditor.split;"Ausgewählte Geometrie teilen";"Diviser la géométrie sélectionnée";"Dividi la geometria selezionata"
VflzMapEditor.union;"Ausgewählte Geometrien zusammenführen";"Fusionner les géométries sélectionnées";"Unisci le geometrie selezionate"
VflzMapEditor.validationMessage;"Geometrie ungültig. Mit dem 'Bereinigen' Tool können Fehler behoben werden.";"Géométrie invalide. L'outil « Nettoyer » permet de corriger les erreurs.";"Geometria non valida. Lo strumento 'Pulisci' consente di correggere gli errori."
VflzOverview.beteiligteStandort;"Bearbeitung";"Édition";"Modifica"
VflzOverview.parzellenWithEigentum;"Erfasste Parzellen und Eigentum";"Parcelles et propriété enregistrées";"Particelle e proprietà registrate"
VflzOverview.parzellenWithoutEigentum;"Fehlende Parzellen und Eigentum";"Parcelles et propriété manquantes";"Particelle e proprietà mancanti"
VflzOverview.parzellen;"Parzellen";"Parcelles";"Particelle"
VflzOverview.sonstigeBeteiligte;"Sonstige Beteiligte";"Autres parties prenantes";"Altre parti coinvolte"
VflzSearchLayer.title.one;"Standort";"Site";"Posizione"
VflzSearchLayer.title.other;"{{count}} Standorte";"{{count}} Sites";"{{count}} Posizioni"
VflzStatusText.contaminated;"Aktuelle Publikation am {{datPublizieren}}.";"Publication actuelle le {{datPublizieren}}.";"Pubblicazione attuale il {{datPublizieren}}."
VflzStatusText.current;"Es wird die aktuelle Version vom {{vflzCreatedDate}} angezeigt.";"La version actuelle du {{vflzCreatedDate}} est affichée.";"Viene visualizzata la versione attuale del {{vflzCreatedDate}}."
VflzStatusText.deleted;"Am {{datPublizieren}} wurde der Standort aus dem KbS gelöscht.";"Le site a été supprimé du KbS le {{datPublizieren}}.";"Il sito è stato eliminato dal KbS il {{datPublizieren}}."
VflzStatusText.historized;"Es wird die historisierte Version vom {{vflzCreatedDate}} angezeigt.";"La version historisée du {{vflzCreatedDate}} est affichée.";"Viene visualizzata la versione storicizzata del {{vflzCreatedDate}}."
VflzSummary.publishNow;"diese Version wurde publiziert";"Cette version a été publiée";"Questa versione è stata pubblicata"
VflzSummary.publishedPreviously;"eine vorherige Version wurde publiziert";"Une version précédente a été publiée";"Una versione precedente è stata pubblicata"
VflzSummary.deleteNow;"diese Version wurde gelöscht";"Cette version a été supprimée";"Questa versione è stata eliminata"
VflzSummary.deletedPreviously;"eine vorherige Version wurde gelöscht";"Une version précédente a été supprimée";"Una versione precedente è stata eliminata"
VflzSummary.current;"aktuell, nicht publiziert";"Actuel, non publié";"Attuale, non pubblicato"
VflzSummary.historized;"historisiert, nicht publiziert";"Historisé, non publié";"Storicizzato, non pubblicato"
ablagerung.addLabel;"Kompartiment hinzufügen";"Ajouter un compartiment";"Aggiungi compartimento"
ablagerung.bemerkungPlaceholder;"Bemerkungen zum Kompartiment …";"Remarques sur le compartiment …";"Commenti sullo scomparto ..."
ablagerung.bemerkungDatenimportPlaceholder;"Bemerkungen zum Datenimport des Kompartiments …";"Remarques sur l'importation de données du compartiment …";"Commenti sull'importazione dei dati del compartimento …"
admin.codelists.create;"Code hinzufügen";"Ajouter un code";"Aggiungi codice"
admin.codelists.edit;"Code bearbeiten";"Modifier le code";"Modifica il codice"
admin.codelists.editCodeList;"Codeliste bearbeiten";"Modifier la liste de codes";"Modifica elenco di codici"
admin.codelists.save;"Speichern";"Enregistrer";"Salva"
admin.codelists.title;"Codelisten";"Listes de codes";"Elenchi di codici"
admin.fields.fieldCount;"{{count}} Felder";"{{count}} champs";"{{count}} campi"
admin.fields.hide;"Ausblenden";"Masquer";"Nascondi"
admin.fields.key;"Key";"Key";"Chiave"
admin.fields.label;"Label";"Label";"Etichetta"
admin.fields.placeholder;"Felder filtern…";"Filtrer les champs…";"Campi filtro…"
admin.fields.showFields;"Felder anzeigen";"Afficher les champs";"Mostra i campi"
admin.fields.title;"Felder";"Champs";"Campi"
admin.save;"Speichern";"Enregistrer";"Salva"
admin.system.title;"System";"Système";"Sistema"
admin.system.heading;"Einstellungen";"Paramètres";"Impostazioni"
admin.system.editTitle;"Einstellung bearbeiten";"Modifier les paramètres";"Modifica impostazioni"
admin.system.jsonInvalid;"Ungültiges JSON";"JSON invalide";"JSON non valido"
admin.system.jsonSchemaInvalid;"Ungültiges JSON Schema";"Schéma JSON invalide";"Schema JSON non valido"
admin.title;"Verwaltung";"Administration";"Amministrazione"
admin.translations.edit;"Übersetzung bearbeiten";"Modifier la traduction";"Modifica traduzione"
admin.translations.filterPlaceholder;"Übersetzungen filtern …";"Filtrer les traductions …";"Filtra traduzioni …"
admin.translations.key;"Key";"Clé";"Chiave"
admin.translations.keyFilterPlaceholder;"Key filtern …";"Filtrer les clés …";"Filtra chiavi …"
admin.translations.noResults;"Keine Ergebnisse";"Aucun résultat";"Nessun risultato"
admin.translations.title;"Übersetzungen";"Traductions";"Traduzioni"
admin.users.create;"Neuer User";"Nouvel utilisateur";"Nuovo utente"
admin.users.password;"Das Passwort wird beim ersten Login vom User geändert.";"Le mot de passe sera changé par l'utilisateur lors de la première connexion.";"La password verrà cambiata dall'utente al primo accesso."
admin.users.title;"User";"Utilisateur";"Utente"
basisBetrieb.groesse.1;"1 Mitarbeitende";"1 Employé";"1 dipendente"
basisBetrieb.groesse.10;"> 1000 Mitarbeitende";"> 1000 Employés";"> 1000 dipendenti"
basisBetrieb.groesse.2;"2-3 Mitarbeitende";"2-3 Employés";"2-3 dipendenti"
basisBetrieb.groesse.3;"4-5 Mitarbeitende";"4-5 Employés";"4-5 dipendenti"
basisBetrieb.groesse.4;"6-9 Mitarbeitende";"6-9 Employés";"6-9 dipendenti"
basisBetrieb.groesse.5;"10-19 Mitarbeitende";"10-19 Employés";"10-19 dipendenti"
basisBetrieb.groesse.6;"20-49 Mitarbeitende";"20-49 Employés";"20-49 dipendenti"
basisBetrieb.groesse.7;"50-99 Mitarbeitende";"50-99 Employés";"50-99 dipendenti"
basisBetrieb.groesse.8;"100-499 Mitarbeitende";"100-499 Employés";"100-499 dipendenti"
basisBetrieb.groesse.9;"500-1000 Mitarbeitende";"500-1000 Employés";"500-1000 dipendenti"
basisBetrieb.mobileStoffe.false;"nein";"non";"no"
basisBetrieb.mobileStoffe.null;"unbekannt";"inconnu";"sconosciuto"
basisBetrieb.mobileStoffe.true;"ja";"oui";"si"
basisBetrieb.relevant.false;"nicht relevant";"non pertinent";"non rilevante"
basisBetrieb.relevant.null;"-";"-";"-"
basisBetrieb.relevant.true;"relevant";"pertinent";"rilevante"
betrieb.addLabel;"Betrieb hinzufügen";"Ajouter une entreprise";"Aggiungi ditta"
betrieb.begruendungBewertungPlaceholder;"Bemerkungen zur Begründung der Bewertung von dem Betrieb …";"Bemerkungen zur Begründung der Bewertung von dem Betrieb …";"Commenti sulla giustificazione della valutazione dell'azienda …"
betrieb.bemerkungPlaceholder;"Bemerkungen zum Betrieb …";"Remarques sur l'entreprise …";"Commenti sull'azienda …"
betrieb.bemerkungDatenimportPlaceholder;"Bemerkungen zum Datenimport des Betriebs …";"Remarques sur l'importation de données de l'entreprise …";"Commenti sull'importazione dei dati dell'azienda …"
boolean.false;"Nein";"Non";"No"
boolean.true;"Ja";"Oui";"Sì"
cancel;"Abbrechen";"Annuler";"Annulla"
dashboard.stats;"Statistiken";"Statistiques";"Statistiche"
dashboard.savedSearches.title;"Gespeicherte Suchen";"Recherches enregistrées";"Ricerche salvate"
dashboard.statistic.beurteilungen;"Beurteilung";"Évaluation";"Valutazione"
dashboard.statistic.geschaefte;"offene Tasks nach Fälligkeit";"Tâches ouvertes par échéance";"Attività aperte per scadenza"
dashboard.statistic.standortTypen;"Standortstypen";"Types de sites";"Tipi di posizione"
dashboard.statistic.subtitle;"Gesamt {{total}}. Stand {{stichtag}}.";"Total {{total}}. État au {{stichtag}}.";"Totale {{total}}. Stato al {{stichtag}}."
dashboard.title;"Home";"Home";"Home"
einzelereignisse.addLabel;"Vorkommnis hinzufügen";"Ajouter un événement";"Aggiungi evento"
einzelereignisse.bemerkungPlaceholder;"Bemerkungen zum Einzelereignis …";"Remarques sur l'événement …";"Commenti sull'evento …"
extra.title;"Extra";"Extra";"Extra"
grundwasser.addLabel;"Grundwasser hinzufügen";"Ajouter des eaux souterraines";"Aggiungi acque sotterranee"
fields.Ablagerung.bemerkung.bem;"Bemerkungen";"Remarques";"Commenti"
fields.Ablagerung.bemerkungDatenimport.bem;"Bemerkungen Datenimport";"Remarques importation de données";"Commenti importazione dati"
fields.Ablagerung.bis;"Bis";"Jusqu'à";"Fino a"
fields.Ablagerung.bisheute;"bis heute";"jusqu'à aujourd'hui";"fino ad oggi"
fields.Ablagerung.bisjahr;"Jahr";"Année";"Anno"
fields.Ablagerung.tiefe;"Tiefe";"Profondeur";"Profondità"
fields.Ablagerung.volKompartiment;"Volumen";"Volume";"Volume"
fields.Ablagerung.von;"Von";"De";"Da"
fields.Ablagerung.vonjahr;"Jahr";"Année";"Anno"
fields.Betrieb.begruendungBewertung.bem;"Begründung Bewertung Betrieb";"Justification de l'évaluation de l'entreprise";"Giustificazione della valutazione dell'azienda"
fields.Betrieb.bemerkung.bem;"Bemerkungen";"Remarques";"Commenti"
fields.Betrieb.bemerkungDatenimport.bem;"Bemerkungen Datenimport";"Remarques importation de données";"Commenti importazione dati"
fields.Betrieb.beurteilung;"Beurteilung";"Évaluation";"Valutazione"
fields.Betrieb.bis;"Bis";"Jusqu'à";"Fino a"
fields.Betrieb.bisheute;"bis heute";"jusqu'à aujourd'hui";"fino ad oggi"
fields.Betrieb.bisjahr;"Jahr";"Année";"Anno"
fields.Betrieb.brancheAsw;"Branche";"Branche";"Settore"
fields.Betrieb.brancheNoga;"Branche-NOGA";"Branche-NOGA";"Settore-NOGA"
fields.Betrieb.eva;"EVA-Nummer";"Numéro EVA";"Numero EVA"
fields.Betrieb.firmaName;"Firma-Name";"Nom de l'entreprise";"Nome ditta"
fields.Betrieb.firmaOrt;"Ort";"Lieu";"Luogo"
fields.Betrieb.firmaPlz;"PLZ";"Numéro postal";"Numero postale d'avviamento"
fields.Betrieb.firmaStrasse;"Firma-Strasse";"Entreprise-rue";"Ditta-via"
fields.Betrieb.genauigkeitBis;"Genauigkeit";"Précision";"Precisione"
fields.Betrieb.genauigkeitVon;"Genauigkeit";"Précision";"Precisione"
fields.Betrieb.groesse;"Betriebsgrösse";"Nombre d'employés";"Dimensione operativa"
fields.Betrieb.mobileStoffe;"mobile Stoffe";"Substances mobiles";"Sostanze mobili"
fields.Betrieb.relevant;"Katasterrelevanz";"Pertinence cadastre";"Rilevanza catastale"
fields.Betrieb.untersuchungsStand;"Untersuchungsstand";"Etat de la procédure OSites";"Stato dell'indagine"
fields.Betrieb.von;"Von";"De";"Da"
fields.Betrieb.vonjahr;"Jahr";"Année";"Anno"
fields.Betrieb.zentroid.coordinates.0;"E";"E";"E"
fields.Betrieb.zentroid.coordinates.1;"N";"N";"N"
fields.Beurteilung.beurteilung;"Beurteilung";"Évaluation";"Valutazione"
fields.Beurteilung.handlungsbedarf;"Handlungsbedarf";"Besoin d'action";"Necessità di azione"
fields.Beurteilung.prioSanier;"Priorisierung Überwachungs-/Sanierungsbedarf";"Priorisation des besoins de surveillance / d'assainissement ";"Priorità per la necessità di monitoraggio/bonifica"
fields.Beurteilung.prioUntersuch;"Priorisierung Untersuchungsbedarf";"Priorisation du besoin d'investigation";"Priorità per la necessità di indagine"
fields.Beurteilung.rechtlicherBezug;"Rechtlicher Bezug";"Référence légale";"Riferimento legale"
fields.CodeList.bezeichnung;"Bezeichnung";"Désignation";"Designazione"
fields.CodeList.cliId;"Codeliste";"Liste de codes";"Elenco dei codici"
fields.CodeList.filter;"Codelisten filtern";"Filtrer les listes de codes";"Filtrare le liste di codici"
fields.CodeListEntry.bezeichnung;"Bezeichnung";"Désignation";"Designazione"
fields.CodeListEntry.code;"Code";"Code";"Codice"
fields.CodeListEntry.isActive;"Aktiv";"actif";"attivo"
fields.CodeListEntry.sortKey;"Sortierung";"Tri";"Ordinamento"
fields.Einzelereignis.bemerkung.bem;"Bemerkung Einzelereignis";"Remarque sur l'événement";"Commento sull'evento singolo"
fields.Einzelereignis.datum;"Datum";"Date";"Data"
fields.Einzelereignis.einzelereignis;"Vorkommnis";"Événement";"Evento singolo"
fields.Grundwasser.distanz;"Distanz zur GW-Nutzung im Abstrombereich";"Distance à l'utilisation des eaux souterraines en aval";"Distanza dall'utilizzo delle acque sotterranee a valle"
fields.Grundwasser.flurabstand;"Flurabstand";"Distance au sol";"Distanza dal suolo"
fields.Grundwasser.nutzung;"Nutzung Grundwasser im Abstrombereich";"Utilisation des eaux souterraines en aval";"Utilizzo delle acque sotterranee a valle"
fields.Grundwasser.relativeLage;"Relative Lage zum Grundwasser";"Position relative aux eaux souterraines";"Posizione relativa alle acque sotterranee"
fields.InstanceSetting.value;"Wert";"Valeur";"Valore"
fields.KinderspielplatzGruenflaeche.altersstufenKinder;"Altersstufe Kinder";"Groupe d'âge des enfants";"Fascia d'età dei bambini"
fields.KinderspielplatzGruenflaeche.belastungUeberSanierungswert;"Belastungen über dem Sanierungswert";"Charges supérieures à la valeur de réhabilitation";"Carichi superiori al valore di bonifica"
fields.KinderspielplatzGruenflaeche.begruendungBewertung.bem;"Begründung Bewertung";"Justification de l'évaluation de l'entreprise";"Giustificazione della valutazione dell'azienda"
fields.KinderspielplatzGruenflaeche.bemerkung.bem;"Bemerkungen";"Remarques";"Commenti"
fields.KinderspielplatzGruenflaeche.bemerkungDatenimport.bem;"Bemerkungen Datenimport";"Remarques importation de données";"Commenti importazione dati"
fields.KinderspielplatzGruenflaeche.beurteilung;"Beurteilung";"Évaluation";"Valutazione"
fields.KinderspielplatzGruenflaeche.bis;"Bis";"Jusqu'à";"Fino a"
fields.KinderspielplatzGruenflaeche.bisheute;"bis heute";"jusqu'à aujourd'hui";"fino ad oggi"
fields.KinderspielplatzGruenflaeche.bisjahr;"Jahr";"Année";"Anno"
fields.KinderspielplatzGruenflaeche.eigentumsform;"Eigentumsform";"Forme de propriété";"Forma di proprietà"
fields.KinderspielplatzGruenflaeche.eva;"EVA-Nummer";"Numéro EVA";"Numero EVA"
fields.KinderspielplatzGruenflaeche.genauigkeitBis;"Genauigkeit";"Précision";"Precisione"
fields.KinderspielplatzGruenflaeche.genauigkeitVon;"Genauigkeit";"Précision";"Precisione"
fields.KinderspielplatzGruenflaeche.name;"Name";"Nom";"Nome"
fields.KinderspielplatzGruenflaeche.ort;"Ort";"Lieu";"Luogo"
fields.KinderspielplatzGruenflaeche.plz;"PLZ";"Numéro postal";"Numero postale d'avviamento"
fields.KinderspielplatzGruenflaeche.strasse;"Strasse";"Rue";"Via"
fields.KinderspielplatzGruenflaeche.relevant;"Katasterrelevanz";"Pertinence cadastre";"Rilevanza catastale"
fields.KinderspielplatzGruenflaeche.kinderspielplatzGruenflacheTyp;"Typ";"Type";"Tipo"
fields.KinderspielplatzGruenflaeche.untersuchungsStand;"Untersuchungsstand";"Etat de la procédure OSites";"Stato dell'indagine"
fields.KinderspielplatzGruenflaeche.von;"Von";"De";"Da"
fields.KinderspielplatzGruenflaeche.vonjahr;"Jahr";"Année";"Anno"
fields.KinderspielplatzGruenflaeche.zentroid.coordinates.0;"E";"E";"E"
fields.KinderspielplatzGruenflaeche.zentroid.coordinates.1;"N";"N";"N"
fields.KompartimentStoffgruppe.stoffgruppe;"Stoffgruppe";"Groupe de substances";"Gruppo di sostanze"
fields.KompartimentStoffgruppe.teilvol;"Teilvolumen";"Partie du volume";"Parte del volume"
fields.KompartimentStoffklasse.bis;"Bis";"Jusqu'à";"Fino a"
fields.KompartimentStoffklasse.bisheute;"bis heute";"jusqu'à aujourd'hui";"fino ad oggi"
fields.KompartimentStoffklasse.bisjahr;"Jahr";"Année";"Anno"
fields.KompartimentStoffklasse.genauigkeitBis;"Genauigkeit";"Précision";"Precisione"
fields.KompartimentStoffklasse.genauigkeitVon;"Genauigkeit";"Précision";"Precisione"
fields.KompartimentStoffklasse.stoffklasse;"Stoffklasse";"Classe de substances";"Classe di sostanze"
fields.KompartimentStoffklasse.teilvol;"Teilvolumen";"Partie du volume";"Parte del volume"
fields.KompartimentStoffklasse.von;"Von";"De";"Da"
fields.KompartimentStoffklasse.vonjahr;"Jahr";"Année";"Anno"
fields.LoeschschaumEinsatz.loeschschaumEinsatz;"Löschschaumeinsatz";"Utilisation de mousse extinctrice";"Uso di schiuma antincendio"
fields.LoeschschaumEinsatz.haeufigkeitNutzung;"Durchschnitt Häufigkeit";"Fréquence moyenne";"Frequenza media"
fields.MapLayerTree.file;"Datei";"Fichier";"File"
fields.MapLayerTree.url;"URL";"URL";"URL"
fields.Massnahme.angMassnahme;"Angeordnet am";"Ordonnée le";"Ordinato il"
fields.Massnahme.bemerkung.bem;"Bemerkung";"Remarque";"Commento"
fields.Massnahme.datMassnahme;"Erledigt am";"Terminée le";"Completato il"
fields.Massnahme.massnahme;"Massnahme";"Mesure";"Misura"
fields.NutzungBoden.aktuelleNutzung;"Aktuelle Nutzung";"Utilisation actuelle";"Utilizzo attuale"
fields.NutzungBoden.nutzungsart;"Nutzungszone";"Zone d'utilisation";"Zona di utilizzo"
fields.OberflaechenGewaesser.artGewaesser;"Art des Oberflächengewässers";"Type de cours d'eau";"Tipo di corso d'acqua superficiale"
fields.OberflaechenGewaesser.bauGewaesser;"Gewässerbau";"Construction du cours d'eau";"Costruzione del corso d'acqua"
fields.OberflaechenGewaesser.distanz;"Distanz zum Oberflächengewässer";"Distance au cours d'eau";"Distanza dal corso d'acqua superficiale"
fields.OberflaechenGewaesser.name;"Name Oberflächengewässer";"Nom du cours d'eau";"Nome del corso d'acqua superficiale"
fields.OberflaechenGewaesser.relativeLage;"Relative Lage zum Oberflächengewässer";"Position relative au cours d'eau";"Posizione relativa al corso d'acqua superficiale"
fields.Pool.bemerkungen;"Bemerkungen";"Remarques";"Commenti"
fields.Pool.bezeichnung;"Bezeichnung";"Désignation";"Denominazione"
fields.PFAS.begruendungBewertung.bem;"Begründung Bewertung";"Justification de l'évaluation de l'entreprise";"Giustificazione della valutazione dell'azienda"
fields.PFAS.bemerkung.bem;"Bemerkungen";"Remarques";"Commenti"
fields.PFAS.bemerkungDatenimport.bem;"Bemerkungen Datenimport";"Remarques importation de données";"Commenti importazione dati"
fields.PFAS.beschreibungenDetail;"Beschreibung Detail";"Description Détail";"Descrizione Dettaglio"
fields.PFAS.beurteilung;"Beurteilung";"Évaluation";"Valutazione"
fields.PFAS.bis;"Bis";"Jusqu'à";"Fino a"
fields.PFAS.bisheute;"bis heute";"jusqu'à aujourd'hui";"fino ad oggi"
fields.PFAS.bisjahr;"Jahr";"Année";"Anno"
fields.PFAS.eva;"EVA-Nummer";"Numéro EVA";"Numero EVA"
fields.PFAS.genauigkeitBis;"Genauigkeit";"Précision";"Precisione"
fields.PFAS.genauigkeitVon;"Genauigkeit";"Précision";"Precisione"
fields.PFAS.name;"Name";"Nom";"Nome"
fields.PFAS.ort;"Ort";"Lieu";"Luogo"
fields.PFAS.plz;"PLZ";"Numéro postal";"Numero postale d'avviamento"
fields.PFAS.strasse;"Strasse";"Rue";"Via"
fields.PFAS.relevant;"Katasterrelevanz";"Pertinence cadastre";"Rilevanza catastale"
fields.PFAS.branche;"Branche";"Branche";"Settore"
fields.PFAS.mengeSchaumgemisch;"Menge Schaumgemisch";"Quantité de mousse";"Quantità di schiuma"
fields.PFAS.mengeKonzentrat;"Menge Konzentrat/Lagermenge";"Quantité de concentré/quantité en stock";"Quantità di concentrato/quantità in magazzino"
fields.PFAS.pfasFreieLoeschmittel;"Löschmittel (PFAS-frei)";"Agents extincteurs sans PFAS";"Agenti estinguenti senza PFAS"
fields.PFAS.pfasHaltigeLoeschmittel;"Löschmittel (PFAS-haltig)";"Agents extincteurs contenant des PFAS";"Agenti estinguenti contenenti PFAS"
fields.PFAS.pfasTyp;"PFAS-Typ";"Type de PFAS";"Tipo di PFAS"
fields.PFAS.pfasLoeschmittel;"PFAS-haltige Löschmittel";"Agents extincteurs contenant des PFAS";"Agenti estinguenti contenenti PFAS"
fields.PFAS.untersuchungsStand;"Untersuchungsstand";"Etat de la procédure OSites";"Stato dell'indagine"
fields.PFAS.von;"Von";"De";"Da"
fields.PFAS.vonjahr;"Jahr";"Année";"Anno"
fields.PFAS.zentroid.coordinates.0;"E";"E";"E"
fields.PFAS.zentroid.coordinates.1;"N";"N";"N"
fields.Report.date;"Dokument-Datum";"Date du document";"Data del documento"
fields.Report.heading;"Reporte";"Rapports";"Rapporti"
fields.Report.language;"Sprache";"Langue";"Lingua"
fields.Report.reportId;"Art des Reports";"Type de rapport";"Tipo di rapporto"
fields.Report.submit;"Report erstellen";"Créer un rapport";"Crea rapporto"
fields.Sanierungsziel.bemerkung.bem;"Bemerkungen";"Remarques";"Commenti"
fields.Sanierungsziel.sanierungsziel;"Sanierungsziel";"Objectif de réhabilitation";"Obiettivo di bonifica"
fields.SavedSearch.isShared;"Suche mit allen teilen";"Partager la recherche avec tous";"Condividi la ricerca con tutti"
fields.SavedSearch.name;"Name";"Nom";"Nome"
fields.SavedSearch.showOnDashboard;"Ergebnisse auf dem Dashboard anzeigen";"Afficher les résultats sur le tableau de bord";"Mostra i risultati sulla dashboard"
fields.Schiessanlage.begruendungBewertung.bem;"Begründung Bewertung Schiessanlage";"Justification de l'évaluation du stand de tir";"Giustificazione della valutazione del poligono di tiro"
fields.Schiessanlage.bemerkung.bem;"Bemerkungen";"Remarques";"Commenti"
fields.Schiessanlage.bemerkungDatenimport.bem;"Bemerkungen Datenimport";"Remarques importation de données";"Commenti importazione dati"
fields.Schiessanlage.beurteilung;"Beurteilung";"Évaluation";"Valutazione"
fields.Schiessanlage.bis;"Bis";"Jusqu'à";"Fino a"
fields.Schiessanlage.bisheute;"bis heute";"jusqu'à aujourd'hui";"fino ad oggi"
fields.Schiessanlage.bisjahr;"Jahr";"Année";"Anno"
fields.Schiessanlage.brancheAsw;"Branche";"Branche";"Settore"
fields.Schiessanlage.brancheNoga;"Branche-NOGA";"Branche-NOGA";"Settore-NOGA"
fields.Schiessanlage.eva;"EVA-Nummer";"Numéro EVA";"Numero EVA"
fields.Schiessanlage.firmaName;"Schiessanlage-Name";"Nom du stand de tir";"Nome ditta"
fields.Schiessanlage.firmaOrt;"Ort";"Lieu";"Luogo"
fields.Schiessanlage.firmaPlz;"PLZ";"Numéro postal";"Numero postale d'avviamento"
fields.Schiessanlage.firmaStrasse;"Schiessanlage-Strasse";"Rue du stand de tir";"Ditta-via"
fields.Schiessanlage.genauigkeitBis;"Genauigkeit";"Précision";"Precisione"
fields.Schiessanlage.genauigkeitVon;"Genauigkeit";"Précision";"Precisione"
fields.Schiessanlage.groesse;"Betriebsgrösse";"Taille de l'entreprise";"Dimensione operativa"
fields.Schiessanlage.hatKugelfang;"Kugelfang vorhanden";"Piège à balles présent";"Trappola per pallottole presente"
fields.Schiessanlage.mobileStoffe;"mobile Stoffe";"Substances mobiles";"Sostanze mobili"
fields.Schiessanlage.relevant;"Katasterrelevanz";"Pertinence cadastre";"Rilevanza catastale"
fields.Schiessanlage.scheibenzahl;"Scheibenzahl";"Nombre de cibles";"Numero di bersagli"
fields.Schiessanlage.schusszahl;"Schussanzahl";"Nombre de tirs";"Numero di colpi"
fields.Schiessanlage.typ;"Schiessanlage-Typ";"Type de stand de tir";"Tipo di poligono di tiro"
fields.Schiessanlage.untersuchungsStand;"Untersuchungsstand";"Etat de la procédure OSites";"Stato dell'indagine"
fields.Schiessanlage.von;"Von";"De";"Da"
fields.Schiessanlage.vonjahr;"Jahr";"Année";"Anno"
fields.Schiessanlage.zentroid.coordinates.0;"E";"E";"E"
fields.Schiessanlage.zentroid.coordinates.1;"N";"N";"N"
fields.Search.belastet;"Belastet";"Pollué";"Inquinato"
fields.Search.publiziert;"publiziert-im-KbS";"publié-dans-le-CASIP";"pubblicato-nel-CSIN"
fields.Search.simpleQuery;"Suchbegriffe";"Mot clés";"Termini di ricerca"
fields.Search.unbelastet;"Unbelastet, nicht bewertet";"Non pollué, non évalué";"Non inquinato, non valutato"
fields.SidebarPoolDialog.bezeichnung;"Neuen Pool erstellen";"Créer un nouveau pool";"Crea un nuovo pool"
fields.SidebarPoolDialog.poolId;"Existierenden Pool suchen";"Rechercher un pool existant";"Cerca un pool esistente"
fields.Subjekt.anrede;"Anrede";"Titre";"Titolo"
fields.Subjekt.bemerkung.bem;"Bemerkungen";"Remarques";"Commenti"
fields.Subjekt.kategorien;"Kategorien";"Catégories";"Categorie"
fields.Subjekt.kuerzel;"Inhaber-Kürzel";"Abréviation du propriétaire";"Abbreviazione del proprietario"
fields.Subjekt.land;"Land";"Pays";"Paese"
fields.Subjekt.name;"Name";"Nom";"Nome"
fields.Subjekt.ort;"Ort";"Lieu";"Luogo"
fields.Subjekt.postleitzahl;"PLZ";"Code postal";"CAP"
fields.Subjekt.strasse;"Strasse und Hausnummer";"Rue et numéro";"Via e numero civico"
fields.Subjekt.taetigkeit;"Tätigkeit";"Activité";"Attività"
fields.Subjekt.vorname;"Vorname";"Prénom";"Nome di battesimo"
fields.Task.dokument;"Dokument";"Document";"Documento"
fields.Task.eigene;"eigene";"mes sites";"i miel siti"
fields.Task.endDatum;"Ende";"Fin";"Fine"
fields.Task.error.impossibleDates;"Das Enddatum muss nach dem Startdatum liegen.";"La date de fin doit être postérieure à la date de début.";"La data di fine deve essere successiva alla data di inizio."
fields.Task.error.invalidEndDate;"Enddatum ungültig";"Date de fin non valide";"Data di fine non valida"
fields.Task.error.invalidStartDate;"Startdatum ungültig";"Date de début non valide";"Data di inizio non valida"
fields.Task.faelligkeit;"Fälligkeit";"Échéance";"Scadenza"
fields.Task.faelligkeitsDatum;"Fälligkeit";"Échéance";"Scadenza"
fields.Task.kategorie;"Kategorie";"Catégorie";"Categoria"
fields.Task.notiz;"Kommentar";"Commentaire";"Commento"
fields.Task.oeffentlich;"Öffentlich";"Public";"Pubblico"
fields.Task.optionId;" ";" ";" "
fields.Task.reset;"Zurücksetzen";"Réinitialiser";"Reimpostare"
fields.Task.sachbearbeitung;"Sachbearbeitung";"Gestionnaire du dossier";"Elaborazione"
fields.Task.sonstigeBeteiligte;"Beteiligte";"Parties prenantes";"Persone coinvolte"
fields.Task.startDatum;"Start";"Début";"Inizio"
fields.Task.status;"Status";"Statut";"Stato"
fields.Task.submit;"Speichern";"Enregistrer";"Salvare"
fields.Task.taskTyp;"Tasktyp";"Type de tâche";"Tipo di attività"
fields.Task.teilflaechen;"Teilflächen";"Sous-sites";"Parti del sito"
fields.Task.titel;"Titel";"Titre";"Titolo"
fields.Task.title;"Titel";"Titre";"Titolo"
fields.Task.upload.download;"Herunterladen";"Télécharger";"Scaricare"
fields.Task.upload.error.generic;"Upload fehlgeschlagen. Bitte erneut versuchen.";"Échec du téléchargement. Veuillez réessayer.";"Caricamento non riuscito. Riprovare."
fields.Task.upload.error.tooLarge;"Die Datei ist zu gross. Die maximale Dateigrösse beträgt 40MB.";"Le fichier est trop volumineux. La taille maximale du fichier est de 40 Mo.";"Il file è troppo grande. La dimensione massima del file è di 40 MB."
fields.Task.upload.noPreview;"keine Vorschau verfügbar";"Pas d'aperçu disponible";"Nessuna anteprima disponibile"
fields.Task.upload.preview;"Vorschau";"Aperçu";"Anteprima"
fields.Task.upload.replace;"Ersetzen";"Remplacer";"Sostituire"
fields.Task.upload.selectFile;"Datei hier ablegen / Datei auswählen";"Déposer un fichier ici / Sélectionner un fichier";"Salvare il file qui / Selezionare il file"
fields.Task.url;"URL";"URL";"URL"
fields.Translation.de;"Deutsch";"";""
fields.Translation.fr;"Französisch";"";""
fields.Translation.it;"Italienisch";"";""
fields.Translation.key;"Key";"";""
fields.UmweltStoff.beurteilung;"Beurteilung";"Évaluation";"Valutazione"
fields.UmweltStoff.gefaehrdeteBereiche;"Umwelt";"Environnement";"Ambiente"
fields.UmweltStoff.stoff;"spezifischer Stoff";"Substance spécifique";"Sostanza specifica"
fields.UmweltStoff.stoffGruppe;"Stoffgruppe";"Groupe de substances";"Gruppo di sostanze"
fields.Umweltschaden.artSchaden;"Gefährdete Umweltbereiche";"Zones environnementales menacées";"Aree ambientali minacciate"
fields.Umweltschaden.bemerkung.bem;"Bemerkung Umweltschaden";"Remarque sur le dommage environnemental";"Commento sul danno ambientale"
fields.Umweltschaden.schaeden;"Festgestellte Einwirkungen";"Effets constatés";"Effetti riscontrati"
fields.Unfall.bemerkung.bem;"Bemerkungen";"Remarques";"Commenti"
fields.Unfall.bemerkungDatenimport.bem;"Bemerkungen Datenimport";"Remarques importation de données";"Commenti importazione dati"
fields.Unfall.genauigkeitZeitpunkt;"Genauigkeit";"Précision";"Precisione"
fields.Unfall.name;"Name";"Nom";"Nome"
fields.Unfall.zeitpunkt;"Zeitpunkt";"Date";"Momento"
fields.Unfall.zeitpunktjahr;"Jahr";"Année";"Anno"
fields.Unfallstoff.ausgelaufen;"ausgelaufen";"Quantitée libérée";"Fuoriuscito"
fields.Unfallstoff.stoff;"Stoffe und Stoffgemische";"Substances et mélanges";"Sostanze e miscele"
fields.Unfallstoff.stoffmng;"Restmenge";"Quantité restante";"Quantità residua"
fields.Unfallstoff.unfallstoffe;"Unfallstoffe";"Substances accidentelles";"Sostanze accidentali"
fields.Unfallstoff.zurueckgewonnen;"zurückgewonnen";"Quantitée récupéré";"Recuperato"
fields.User.email;"E-Mail";"Émail";"E-mail"
fields.User.firstName;"Vorname";"Prénom";"Nome"
fields.User.isSachbearbeitung;"User kann unter Beteiligte für Sachbearbeitung ausgewählt werden";"L'utilisateur peut être sélectionné parmi les personnes impliquées pour le traitement du dossier.";"L'utente può essere selezionato tra i soggetti coinvolti per l'elaborazione della pratica."
fields.User.lastName;"Nachname";"Nom";"Cognome"
fields.User.password;"Passwort";"Mot de passe";"Password"
fields.User.passwordRepeat;"Passwort wiederholen";"Répéter le mot de passe";"Ripeti password"
fields.User.roleName;"Rolle";"Rôle";"Ruolo"
fields.Vflz.bearbeitungsStand;"Bearbeitungsstand";"État d'avancement";"Stato di elaborazione"
fields.Vflz.begruendungBewertung.bem;"Begründung Beurteilung";"Justification de l'évaluation";"Giustificazione della valutazione"
fields.Vflz.begruendungPrioSanierungsbedarf.bem;"Begründung Priorisierung Überwachungs-/Sanierungsbedarf";"Justification de la priorisation des besoins de surveillance / d'assainissement";"Giustificazione della priorità per la necessità di monitoraggio/bonifica"
fields.Vflz.begruendungPrioUntersuchungsbedarf.bem;"Begründung Priorisierung Untersuchungsbedarf";"Justification de la priorisation du besoin d'investigation";"Giustificazione della priorità per la necessità di indagine"
fields.Vflz.bemerkungStandort.bem;"Bemerkungen";"Remarques";"Commenti"
fields.Vflz.bemerkungUmwelt.bem;"Umwelt Bemerkungen";"Remarques environnementales";"Commenti ambientali"
fields.Vflz.bemerkungDatenimport.bem;"Bemerkungen Datenimport";"Remarques importation de données";"Commenti importazione dati"
fields.Vflz.beteiligte;"Beteiligte";"Parties prenantes";"Persone coinvolte"
fields.Vflz.beurteilung;"Beurteilung";"Évaluation";"Valutazione"
fields.Vflz.bezeichnung;"Bezeichnung";"Désignation";"Denominazione"
fields.Vflz.combinedId;"Standort-Nummer";"Numéro du site";"Numero del sito"
fields.Vflz.datPublizieren;"Datum Publikation im KbS";"Date de publication dans le KbS";"Data di pubblicazione nel KbS"
fields.Vflz.datRechtskraft;"Datum Ersteintrag";"Date de la première inscription";"Data della prima registrazione"
fields.Vflz.deponietyp;"Deponietyp";"Type de décharge";"Tipo di discarica"
fields.Vflz.durchlaessigkeit;"Durchlässigkeit Untergrund";"Perméabilité du sol";"Permeabilità del suolo"
fields.Vflz.flaeche;"Fläche";"Surface";"Superficie"
fields.Vflz.flugplatz;"Flugplatz";"Aérodrome";"Aeroporto"
fields.Vflz.flurname;"Flurname";"Lieu-dit";"Nome del luogo"
fields.Vflz.gemeinde.displayValue;"Gemeinde";"Commune";"Comune"
fields.Vflz.gwsBereich;"Gewässerschutzbereich";"Secteur de protection des eaux";"Zona di protezione delle acque"
fields.Vflz.gwsZone;"Schutzzone";"Zone de protection";"Zona di protezione"
fields.Vflz.hGemId;"Gemeinde";"Commune";"Comune"
fields.Vflz.inBetrieb;"In Betrieb";"En service";"In funzione"
fields.Vflz.karstgeb;"Karstgebiet";"Zone karstique";"Zona carsica"
fields.Vflz.ktu;"Inhaber KTU";"Propriétaire ETC";"Proprietario ITC"
fields.Vflz.lang;"Sprache";"Langue";"Lingua"
fields.Vflz.lockEditButton;"Manuelle Bearbeitung";"Modification manuelle";"Modifica manuale"
fields.Vflz.message;"Bemerkung Historisierung";"Remarque sur l'historisation";"Commento sulla storicizzazione"
fields.Vflz.nachsorge;"Nachsorge";"Suivi";"Assistenza post-vendita"
fields.Vflz.ort;"Ort";"Lieu";"Luogo"
fields.Vflz.postleitzahl;"PLZ";"Numéro postal";"Numero postale d'avviamento"
fields.Vflz.prioSanier;"";"";"Priorità per la necessità di monitoraggio/bonifica"
fields.Vflz.prioUntersuch;"";"";"Priorità per la necessità di indagine"
fields.Vflz.publizieren;"Publikation im KbS";"Publication dans le KbS";"Pubblicazione nel KbS"
fields.Vflz.rechtskraft;"KbS: Ersteintrag rechtskräftig";"KbS : Première inscription entrée en force";"KbS: Prima registrazione definitiva"
fields.Vflz.standortNummer;"Standort";"Site";"Sito"
fields.Vflz.standortTyp;"Standorttyp";"Type de site";"Tipo di sito"
fields.Vflz.strasse;"Strasse";"Rue";"Via"
fields.Vflz.untersuchungsStand;"Untersuchungsstand";"Etat de la procédure OSites";"Stato dell'indagine"
fields.Vflz.vftyp;"Standorttyp";"Type de site";"Tipo di sito"
fields.Vflz.zentroid.coordinates.0;"E";"E";"E"
fields.Vflz.zentroid.coordinates.1;"N";"N";"N"
fields.Vflz.zentroid.coordinates.2;"Höhe";"Altitude";"Altitudine"
fields.Vollzug.aktiv;"Vollzug";"Exécution";"Esecuzione"
fields.Vollzug.behoerde;"Behörde";"Autorité";"Autorità"
fields.Vollzug.combinedId;"Standortnummer";"Numéro du site";"Numero del sito"
fields.searchFields.fieldFilter;" ";" ";" "
history;"Standort-Verlauf";"Historique du site";"Cronologia dell sito"
kinderspielplatzGruenflaeche.addLabel;"Kinderspielplatz/Grünfläche hinzufügen";"Ajouter une aire de jeux/une zone verte";"Aggiungi area giochi/area verde"
kinderspielplatzGruenflaeche.bemerkungPlaceholder;"Bemerkungen zum Kinderspielplatz …";"Remarques sur l'aire de jeux …";"Commenti sull'area giochi …"
kinderspielplatzGruenflaeche.bemerkungDatenimportPlaceholder;"Bemerkungen zum Datenimport des Kinderspielplatzes …";"Remarques sur l'importation de données de l'aire de jeux …";"Commenti sull'importazione dei dati dell'area giochi …"
kompartimentStoffgruppen.addLabel;"Stoffgruppe hinzufügen";"Ajouter un groupe de substances";"Aggiungi gruppo di sostanze"
kompartimentStoffklassen.addLabel;"Stoffklasse hinzufügen";"Ajouter une classe de substances";"Aggiungi classe di sostanza"
kompartimentStoffklassen.one;"Stoffklasse";"Classe de substances";"Classe di sostanza"
kompartimentStoffklassen.other;"Stoffklassen";"Classes de substances";"Classi di sostanza"
language.DE;"Deutsch";"Allemand";"Tedesco"
language.FR;"Französisch";"Français";"Francese"
language.IT;"Italienisch";"Italien";"Italiano"
map.search.key.parcel;"Parzelle";"Parcelle";"Particella"
map.search.key.address;"Adresse";"Adresse";"Indirizzo"
map.search.key.municipality;"Gemeinde";"Commune";"Comune"
map.search.key.noresults;"Keine Ergebnisse gefunden. Bitte überprüfen Sie Ihre Eingabe.";"Aucun résultat trouvé. Veuillez vérifier votre saisie.";"Nessun risultato trovato. Si prega di controllare l'immissione."
map.search.key.error;"Fehler bei der Suche. Bitte warten Sie einen Moment, eventuell ist keine weitere Anfrage möglich.";"Erreur lors de la recherche. Veuillez patienter un instant, il se peut qu'aucune autre demande ne soit possible.";"Errore durante la ricerca. Attendere un momento, potrebbe non essere possibile effettuare un'altra richiesta."
map.search.key.coordinates;"Koordinaten";"Coordonnées";"Coordinate"
map.search.key.zoomto;"Zoom auf ";"Zoom sur ";"Zoom sul "
map.search.placeholder;"Suche nach Adresse, Parzelle, Gemeinde oder Koordinaten …";"Rechercher une adresse, une parcelle, une commune ou des coordonnées …";"Cerca un indirizzo, una particella, un comune o coordinate …"
notFound;"nicht gefunden";"non trouvé";"non trovato"
loeschschaumEinsatz.addLabel;"Löschschaumeinsatz hinzufügen";"Ajouter une utilisation de mousse extinctrice";"Aggiungi utilizzo di schiuma estinguente"
massnahme.addLabel;"Massnahme hinzufügen";"Ajouter une mesure";"Aggiungi misura"
missingPermission;"Fehlende Berechtigungen, bitte kontaktieren Sie den Administrator.";"Autorisations manquantes, veuillez contacter l'administrateur.";"Autorizzazioni mancanti, contattare l'amministratore."
missingData;"Unter der angegebenen URL wurden keine Daten gefunden. Möglicherweise ist die Adresse falsch oder die Ressource existiert nicht mehr.";"Aucune donnée trouvée à l'URL spécifiée. L'adresse est peut-être incorrecte ou la ressource n'existe plus."; "Nessun dato trovato all'URL specificato. L'indirizzo potrebbe essere errato o la risorsa non esiste più."
notPublished;"nicht publiziert";"non publié";"non pubblicato"
nutzungenBoden.addLabel;"Nutzung hinzufügen";"Ajouter une utilisation";"Aggiungi utilizzo"
oberflaechenGewaesser.addLabel;"Oberflächengewässer hinzufügen";"Ajouter un cours d'eau superficiel";"Aggiungi corso d'acqua superficiale"
pfas.addLabel;"PFAS-Feuerlösch-Standorte hinzufügen";"Ajouter des sites d'extinction d'incendie PFAS";"Aggiungi siti di estinzione incendi PFAS"
pfas.bemerkungPlaceholder;"Bemerkungen zum PFAS-Standort …";"Remarques sur le site PFAS …";"Commenti sul sito PFAS …"
pfas.bemerkungDatenimportPlaceholder;"Bemerkungen zum Datenimport des PFAS-Standorts …";"Remarques sur l'importation de données du site PFAS …";"Commenti sull'importazione dei dati del sito PFAS …"
pools.bemerkungenPlaceholder;"Optionale Beschreibung";"Description optionnelle";"Descrizione opzionale"
pools.createPool;"Neuer Pool";"Nouveau pool";"Nuovo Pool"
pools.deletePool;"Pool löschen";"Supprimer le pool";"Elimina Pool"
pools.deletePoolMessage;"Wollen Sie den Pool wirklich löschen?";"Voulez-vous vraiment supprimer le pool?";"Vuoi davvero eliminare il Pool?"
pools.filterPlaceholder;"Pools filtern …";"Filtrer les pools …";"Filtra Pools …"
pools.noPools;"Keine Pools gefunden.";"Aucun pool trouvé.";"Nessun pool trovato."
pools.pool;"Pool";"Pool";"Pool"
pools.tableHeader.one;"{{count}} Eintrag im Pool {{bezeichnung}}";"{{count}} entrée dans le pool {{bezeichnung}}";"{{count}} voce nel Pool {{bezeichnung}}"
pools.tableHeader.other;"{{count}} Einträge im Pool {{bezeichnung}}";"{{count}} entrées dans le pool {{bezeichnung}}";"{{count}} voci nel Pool {{bezeichnung}}"
pools.title;"Pools";"Pools";"Pools"
published;"publiziert";"publié";"pubblicato"
quickSearch.noResults;"Keine Ergebnisse";"Aucun résultat";"Nessun risultato"
quickSearch.openSearch;"Suche öffnen …";"Ouvrir la recherche …";"Apri ricerca …"
quickSearch.placeholder;"Überall suchen…";"Rechercher partout…";"Cercare ovunque…"
quickSearch.results;"Ergebnisse";"Résultats";"Risultati"
report.title.katasterauszug;Katasterauszug;Extrait cadastral;Estratto catastale
report.title.inhaberorientierung;Inhaberorientierung;Orientation propriétaire;Orientamento del proprietario
report.title.intern;Intern;Interne;Interno
report.title.jahresbericht;Statistik-Report;Rapport annuel;Rapporto annuale
report.title.karte;"Kartenauszug";"Relevé de carte";"Estratto della carta"
report.kataster_auszug.header.department.1;"Öffentlicher Katasterauszug";"Extrait du cadastre public";"Estratto catastale pubblico"
report.kataster_auszug.header.department.2;"Demoinstanz alma";"Instance de démonstration alma";"Esempio dimostrativo alma"
report.kataster_auszug.header.department.3;"https://demo.alma-os.ch/";"https://demo.alma-os.ch/";"https://demo.alma-os.ch/"
report.kataster_auszug.footer.1;"Seite ";"Page ";"Pagina "
report.kataster_auszug.footer.2;"KbS: Standortdatenblatt Katasterauszug, erstellt am ";"Extrait du cadastre public, créé le ";"Estratto catastale pubblico, creato il "
report.kataster_auszug.h1.1;"Kataster der belasteten Standorte (KbS):";"Cadastre des sites pollués (CSP):";"Catasto dei siti inquinati (CSIN):"
report.kataster_auszug.h1.2;"Öffentlicher Katasterauszug";"Extrait du cadastre public";"Estratto catastale pubblico"
report.kataster_auszug.gemaessAltlV;" gemäss AltlV";" selon OSites";" secondo OSiti"
report.kataster_auszug.section.h1;"Wichtiger Hinweis";"Remarque importante";"Nota importante"
report.kataster_auszug.section.text.1;"Bei den im Kataster aufgenommen Standorten handelt es sich um Standorte mit begrenzter Ausdehnung, bei denen feststeht oder mit grosser Wahrscheinlichkeit zu erwarten ist, dass sie mit Abfällen belastet sind (Art. 5 Abs. 3 Altlasten-Verordnung). Nicht in den Kataster eingetragen werden (insbesondere über den Luftpfad verursachte) grossflächige diffuse Belastungen sowie Areale mit ausschliesslich belasteter Gebäudesubstanz (z.B. durch Asbest).";"Sont inscrits au cadastre les sites d’étendue limitée dont la pollution par des déchets est établie ou très probable (art. 5, al. 3, OSites). Les pollutions diffuses de grande envergure (en particulier dans l’atmosphère) ainsi que les sites où se trouvent exclusivement des bâtiments contaminés (par l’amiante p. ex.) ne sont pas inscrits au cadastre. ";"I siti inclusi nel catasto sono siti di estensione limitata che sono noti o molto probabilmente contaminati da rifiuti (art. 5 cpv. 3 OSiti). L'inquinamento diffuso su larga scala (in particolare causato dalla via aerea) e i siti con strutture edilizie esclusivamente contaminate (ad esempio a causa dell'amianto) non sono iscritti nel catasto."
report.kataster_auszug.section.text.2;"Beim Kataster der belasteten Standorte handelt es sich um ein dynamisches Arbeitsinstrument, bei dem abhängig von den aktuellen Erkenntnissen Standorte aufgenommen, verändert oder wieder gelöscht werden. Der Kataster gibt somit immer nur den aktuellen Wissensstand wieder, eine Gewähr für die Richtigkeit (z.B. dass ein nicht eingetragenes Grundstück unbelastet ist) besteht nicht. Insbesondere im Rahmen von Bauvorhaben oder Nutzungsänderungen können altlastenrechtliche oder abfallrechtliche Massnahmen notwendig werden.";"Ce cadastre constitue un outil de travail dynamique, puisque des sites y sont inscrits, sont modifiés ou en sont radiés en fonction de la situation connue au moment présent. Il reproduit donc uniquement l’état des connaissances actuel, mais n’est pas une garantie d’exactitude (p. ex. cela ne signifie pas que tout terrain non inscrit au cadastre ne soit pas pollué). Dans le cadre de projets de construction ou de modifications de l’affectation, en particulier, il peut être nécessaire de prendre des mesures relevant des ordonnances sur les sites contaminés ou sur le  gestion des déchets.";"Il registro dei siti contaminati è uno strumento di lavoro dinamico in cui i siti vengono aggiunti, modificati o cancellati in base alle ultime scoperte.  Il catasto, pertanto, riflette sempre e solo lo stato attuale delle conoscenze; non vi è alcuna garanzia di accuratezza (ad esempio, che un fondo non registrato sia non contaminato). Possono rendersi necessarie misure relative a siti o rifiuti contaminati, in particolare nel contesto di progetti edilizi o cambi di destinazione d'uso."
report.kataster_auszug.section.text.3;"Ausserdem ist die Lage (als Punkt oder Fläche) und insbesondere die Ausdehnung von belasteten Standorten oft nur näherungsweise bekannt. Die im Kataster eingetragene Lage bzw. Fläche des Standorts ist daher immer mit einer mehr oder weniger grossen Unsicherheit behaftet. Grundsätzlich ist die Ausdehnung bei Ablagerungsstandorten besser bekannt als bei Betriebsstandorten und die Genauigkeit der Standortabgrenzung steigt in der Regel mit dem Untersuchungsumfang beim belasteten Standort.";"Par ailleurs, l’emplacement (indiqué sous forme de point ou de surface) et en particulier l’étendue des sites pollués ne sont souvent connus qu’approximativement. C’est pourquoi la position ou la surface du site indiquée dans le cadastre est toujours grevée d’une certaine incertitude. Généralement, l’étendue des sites de stockage définitifs est mieux connue que celle des aires d’exploitation et  la délimitation du site est d’autant plus exacte que l’investigation est poussée.";"Inoltre, l'ubicazione (come punto o area) e in particolare l'estensione dei siti contaminati è spesso nota solo approssimativamente. La posizione o l'area del sito inserita nel catasto è quindi sempre soggetta a un grado più o meno elevato di incertezza. In linea di massima, l'estensione delle siti di deposito è meglio conosciuta di quella dei siti industriali e l'accuratezza della delimitazione del sito generalmente aumenta con l'estensione dell'indagine sul sito contaminato."
report.kataster_auszug_zg.section.text.1;"Bei den im Kataster der belasteten Standorte (KbS) aufgenommenen Standorten handelt es sich um Standorte mit begrenzter Ausdehnung, bei denen feststeht oder mit grosser Wahrscheinlichkeit zu erwarten ist, dass sie mit Abfällen belastet sind (Art. 5 Abs. 3 der Altlasten-Verordnung; AltlV).";"Les sites inscrits au cadastre des sites pollués (KbS) sont des sites de superficie limitée dont il est établi, ou dont on peut supposer avec une grande probabilité, qu'ils sont pollués par des déchets (art. 5, al. 3, de l'ordonnance sur les sites contaminés ; OSite).";"I siti iscritti nel catasto dei siti contaminati (KbS) sono siti di estensione limitata per i quali è accertato, o è altamente probabile, che siano contaminati da rifiuti (art. 5 cpv. 3 dell'Ordinanza sui siti contaminati; OSit). "
report.kataster_auszug_zg.section.text.2;"Nicht in den KbS eingetragen werden (insbesondere über den Luftpfad verursachte) grossflächige diffuse Belastungen des Bodens sowie Belastungen von Bauwerken (z.B. durch Asbest).";"Ne doivent pas être inscrites dans les KbS les pollutions diffuses à grande échelle du sol (notamment celles provenant de la voie aérienne) ainsi que les pollutions des ouvrages (par exemple dues à l'amiante).";"Non devono essere registrati nel KbS gli inquinamenti diffusi su vasta scala del suolo (in particolare quelli causati dalla dispersione atmosferica) né gli inquinamenti delle opere edilizie (ad esempio causati dall'amianto)."
report.kataster_auszug_zg.section.text.3;"Beim KbS handelt es sich um ein dynamisches Arbeitsinstrument, bei dem abhängig von den aktuellen Erkenntnissen Standorte aufgenommen, verändert oder wieder gelöscht werden. Der KbS gibt somit immer nur den aktuellen Wissensstand wieder, eine Gewähr für die Richtigkeit (z.B., dass ein nicht eingetragenes Grundstück unbelastet ist) besteht nicht. Ist ein Grundstück nicht im KbS verzeichnet, besteht keine absolute Gewähr, dass es frei von jeglichen Belastungen mit umweltrelevanten Stoffen ist.";"Le KbS est un outil de travail dynamique dans lequel des sites sont ajoutés, modifiés ou supprimés en fonction des connaissances actuelles. Le KbS ne reflète donc que l'état actuel des connaissances ; il n'y a aucune garantie quant à l'exactitude des informations (par exemple, qu'un terrain non répertorié est exempt de toute contamination). Si un terrain n'est pas répertorié dans le KbS, il n'y a aucune garantie absolue qu'il soit exempt de toute contamination par des substances nocives pour l'environnement.";"Il KbS è uno strumento di lavoro dinamico in cui, in base alle conoscenze attuali, i siti vengono inseriti, modificati o cancellati. Il KbS riflette quindi sempre e solo lo stato attuale delle conoscenze; non vi è alcuna garanzia di correttezza (ad es. che un terreno non registrato sia privo di oneri). Se un terreno non è registrato nel KbS, non vi è alcuna garanzia assoluta che sia privo di qualsiasi onere relativo a sostanze rilevanti dal punto di vista ambientale."
report.kataster_auszug_zg.section.text.4;"Das tatsächliche Ausmass von Belastungen kann von den im KbS eingetragenen Flächen abweichen. Grundsätzlich steigt die Genauigkeit der Standortabgrenzung in der Regel mit dem Untersuchungsumfang beim belasteten Standort.";"L'étendue réelle de la pollution peut différer des surfaces enregistrées dans le KbS. En principe, la précision de la délimitation du site augmente généralement avec l'étendue des analyses effectuées sur le site pollué.";"L'effettiva estensione dell'inquinamento può differire dalle superfici registrate nel KbS. In linea di massima, la precisione nella delimitazione del sito aumenta di norma con l'ampiezza dell'indagine condotta sul sito contaminato."
report.kataster_auszug_zg.section.text.5;"Bei Grundstücken, die im KbS verzeichnet sind, können im Rahmen von Bauvorhaben oder Nutzungsänderungen altlastenrechtliche oder abfallrechtliche Massnahmen notwendig werden.";"Pour les terrains inscrits au registre KbS, des mesures relevant de la législation sur les sites contaminés ou sur les déchets peuvent s'avérer nécessaires dans le cadre de projets de construction ou de changements d'affectation.";"Per i terreni registrati nel KbS, nell'ambito di progetti edilizi o di cambiamenti di destinazione d'uso possono rendersi necessarie misure previste dalla normativa in materia di siti contaminati o di rifiuti."
report.kataster_auszug_zg.section.text.6;"Weitere Informationen zum Thema belastete Standorte sind auf der Website des Amtes für Umwelt aufgeschaltet.";"De plus amples informations sur les sites contaminés sont disponibles sur le site web de l'Office de l'environnement.";"Ulteriori informazioni sui siti contaminati sono disponibili sul sito web dell'Ufficio per l'ambiente."
report.lage.h3;"Lage (Art. 5 Abs. 3 Bst. a AltlV)";"Emplacement (art. 5 al. 3 let. a OSites)";"Ubicazione (art. 5 cpv. 3 lett. a OSiti)"
report.lage.koordinaten;"Koordinaten (x,y)";"Coordonnées(x,y)";"Coordinate (x,y)"
report.lage.text.flaeche;"Die Standortfläche ist in der beigefügten Übersichtskarte dargestellt.";"La surface du site est présentée dans la carte synoptique jointe.";"L'area del sito è illustrata nella mappa panoramica allegata."
report.abfaelle.h3;"Art, Menge der an den Standort gelangten Abfälle (Art. 5 Abs. 3 Bst. b AltlV)";"Type et quantité de déchets présents sur le site (art. 5 al. 3 let. b OSites)";"Tipo e quantità dei rifiuti pervenuti nel sito (art. 5 cpv. 3 lett. b OSiti)"
report.abfaelle.ablagerung.zeitraum;"Ablagerung von / bis";"Déchargement du / à";"Deposito da / fino a"
report.abfaelle.ablagerung.inhalt;"Inhalt der Ablagerung";"Contenu du dépôt";"Contenuto del deposito"
report.abfaelle.unfall;"Unfall";"Accident";"Incidente"
report.standortsdaten.zeitraum.h3;"Ablagerungszeitraum, Betriebszeitraum oder Unfallzeitpunkt (Art. 5 Abs. 3 Bst. c AltlV)";"Période de stockage des déchets, période d'exploitation ou date de l'accident  (art. 5 al. 3 let. c OSites)";"Durata del deposito, durata dell'esercizio o momento dell'incidente (art. 5 cpv. 3 lett. c OSiti)"
report.standortsdaten.zeitraum.ablagerung;"Ablagerungszeitraum";"Période de dépôt";"Periodo di deposito"
report.standortsdaten.zeitraum.betrieb;"Betriebsstandort";"Période d'exploitation";"Periodo di esercizio"
report.standortsdaten.zeitraum.unfall;"Unfallzeitpunkt";"Date de l'accident";"Momento dell'incidente"
report.standortsdaten.untersuchungen.h3;"Bereits durchgeführte Untersuchungen und Massnahmen zum Schutz der Umwelt (Art. 5 Abs. 3 Bst. d AltlV)";"Investigations et mesures de protection de l'environnement déjà réalisées (art. 5 al. 3 let. d OSites)";"Indagini già effettuate e i provvedimenti già adottati per la protezione dell'ambiente (art. 5 cpv. 3 lett. d OSiti)"
report.standortsdaten.untersuchungen.letzteaenderung;"Letzte Änderung des Katastereintrages am";"Dernière modification de l'inscription au cadastre le";"Ultima modifica della registrazione catastale il"
report.standortsdaten.einwirkungen.h3;"Bereits festgestellte Einwirkungen (Art. 5 Abs. 3 Bst. e AltlV)";"Atteintes déjà constatées (art. 5 al. 3 let. e OSites)";"Effeti già constatati  (art. 5 cpv. 3 lett. e OSiti)"
report.standortsdaten.gefaehrdungen.h3;"Gefährdete Umweltbereiche (Art. 5 Abs. 3 Bst. f AltlV)";"Domaines de l’environnement menacés (art. 5 al. 3 let. f OSites)";"Settori ambientali minacciati (art. 5 cpv. 3 lett. f OSiti)"
report.standortsdaten.vorkommnisse.h3;"Besondere Vorkommnisse wie Verbrennung von Abfällen, Rutschungen, Überschwemmungen, Brände oder Störfälle (Art. 5 Abs. 3 Bst. g AltlV)";"Evénements particuliers tels que l'incinération de déchets, les glissements de terrain, les inondations, les incendies ou les accidents majeurs (art. 5 al. 3 let. g OSites)";"Eventi particolari quali combustione di rifiuti, frane, inondazioni, incendi o incidenti rilevanti (art. 5 cpv. 3 lett. g OSiti)"
report.standortsdaten.beurteilung.h3;"Beurteilung des Standorts gemäss AltlV (Art. 5 Abs. 4/5 oder Art. 6 Abs. 1 Bst. a AltlV)";"Evaluation du site selon l'Ordonnance sur l'assainissement des sites pollués (art. 5 al. 4 et 5 OSites ou art. 6 al. 1 let. a OSites)";"Valutazione del sito secondo l'ordinanza sul risanamento dei siti inquinati (art. 5 cpv. 4 e 5 OSiti o art. 6 cpv. 1 lett. a Ositi)"
report.standortsdaten.sanierung.h3;"Ziele und Dringlichkeit der Sanierung (Art. 6 Abs. 1 Bst. b AltlV)";"Buts et l’urgence de l’assainissement(art. 6 al. 1 let. b OSites)";"Obiettivi e urgenza dell'assainamento (art. 6 cpv. 1 lett. b OSiti)"
report.standortsdaten.sanierung.dringlichkeit;"Dringlichkeit";"Urgence";"Urgenza"
report.standortsdaten.keine;"keine bekannt";"inconnu";"Nessuno conosciuto"
report.standortsdaten.massnahmen.h3;"Durchgeführte oder angeordnete Massnahmen (Art. 6 Abs. 1 Bst. c AltlV)";"Mesures prises ou prescrites en vue de protéger l'environnement (art. 6 al. 1 let. c OSites)";"Misure attuate o ordinate per proteggere l'ambiente (Art. 6 Abs. 1 Bst. c OSiti)"
report.kartenauszug.h2;"Kartenauszug aus dem Kataster der belasteten Standorte (KbS)";"Extrait de carte du cadastre des sites pollués (CSP)";"Estratto cartografico dal catasto dei siti inquinati (CSIN)"
report.kartenauszug.datenquelle;"Daten: swisstopo";"Données : swisstopo";"Dati: swisstopo"
report.kartenauszug_zg.datenquelle;"Daten: swisstopo, Kanton Zug";"Données : swisstopo, Kanton Zug";"Dati: swisstopo, Kanton Zug"
report.kartenauszug.legende.h3;"Status nach Altlastenverordnung";"Statut des sites pollués selon l'ordonnance sur les sites contaminés";"Stato dei siti inquinati secondo la OSiti"
report.kartenauszug.legende.v1;"Belastet, keine schädlichen oder lästigen Einwirkungen zu erwarten";"Pollué, pas d’atteinte nuisible ou incommodante à attendre";"Inquinato, non sono prevedibili effetti dannosi o molesti"
report.kartenauszug.legende.v2;"Belastet, weder überwachungs- noch sanierungsbedürftig";"Pollué, ne nécessite ni surveillance ni assainissement";"Inquinato, non deve essere né sorvegliato né risanato"
report.kartenauszug.legende.v3;"Belastet, überwachungsbedürftig";"Pollué, nécessite une surveillance";"Inquinato, deve essere sorvegliato"
report.kartenauszug.legende.v4;"Belastet, sanierungsbedürftig";"Pollué, nécessite un assainissement";"Inquinato, deve essere risanato"
report.kartenauszug.legende.v5;"Belastet, untersuchungsbedürftig";"Pollué, investigation nécessaire";"Inquinato, è necessario procedere a un’indagine"
report.kartenauszug.legende.v6;"Belastet, Untersuchungsbedürftigkeit noch nicht definiert";"Pollué, nécessité d’une investigation pas encore évaluée";"Inquinato, la necessità di un’indagine non è ancora stata stabilita"
report.kartenauszug.legende.hinweis;"Hinweis: Die dargestellten Hintergrunddaten haben nur informativen Charakter. Sie dienen ausschliesslich der besseren Lokalisierung des Standortes.";"Remarque : les données d'arrière-plan présentées n'ont qu'un caractère informatif. Elles servent uniquement à mieux localiser le site.";"Nota: I dati di sfondo mostrati sono solo a scopo informativo. Sono intesi esclusivamente per una migliore localizzazione della località."
report.kataster_auszug_bav.h1.1;"Kataster der belasteten Standorte im Bereich des öffentlichen Verkehrs (KbS BAV)";"Cadastre des sites pollués dans le domaine des transports publics (CASIP OFT)";"Catasto dei siti inquinati nel settore dei trasporti pubblici (CSIN UFT)"
report.kataster_auszug_bav.header.department.1;"Eidgenössisches Departement für ";"Département fédéral de l'environnement, des transports,";"Dipartimento federale dell'ambiente, dei trasporti"
report.kataster_auszug_bav.header.department.2;"Umwelt, Verkehr, Energie und Kommunikation UVEK";"de l'énergie et de la communication DETEC";"dell'energia e delle comunicazioni DATEC"
report.kataster_auszug_bav.header.department.3;"Bundesamt für Verkehr BAV";"Office fédéral des transports OFT";"Ufficio federale dei trasporti UFT"
report.kataster_auszug_bav.header.department.4;"Abteilung Sicherheit";"Division Sécurité";"Divisione Sicurezza"
report.kataster_auszug_bazl.h1.1;"Kataster der belasteten Standorte im Bereich der zivilen Flugplätze (KbS BAZL)";"Cadastre des sites pollués dans le domaine des aérodromes civils (CSP OFAC)";"Catasto dei siti inquinati nel settore degli aeroporti civili (CSN UFAC)"
report.kataster_auszug_bazl.header.department.1;"Eidgenössisches Departement für ";"Département fédéral de l'environnement, des transports,";"Dipartimento federale dell'ambiente, dei trasporti,"
report.kataster_auszug_bazl.header.department.2;"Umwelt, Verkehr, Energie und Kommunikation UVEK";"de l'énergie et de la communication DETEC";"dell'energia e delle comunicazioni DATEC"
report.kataster_auszug_bazl.header.department.3;"Bundesamt für Zivilluftfahrt BAZL";"Office fédéral de l'aviation civile OFAC";"Ufficio federale dell'aviazione civile UFAC"
report.kataster_auszug_bazl.header.department.4;"Abteilung Luftfahrtentwicklung";"Division Stratégie et politique aéronautique";"Divisione Strategia e politica aeronautica"
report.kataster_auszug_sz.header.department.1;"Umweltdepartement";"Département de l'environnement";"Dipartimento dell'ambiente"
report.kataster_auszug_sz.header.department.2;"Amt für Umwelt und Energie";"Office de l'environnement et de l'énergie";"Ufficio per l'ambiente e l'energia"
report.kataster_auszug_sz.header.department.3;"Grundwasser und Altlasten";"Eaux souterraines et sites pollués";"Acque sotterranee e siti inquinati"
report.kataster_auszug_sz.header.department.4;"Kollegiumstrasse 28";"Kollegiumstrasse 28";"Kollegiumstrasse 28"
report.kataster_auszug_sz.header.department.5;"Postfach 2162";"Postfach 2162";"Postfach 2162"
report.kataster_auszug_sz.header.department.6;"6431 Schwyz";"6431 Schwyz";"6431 Schwyz"
report.kataster_auszug_sz.header.department.7;"Telefon 041 819 20 35";"Téléphone 041 819 20 35";"Telefono 041 819 20 35"
report.kataster_auszug_sz.footer.2;"KbS: Standortdatenblatt Katasterauszug Kanton Schwyz, erstellt am ";"Extrait du cadastre public Canton de Schwyz, créé le ";"Estratto catastale pubblico Cantone di Svitto, creato il "
report.kataster_auszug_sz.h1.1;"Kataster der belasteten Standorte Kanton Schwyz (KbS):";"Cadastre des sites pollués Canton de Schwyz (CSP):";"Catasto dei siti inquinati Cantone di Svitto (CSIN):"
report.kataster_auszug_zg.header.department.1;"Baudirektion";"Direction des travaux publics";"Direzione dei lavori"
report.kataster_auszug_zg.header.department.2;"Amt für Umwelt";"Office de l'environnement";"Ufficio per l'ambiente"
report.kataster_auszug_zg.footer.2;"KbS: Standortdatenblatt Katasterauszug Kanton Zug, erstellt am ";"Extrait du cadastre public Canton de Zoug, créé le ";"Estratto catastale pubblico Cantone di Zugo, creato il "
report.kataster_auszug_zg.h1.1;"Kataster der belasteten Standorte Kanton Zug (KbS):";"Cadastre des sites pollués Canton de Zoug (CSP):";"Catasto dei siti inquinati Cantone di Zugo (CSIN):"
report.kataster_auszug_zg.h1.2;"Standortdatenblatt";"Fiche d'information sur le site";"Scheda tecnica della sede"
report.kataster_auszug_vd.header.department.1;"Departement für Jugend, Umwelt";"Département de la Jeunesse, de l’Environnement";"Dipartimento della Gioventù, dell'Ambiente"
report.kataster_auszug_vd.header.department.2;"und Sicherheit (DJES)";"et de la Sécurité (DJES)";"e della Sicurezza (DJES)"
report.kataster_auszug_vd.header.department.3;"Generaldirektion";"Direction générale";"Direzione generale"
report.kataster_auszug_vd.header.department.4;"Umwelt (DGE)";"de l’environnement (DGE)";"dell'ambiente (DGE)"
report.kataster_auszug_vd.header.department.5;"Altlasten und Sonderabfälle";"Sites pollués et déchets spéciaux";"Siti contaminati e rifiuti speciali"
report.kataster_auszug_vd.header.department.6;"Ch. des Boveresses 155";"Ch. des Boveresses 155";"Ch. des Boveresses 155"
report.kataster_auszug_vd.header.department.7;"Case postale 33";"Case postale 33";"Case postale 33"
report.kataster_auszug_vd.header.department.8;"1066 Epalinges";"1066 Epalinges";"1066 Epalinges"
report.kataster_auszug_vd.header.department.9;"Abfälle";"Déchets";"Rifiuti"
report.kataster_auszug_vd.header.department.10;"Avenue de Valmont 30b";"Avenue de Valmont 30b";"Avenue de Valmont 30b"
report.kataster_auszug_vd.header.department.11;"1014 Lausanne";"1014 Lausanne";"1014 Lausanne"
report.kataster_auszug_so.header.department.1;"Amt für Umwelt";"Office de l'environnement";"Ufficio per l'ambiente"
report.kataster_auszug_so.header.department.2;"Abteilung Boden,Altlasten";"Abteilung Boden,Altlasten";"Abteilung Boden,Altlasten"
report.kataster_auszug_so.header.department.3;"Werkhofstrasse 5";"Werkhofstrasse 5";"Werkhofstrasse 5"
report.kataster_auszug_so.header.department.4;"4509 Solothurn";"4509 Solothurn";"4509 Solothurn"
report.kartenauszug_tg.header.department.1;"Amt für Umwelt";"Office de l'environnement";"Ufficio per l'ambiente"
report.kartenauszug_tg.h2;"Kataster der belasteten Standorte (KbS): Katasterplan";"Cadastre des sites pollués (CSP): plan cadastral";"Catasto dei siti inquinati (CSIN): mappa catastale"
report.kartenauszug_tg.legende.h3;"Legende";"Legende";"Legende"
report.kartenauszug_tg.section.h1;"Haftungsausschluss:";"Clause de non-responsabilité:";"Esclusione di responsabilità:"
report.kartenauszug_tg.legende.hinweis;"In der öffentlichen Kartendarstellung sind nur jene Standorte aufgeführt, bei welchen den Grundeigentümern bereits ein Entscheid zugestellt wurde und für welche der Vollzug beim Kanton Thurgau liegt. Die "Nicht-Darstellung" von Standorten bietet demnach keine Gewähr, dass das Areal frei von jeglichen Abfall- oder Schadstoffbelastungen ist. Bitte beachten Sie gegebenenfalls ebenso die Kataster der belasteten Standorte des Bundes (VBS, BAV, BAZL). Die Darstellung als Symbole (Rauten, Dreiecke und Quadrate) erlauben keine Rückschlüsse auf die Ausdehnung des Belastungsperimeters.";"La carte publique ne répertorie que les sites pour lesquels une décision a déjà été notifiée aux propriétaires fonciers et dont l'exécution relève de la compétence du canton de Thurgovie. La « non-représentation » de certains sites n'offre donc aucune garantie que la zone concernée est exempte de toute pollution par des déchets ou des substances nocives. Veuillez également consulter, le cas échéant, le cadastre des sites pollués de la Confédération (DDPS, OFT, OFAC). Les symboles utilisés (losanges, triangles et carrés) ne permettent pas de tirer des conclusions sur l'étendue du périmètre de pollution.";"Nella mappa pubblica sono indicati solo i siti per i quali è già stata notificata una decisione ai proprietari fondiari e per i quali l'esecuzione spetta al Cantone di Turgovia. La «mancata indicazione» di alcuni siti non garantisce quindi che l'area sia priva di qualsiasi contaminazione da rifiuti o sostanze inquinanti. Si prega di consultare anche il catasto dei siti contaminati della Confederazione (DDPS, UFT, UFAC). La rappresentazione tramite simboli (rombi, triangoli e quadrati) non consente di trarre conclusioni sull'estensione del perimetro di contaminazione."
report.kartenauszug_tg.footer.1;"Druckdatum: ";"Date d'impression";"Data di stampa"
report.inhaberorientierung.department.1;"Standortdatenblatt Inhaberorientierung";"Rapport fiche de données pour le détenteur";"Rapporto Scheda del sito per il titolare"
report.inhaberorientierung.footer.2;"KbS: Standortdatenblatt Inhaberorientierung, erstellt am ";"Rapport fiche de données pour le détenteur, créé le ";"Rapporto Scheda del sito per il titolare, creato il "
report.inhaberorientierung.inhaberin;"Inhaber/in";"Propriétaire";"Titolare"
report.inhaberorientierung.table.header;"A) Standortdaten im öffentlich zugänglichen Kataster";"A) Données du site dans le cadastre accessible au public";"A) Dati sull'ubicazione nel catasto accessibile al pubblico"
report.inhaberorientierung.table.info;"Folgende Standortdaten werden im öffentlich zugänglichen Kataster der belasteten Standorte gemäss Art. 32 c des Umweltschutzgesetzes (USG, SR 814.01), beziehungsweise Art. 5 und 6 der Altlasten-Verordnung (AltlV, SR 814.680) eingetragen und sind somit für jede Person einsehbar:";"Les données de site suivantes sont inscrites dans le cadastre des sites pollués accessible au public conformément à l'art. 32 c de la loi sur la protection de l'environnement (LPE, RS 814.01), respectivement aux art. 5 et 6 de l'ordonnance sur les sites contaminés (OSites, RS 814.680) et peuvent donc être consultées par toute personne:";"I seguenti dati sono inseriti nel registro dei siti contaminati, accessibile al pubblico, ai sensi dell'art. 32 c della Legge sulla protezione dell’ambiente (LPAmb, RS 814.01) e degli artt. 5 e 6 dell'Ordinanza sui siti contaminati (OSiti, RS 814.680) e possono quindi essere consultati da chiunque:"
report.inhaberdaten.header;"B) Zusätzliche Standortdaten für die Inhaberorientierung";"B) Données du site supplémentaires pour l'orientation des titulaires";"B) Dati aggiuntivi sulla sito per l'orientamento del proprietario"
report.inhaberdaten.info.1;"Folgende zusätzlichen Standortdaten werden der Inhaber:in im Rahmen der Inhaberorientierung mitgeteilt, jedoch nicht im öffentlich";"Les données d'emplacement supplémentaires suivantes sont communiquées au détenteur dans le cadre de l'orientation du détenteur, mais ne sont pas inscrites dans le cadastre des sites pollués accessible au public.";"I seguenti dati aggiuntivi relativi al sito vengono comunicati al titolare nell’ambito dell’orientamento del titolare, ma non sono iscritti nel registro dei siti contaminati accessibile al pubblico."
report.inhaberdaten.info.2;"zugänglichen Kataster der belasteten Standorte eingetragen. Die Abgabe dieser zusätzlichen Daten an Dritte erfolgt nur mit";"La remise de ces données supplémentaires à des tiers ne se fait qu'avec l'accord du détenteur du site (exception : transmission de données aux autorités pour leur usage interne).";"Questi dati aggiuntivi vengono trasmessi a terzi solo con il consenso del titolare del sito (eccezione: trasmissione di dati alle autorità per uso interno)."
report.inhaberdaten.info.3;"Zustimmung der Standortinhaber:in (Ausnahme: Datenabgabe an Behörden für den behördeninternen Gebrauch).";"";""
report.inhaberdaten.ergaenzungen.header;"Ergänzende Bemerkungen zum Standort";"Remarques complémentaires sur le site";"Ulteriori commenti sul sito"
report.inhaberdaten.ergaenzungen.generell;"Generelle Bemerkungen";"Remarques générales";"Osservazioni generali"
report.inhaberdaten.ergaenzungen.ergaenzend;"Ergänzende Bemerkung";"Remarques complémentaire";"Osservazioni supplementari"
report.inhaberdaten.massnahme.header;"Ergänzende Bemerkungen zu Massnahmen Umweltschutz, zu Sanierungszielen, zu Umweltschäden und zu Vorkommnissen";"Remarques complémentaires sur les mesures de protection de l'environnement, sur les objectifs d'assainissement, sur les dommages environnementaux et sur les incidents";"Commenti supplementari su misure di protezione ambientale, obiettivi di bonifica, danni ambientali e incidenti"
report.inhaberdaten.umweltdaten.header;"Umweltdaten";"Données environnementales";"Dati ambientali"
report.inhaberdaten.dokumente.header;"Dokumentation zum Standort (Berichte und Stellungnahmen)";"Documentation sur le site (Rapports et prises de position)";"Documentazione sul sito (Relazioni e pareri)"
report.inhaberdaten.dokumente.autorin;"Autor:in";"Auteur";"Autore"
report.inhaberdaten.dokumente.datum;"Datum";"Date";"Data"
report.inhaberorientierung_sz.footer.2;"KbS: Standortdatenblatt Inhaber Kanton Schwyz, erstellt am";"Rapport fiche de données pour le détenteur Canton de Schwyz, créé le ";"Rapporto Scheda del sito per il titolare Cantone di Svitto, creato il "
report.inhaberorientierung_zg.footer.2;"KbS: Katasterauszug Kanton Zug, erstellt am ";"Rapport fiche de données pour le détenteur Canton de Zoug, créé le ";"Rapporto Scheda del sito per il titolare Cantone di Zugo, creato il "
report.intern.department.1;"Standortdatenblatt Intern";"Rapport Fiche de données internes au site";"Rapporto Scheda tecnica dell'ubicazione interna"
report.intern.footer.2;"KbS: Standortdatenblatt Intern, erstellt am ";"Rapport Fiche de données spécifiques au site interne, créé le ";"Rapporto Scheda tecnica dell'ubicazione interna, creato il "
report.interne_daten.header;"C) Interne Standortdaten";"C) Données de site internes";"C) Dati interni del sito"
report.interne_daten.text;"Folgende zusätzliche Standortdaten sind nur für den internen Gebrauch.";"Les données de site supplémentaires suivantes sont uniquement destinées à un usage interne.";"I seguenti dati aggiuntivi sulla sede sono solo per uso interno."
report.interne_daten.geschaefte.header;"Geschäfte zum Standort (offene und abgeschlossene)";"Opérations relatives au site (ouvertes et conclues)";"Transazioni relative alla sede (aperte e chiuse)"
report.interne_daten.dokumente.header;"Alle Dokumente und Bemerkungen der Geschäfte";"Tous les documents et remarques des affaires";"Tutti i documenti e i commenti sulle transazioni"
report.interne_daten.beteiligte.header;"Beteiligte zum Standort";"Participants au site";"Partecipanti per la località"
report.interne_daten.blog.header;"Blog: Alle Bemerkungen (nicht öffentliche und öffentliche)";"Le blog : Toutes les remarques (non publiques et publiques)";"Blog: Tutti i commenti (non pubblici e pubblici)"
report.interne_daten.blog.bemerkung;"Bemerkung";"Remarque";"Commento"
report.interne_daten.blog.verfasser;"Verfasser";"Auteur";"Autore"
report.intern_sz.footer.2;"KbS: Standortdatenblatt Intern Kanton Schwyz, erstellt am ";"Rapport Fiche de données spécifiques au site interne Canton de Schwyz, créé le ";"Rapporto Scheda tecnica dell'ubicazione interna Cantone di Svitto, creato il "
report.intern_zg.footer.2;"KbS: Standortdatenblatt Intern Kanton Zug, erstellt am ";"Rapport Fiche de données spécifiques au site interne Canton de Zoug, créé le ";"Rapporto Scheda tecnica dell'ubicazione interna Cantone di Zugo, creato il "
report.kataster_auszug_be.header.department.1;"Bau- und Verkehrsdirektion";"Direction des travaux publics et des transports";"Direzione dei lavori pubblici e dei trasporti"
report.kataster_auszug_be.header.department.2;"Amt für Wasser und Abfall";"Office des eaux et des déchets";"Ufficio per l'acqua e i rifiuti"
report.kataster_auszug_be.header.department.4;"Reiterstrasse 11";"Reiterstrasse 11";"Reiterstrasse 11"
report.kataster_auszug_be.header.department.5;"3013 Bern";"3013 Bern";"3013 Bern"
report.kataster_auszug_be.header.department.6;"+41 31 633 38 11";"+41 31 633 38 11";"+41 31 633 38 11"
report.kataster_auszug_be.footer.2;"KbS: Standortdatenblatt Katasterauszug Kanton Bern, erstellt am ";"Extrait du cadastre public Canton de Berne, créé le ";"Estratto catastale pubblico Cantone di Berna, creato il "
report.kataster_auszug_be.h1.1;"Kataster der belasteten Standorte";"Cadastre des sites pollués";"Catasto dei siti inquinati"
report.inhaberorientierung_be.footer.2;"KbS: Standortdatenblatt Inhaber Kanton Bern, erstellt am ";"Rapport fiche de données pour le détenteur Canton de Berne, créé le ";"Rapporto Scheda del sito per il titolare Cantone di Berna, creato il "
report.intern_be.footer.2;"KbS: Standortdatenblatt Intern Kanton Bern, erstellt am ";"Rapport Fiche de données spécifiques au site interne Canton de Berne, créé le ";"Rapporto Scheda tecnica dell'ubicazione interna Cantone di Berna, creato il "
report.kartenauszug_be.footer.2;"KbS: Kartenauszug Kanton Bern, erstellt am ";"Extrait de carte du canton de Berne, créé le ";"Estratto cartografico del Cantone di Berna, creato il "
report.stoffe.h3;"Stoffe";"Substances";"Sostanze"
report.inhaberdaten.beteiligte.header;"Sachbearbeitung und Beteiligte";"Gestionnaire du dossier et parties prenantes";"Trattamento i persone coinvolte"
sanierungsziel.addLabel;"Sanierungsziel hinzufügen";"Ajouter un objectif de réhabilitation";"Aggiungi obiettivo di bonifica"
schiessanlage.addLabel;"Schiessanlage hinzufügen";"Ajouter un stand de tir";"Aggiungi poligono di tiro"
schiessanlage.begruendungBewertungPlaceholder;"Bemerkungen zur Begründung der Bewertung von der Schiessanlage …";"Remarques sur la justification de l'évaluation du stand de tir …";"Commenti sulla giustificazione della valutazione del poligono di tiro …"
schiessanlage.bemerkungPlaceholder;"Bemerkungen zur Schiessanlage …";"Remarques sur le stand de tir …";"Commenti sul poligono di tiro …"
schiessanlage.bemerkungDatenimportPlaceholder;"Bemerkungen zum Datenimport der Schiessanlage …";"Remarques sur l'importation de données du stand de tir …";"Commenti sull'importazione dei dati del poligono …"
search.addToPool;"Zu Pool hinzufügen";"Ajouter au pool";"Agguingi al pool"
search.advanced;"Erweitert";"Avancée";"Avanzata"
search.categories.ablagerungen;"Ablagerungen";"Dépôts";"Depositi"
search.categories.beteiligte;"Beteiligte";"Parties prenantes";"Coinvolti"
search.categories.betriebe;"Betriebe und Schiessanlagen";"Établissements et installations de tir";"Stabilimenti e campi di tiro"
search.categories.beurteilung;"Beurteilung";"Évaluation";"Giudizio"
search.categories.geschaeft;"Geschäft";"Affaire";"Business"
search.categories.grunddaten;"Grunddaten";"Données de base";"Dati di base"
search.categories.grundwasser;"Grundwasser";"Eaux souterraines";"Acque sotterranee"
search.categories.lokalisierung;"Lokalisierung";"Localisation";"Localizzazione"
search.categories.massnahmen;"Massnahmen";"Mesures";"Misure"
search.categories.natuerliches_umfeld;"Natürliches Umfeld";"Environnement naturel";"Ambiente naturale"
search.categories.nutzungen_gelaende;"Nutzungen Gelände";"Usages terrain";"Usi del terreno"
search.categories.oberflaechengewaesser;"Oberflächengewässer";"Eaux de surface";"Acque di superficie"
search.categories.priorisierung;"Priorisierung";"Priorisation";"Prioritisation"
search.categories.standort;"Standort";"Site";"Location"
search.categories.umwelteinwirkungen;"Umwelteinwirkungen";"Dommages environnementaux";"Danni ambientali"
search.categories.umweltstoffe;"Umweltstoffe";"Substances environnementales";"Sostanze ambientali"
search.categories.unfaelle;"Unfälle";"Accidents";"Incidenti"
search.categories.vollzug;"Vollzug";"Exécution";"Enforcement"
search.categories.vorkommnisse;"Vorkommnisse";"Incidents";"Incidenti"
search.categories.ziele;"Ziele";"Objectifs";"Obiettivi"
search.categories.pfas;"PFAS-Feuerlösch-Standorte";"Sites d'extinction d'incendie PFAS";"Siti di estinzione incendi PFAS"
search.categories.kinderspielplatz;"Kinderspielplätze/Grünanlagen";"Aires de jeux pour enfants/espaces verts";"Parchi giochi/Aree verdi"
search.columnSelector.cancel;"Abbrechen";"Annuler";"Annulla"
search.columnSelector.heading;"Ergebnis-Spalten";"Colonnes de résultats";"Colonne del risultato"
search.columnSelector.subheading;"In der Tabelle angezeigte Spalten";"Colonnes affichées dans le tableau";"Colonne visualizzate nella tabella"
search.columnSelector.submit;"Übernehmen";"Appliquer";"Applicare"
search.export.EXCEL;"Exportieren als Excel";"Exporter en Excel";"Esporta come Excel"
search.export.GEOPACKAGE;"Exportieren als GeoPackage";"Exporter en GeoPackage";"Esporta come GeoPackage"
search.export.SHAPEFILE;"Exportieren als Shape-Datei";"Exporter en fichier Shape";"Esporta come file Shape"
search.export.title;"Ergebnisse …";"Résultats …";"Risultati …"
search.field.vflz_id;vflz_id;vflz_id;vflz_id
search.field.bezeichnung;Bezeichnung;Désignation;Denominazione
search.field.standortnummer;Standort-Nummer;Numéro-du-site;Numero-del-sito
search.field.standorttyp;Standorttyp;Type-de-site;Tipo-di-sito
search.field.bfs_nr;BFS-Gemeinde-Nr;OFS-Numéro-de-commune;UST-Numero-del-commune
search.field.ort;Ortsname;Nom-de-la-localité;Nome-della-località
search.field.strasse;Strasse;Rue;Via
search.field.gemeinde;Gemeinde;Commune;Comune
search.field.beurteilung;Beurteilung;Évaluation;Valutazione
search.field.publiziert;"Aktuelle-Version-publiziert-oder-gelöscht";"Version-actuelle-publiée-ou-supprimée";"Versione-attuale-pubblicata-o-cancellata"
search.field.firma_name;Firma-Name/Schiessanlage-Name;Entreprise-Nom/stand-de-tir-Nom;Ditta-Nome/poligono-di-tiro-Nome
search.field.firma_strasse;Firma-Strasse/Schiessanlage-Strasse;Entreprise-Rue/stand-de-tir-Rue;Ditta-Via/poligono-di-tiro-Via
search.field.pool;Pool;Pool;Pool
search.field.erfassung;Erfassung;Saisie;Registrazione
search.field.zeitraum_von;Zeitraum-Von;Intervalle-de-temps-De;Intervallo-di-tempo-Da
search.field.zeitraum_bis;Zeitraum-Bis;Intervalle-de-temps-Jusqu'à;Intervallo-di-tempo-Fino-a
search.field.plz;PLZ;Numéro-postal;Numero-postale-d'avviamento
search.field.flaeche;Fläche;Surface;Superficie
search.field.flurname;Flurname;Lieu-dit;Toponimo-minore
search.field.x_koordinate;X-Koordinate;Coordonnée-X;Coordinata-X
search.field.y_koordinate;Y-Koordinate;Coordonnée-Y;Coordinata-Y
search.field.sprache;Sprache;Langue;Lingua
search.field.kanton;Kanton;Canton;Cantone
search.field.grunddaten_bemerkungen;Grunddaten-Bemerkungen;Données-de-base-Remarques;Dati-di-base-Commenti
search.field.in_betrieb;In-Betrieb;En-service;In-funzione
search.field.nachsorge;Nachsorge;Suivi;Assistenza-post-trattamento
search.field.deponietyp;Deponietyp;Type-de-décharge;Tipo-di-discarica
search.field.kompartiment_von;Kompartiment-Von;Compartiment-De;Compartimento-Da
search.field.kompartiment_bis;Kompartiment-Bis;Compartiment-Jusqu'à;Compartimento-Fino-a
search.field.kompartiment_bemerkungen;Kompartiment-Bemerkungen;Compartiment-Remarques;Compartimento-Commenti
search.field.stoffklasse_stoffklasse;Stoffklasse-Stoffklasse;Classe-de-substances-Classe-de-substances;Classe-di-sostanze-Classe-di-sostanze
search.field.stoffklasse_teilvolumen;Stoffklasse-Teilvolumen;Classe-de-substances-Volume-partiel;Classe-di-sostanze-Volume-parziale
search.field.kompartiment_volumen;Kompartiment-Volumen;Compartiment-Volume;Compartimento-Volume
search.field.kompartiment_tiefe;Kompartiment-Tiefe;Compartiment-Profondeur;Compartimento-Profondità
search.field.stoffklasse_von;Stoffklasse-Von;Classe-de-substances-De;Classe-di-sostanze-Da
search.field.stoffklasse_bis;Stoffklasse-Bis;Classe-de-substances-Jusqu'a;Classe-di-sostanze-Fino-a
search.field.stoffgruppe_stoffgruppe;Stoffgruppe-Stoffgruppe;Groupe-de-substances-Groupe-de-substances;Gruppo-di-sostanze-Gruppo-di-sostanze
search.field.stoffgruppe_teilvolumen;Stoffgruppe-Teilvolumen;Groupe-de-substances-Volume-partiel;Gruppo-di-sostanze-Volume-parziale
search.field.eva_nummer;EVA-Nummer;Numéro-EVA;Numero-EVA
search.field.firma_plz;Firma-PLZ/Schiessanlage-PLZ;Entreprise-Numéro-postal/stand-de-tir-Numéro-postal;Ditta-Numero-postale-d'avviamento/poligono-di-tiro-Numero-postale-d'avviamento
search.field.firma_ort;Firma-Ort/Schiessanlage-Ort;Entreprise-Lieu/stand-de-tir-Lieu;Ditta-Luogo/poligono-di-tiro-Luogo
search.field.firma_von;Firma-Von/Schiessanlage-Von;Entreprise-De/stand-de-tir-De;Ditta-Da/poligono-di-tiro-Da
search.field.firma_bis;Firma-Bis/Schiessanlage-Bis;Entreprise-Jusqu'à/stand-de-tir-Jusqu'à;Ditta-Fino-a/poligono-di-tiro-Fino-a
search.field.branche;Branche;Branche;Settore
search.field.branche_noga;Branche-NOGA;Branche-NOGA;Settore-NOGA
search.field.schiessanlage_typ;Schiessanlage-Typ;Type-de-stand-de-tir;Tipo-di-poligono-di-tiro
search.field.kugelfang_vorhanden;Kugelfang-vorhanden;Piège-à-balles-présent;Blocco-balistico-presente
search.field.scheibenzahl;Scheibenzahl;Nombre-de-cibles;Numero-di-bersagli
search.field.schussanzahl;Schussanzahl;Nombre-de-tirs;Numero-di-colpi
search.field.betriebsgroesse;Betriebsgrösse;Nombre-d'employés/Taille-de-l'entreprise;Numero-di-impiegati/Dimensioni-dell'azienda
search.field.firma_katasterrelevanz;Firma-Katasterrelevanz/Schiessanlage-Katasterrelevanz;Entreprise-Pertinence-cadastrale/stand-de-tir-Pertinence-cadastrale;Ditta-Rilevanza-catastale/poligono-di-tiro-Rilevanza-catastale
search.field.mobile_stoffe;mobile-Stoffe;Substances-mobiles;Sostanze-mobili
search.field.firma_untersuchungsstand;Firma-Untersuchungsstand/Schiessanlage-Untersuchungsstand;Entreprise-État-de-la-procédure-OSites/stand-de-tir-État-de-la-procédure-OSites;Ditta-Stato-dell'indagine/poligono-di-tiro-Stato-dell'indagine
search.field.firma_beurteilung;Firma-Beurteilung/Schiessanlage-Beurteilung;Entreprise-Évaluation/stand-de-tir-Évaluation;Ditta-Valutazione/poligono-di-tiro-Valutazione
search.field.firma_bemerkungen;Firma-Bemerkungen/Schiessanlage-Bemerkungen;Entreprise-Remarques/stand-de-tir-Remarques;Ditta-Commenti/poligono-di-tiro-Commenti
search.field.begruendung_bewertung_betrieb;Begründung-Bewertung-Betrieb/Begründung-Bewertung-Schiessanlage;Justification-de-l'évaluation-de-l'entreprise/stand-de-tir;Giustificazione-della-valutazione-dell'azienda/poligono-di-tiro
search.field.firma_x_koordinate;Firma-X-Koordinate/Schiessanlage-X-Koordinate;Entreprise-Coordonnée-X/stand-de-tir-Coordonnée-X;Ditta-Coordinata-X/poligono-di-tiro-Coordinata-X
search.field.firma_y_koordinate;Firma-Y-Koordinate/Schiessanlage-Y-Koordinate;Entreprise-Coordonnée-Y/stand-de-tir-Coordonnée-Y;Ditta-Coordinata-Y/poligono-di-tiro-Coordinata-Y
search.field.unfall_name;Unfall-Name;Accident-Nom;Incidente-Nome
search.field.unfall_zeitpunkt;Unfall-Zeitpunkt;Accident-Date;Incidente-Momento
search.field.unfall_genauigkeit;Unfall-Genauigkeit;Accident-Précision;Incidente-Precisione
search.field.unfallstoff_stoffe;Unfallstoff-Stoffe-und-Stoffgemische;Substance-accidentelle-Substances-et-mélanges;Sostanza-incidente-Sostanze-e-miscele
search.field.unfallstoff_ausgelaufen;Unfallstoff-ausgelaufen;Substance-accidentelle-Fuite;Sostanza-incidente-Perdita
search.field.unfallstoff_zurueckgew;Unfallstoff-zurückgewonnen;Substance-accidentelle-Récupéré;Sostanza-incidente-Recuperato
search.field.unfallstoff_restmenge;Unfallstoff-Restmenge;Substance-accidentelle-Quantité-restante;Sostanza-incidente-Quantità-residua
search.field.unfall_bemerkung;Unfall-Bemerkung;Accident-Remarques;Incidente-Commenti
search.field.gewaesserschutzbereich;Gewässerschutzbereich;Secteur-de-protection-des-eaux;Zona-di-protezione-delle-acque
search.field.schutzzone;Schutzzone;Zone-de-protection;Zona-di-protezione
search.field.karstgebiet;Karstgebiet;Zone-karstique;Zona-carsica
search.field.durchlaessigkeit;Durchlässigkeit-Untergrund;Perméabilité-du-sol;Permeabilità-del-suolo
search.field.umwelt_bemerkungen;Umwelt-Bemerkungen;Environnement-Remarques;Ambiente-Commenti
search.field.relative_lage_grundwasser;Relative-Lage-zum-Grundwasser;Position-relative-aux-eaux-souterraines;Sito-relativa-alle-acque-sotterranee
search.field.flurabstand;Flurabstand;Distance-à-la-surface-du-sol;Distanza-dalla-superficie-del-terreno
search.field.nutzung_gw_abstrombereich;Nutzung-Grundwasser-im-Abstrombereich;Utilisation-des-eaux-souterraines-en-aval;Utilizzo-delle-acque-sotterranee-a-valle
search.field.distanz_nutzung_gw_abstrombereich;Distanz-zur-GW-Nutzung-im-Abstrombereich;Distance-à-l'utilisation-des-eaux-souterraines-en-aval;Distanza-dall'utilizzo-delle-acque-sotterranee-a-valle
search.field.name_oberfl_gewaesser;Name-Oberflächengewässer;Nom-du-cours-d'eau;Nome-del-corso-d'acqua-superficiale
search.field.distanz_obefl_gewaesser;Distanz-zum-Oberflächengewässer;Distance-aux-eaux-de-surface;Distanza-dalle-acque-superficiali
search.field.art_obefl_gewaesser;Art-des-Oberflächengewässers;Type-d'eaux-de-surface;Tipo-di-acque-superficiali
search.field.gewaesserbau;Gewässerbau;Construction-du-cours-d'eau;Costruzione-del-corso-d'acqua
search.field.relative_lage_oberfl_gewaesser;Relative-Lage-zum-Oberflächengewässer;Position-relative-aux-eaux-superficielles;Posizione-relativa-alle-acque-superficiali
search.field.umweltstoff_gruppe;Stoffgruppe;Groupe-de-substances;Gruppo-di-sostanze
search.field.spezifischer_stoff;spezifischer-Stoff;Substance-spécifique;Sostanza-specifica
search.field.umwelt;Umwelt;Environnement;Ambiente
search.field.umweltstoffe_beurteilung;Umweltstoffe-Beurteilung;Substances-environnementales-Évaluation;Sostanze-ambientali-Valutazione
search.field.nutzungszone;Nutzungszone;Zone-d'utilisation;Zona-di-utilizzo
search.field.aktuelle_nutzung;Aktuelle-Nutzung;Utilisation-actuelle;Utilizzo-attuale
search.field.gefaehrtdete_umweltbereiche;Gefährdete-Umweltbereiche;Zones-environnementales-menacées;Aree-ambientali-minacciate
search.field.festgestellte_einwirkungen;Festgestellte-Einwirkungen;Effets-constatés;Effetti-riscontrati
search.field.umweltschaden_bemerkung;Bemerkung-Umweltschaden;Remarque-sur-le-dommage-environnemental;Commento-sul-danno-ambientale
search.field.vorkommnis_datum;Vorkommnis-Datum;Événement-Date;Evento-singolo-Data
search.field.vorkommnis;Vorkommnis;Événement;Evento-singolo
search.field.bemerkung_einzelereignis;Bemerkung-Einzelereignis;Remarque-sur-l'événement;Commento-sull'evento-singolo
search.field.begruendung_beurteilung;Begründung-Beurteilung;Justification-de-l'évaluation;Giustificazione-della-valutazione
search.field.bearbeitungsstand;Bearbeitungsstand;État-d'avancement;Stato-di-elaborazione
search.field.untersuchungsstand;Untersuchungsstand;État-de-la-procédure-OSites;Stato-dell'indagine
search.field.rechtskraeftig;Rechtskräftig;Juridique;Legalmente-vincolante
search.field.datum_ersteintrag;Datum-Ersteintrag;Date-de-la-première-entrée;Data-della-prima-registrazione
search.field.datum_publikation_kbs;Datum-Publikation-im-KbS;Date-de-publication-dans-le-CASIP;Data-di-pubblicazione-nel-CSIN
search.field.aktuellste_publikation;Aktuellste-Publikation-im-KbS;Dernière-publication-dans-le-CASIP;Ultima-pubblicazione-nel-CSIN
search.field.massnahme;Massnahme;Mesure;Misura
search.field.massnahme_angeordnet_am;Massnahme-Angeordnet-am;Mesure-Ordonnée-le;Misura-Ordinata-il
search.field.massnahme_erledigt_am;Massnahme-Erledigt-am;Mesure-Terminée-le;Misura-Completata-il
search.field.massnahme_bemerkung;Massnahme-Bemerkung;Mesure-Remarque;Misura-Commento
search.field.beteiligte;Beteiligte;Personnes-concernées;Persone-coinvolte
search.field.beziehungsart_eigentum;Beziehungsart-Eigentum;Type-de-relation-Propriété;Tipo-di-relazione-Proprietà
search.field.beziehungsart_sachbearbeitung;Beziehungsart-Sachbearbeitung;Type-de-relation-Traitement;Tipo-di-relazione-Gestione
search.field.beziehungsart_sonstige;Beziehungsart-Sonstige;Type-de-relation-Autre;Tipo-di-relazione-Altro
search.field.standort_eigentuemer;Standort-Eigentümer;Propriétaire-du-site;Proprietario-del-sito
search.field.vorname;Vorname;Prénom;Nome
search.field.nachname;Nachname;Nom;Cognome
search.field.taetigkeit;Tätigkeit;Activité;Attività
search.field.prio_untersuchungsbedarf;Priorisierung-Untersuchungsbedarf;Priorisation-du-besoin-d'investigation;Priorità-per-la-necessità-di-indagine
search.field.begruendung_prio_untersuchungsbedarf;Begründung-Priorisierung-Untersuchungsbedarf;Justification-de-la-priorisation-du-besoin-d'investigation;Giustificazione-della-priorità-per-la-necessità-di-indagine
search.field.prio_sanierungsbedarf;Priorisierung-Überwachungs-/Sanierungsbedarf;Priorisation-des-besoins-de-surveillance/réhabilitation;Priorità-per-la-necessità-di-monitoraggio/bonifica
search.field.begruendung_prio_sanierungsbdedarf;Begründung-Priorisierung-Überwachungs-/Sanierungsbedarf;Justification-de-la-priorisation-des-besoins-de-surveillance/réhabilitation;Giustificazione-della-priorità-per-la-necessità-di-monitoraggio/bonifica
search.field.sanierungsziel;Sanierungsziel;Objectif-de-réhabilitation;Obiettivo-di-bonifica
search.field.sanierungsziel_bemerkungen;Sanierungsziel-Bemerkungen;Objectif-de-réhabilitation-Remarques;Obiettivo-di-bonifica-Commenti
search.field.kartenausschnitt;Karten-Ausschnitt;Extrait-cartes;Porzione-di-mappe
search.field.task_titel;Task-Titel;Task-Titre;Task-Titolo
search.field.task_start_datum;Task-Start;Task-Début;Task-Inizio
search.field.task_end_datum;Task-Ende;Task-Fin;Task-Fine
search.field.task_faelligkeit;Task-Fälligkeit;Task-Échéance;Task-Scadenza
search.field.dokument_referenz;Dokument-Referenz;Document-Référence;Documento-Riferimento
search.field.task_note;Notiz;Commentaire;Commento
search.field.task_beteiligte;Task-Beteiligte;Task-Personnes-concernées;Task-Persone-coinvolte
search.field.task_beziehungsart_eigentum;Task-Beziehungsart-Eigentum;Task-Type-de-relation-Propriété;Task-Tipo-di-relazione-Proprietà
search.field.task_beziehungsart_sachbearbeitung;Task-Beziehungsart-Sachbearbeitung;Task-Type-de-relation-Traitement;Task-Tipo-di-relazione-Gestione
search.field.task_beziehungsart_sonstige;Task-Beziehungsart-Sonstige;Task-Type-de-relation-Autre;Task-Tipo-di-relazione-Altro
search.field.task_beziehungsart_geschaefte;Task-Beziehungsart-Geschäfte;Task-Type-de-relation-Affaires;Task-Tipo-di-relazione-Affari
search.field.task_typ;Task-Typ;Task-Type;Task-Tipo
search.field.task_status;Task-Status;Task-Statut;Task-Statuto
search.field.task_kategorie;Task-Kategorie;Tâches-Catégories;Task-Categorie
search.field.bemerkung_adresse;Bemerkung-Adresse;Remarque-sur-l'adresse;Nota-sull’indirizzo
search.field.kinderspielplatz_name;Kinderspielplatz/Grünfläche-Name;Aire-de-jeux/espace-vert-Nom;Parco-giochi/area-verde-Nome
search.field.kinderspielplatz_strasse;Kinderspielplatz/Grünfläche-Strasse;Aire-de-jeux/espace-vert-Rue;Parco-giochi/area-verde-Strada
search.field.kinderspielplatz_plz;Kinderspielplatz/Grünfläche-Postleitzahl;Aire-de-jeux/espace-vert-Code-postale;Parco-giochi/area-verde-Codice-postale
search.field.kinderspielplatz_ort;Kinderspielplatz/Grünfläche-Ort;Aire-de-jeux/espace-vert-Lieu;Parco-giochi/area-verde-Luogo
search.field.kinderspielplatz_eva;Kinderspielplatz/Grünfläche-EVA-Nummer;Aire-de-jeux/espace-vert-Numéro-EVA;Parco-giochi/area-verde-Numero-EVA
search.field.kinderspielplatz_bemerkung;Kinderspielplatz/Grünfläche-Bemerkung;Aire-de-jeux/espace-vert-Remarque;Parco-giochi/area-verde-Osservazione
search.field.kinderspielplatz_katasterrelevanz;Kinderspielplatz/Grünfläche-Katasterrelevanz;Aire-de-jeux/espace-vert-Pertinence-cadastrale;Parco-giochi/area-verde-Rilevanza-catastale
search.field.kinderspielplatz_untersuchungsstand;Kinderspielplatz/Grünfläche-Untersuchungsstand;Aire-de-jeux/escape-vert-État-de-la-procédure-OSites;Parco-giochi/area-verde-Stato-dell'indagine
search.field.kinderspielplatz_beurteilung;Kinderspielplatz/Grünfläche-Beurteilung;Aire-de-jeux/terrain-Évaluation;Parco-giochi/area-verde-Valutazione
search.field.eigentumsform;Eigentumsform;Forme-de-propriété;Forma-di-proprietà
search.field.belastung_ueber_sanierungswert;Belastung-Über-Sanierungswert;Imputation-supérieure-à-la-valeur-d’assainissement;Carico-oltre-il-valore-di-risanamento
search.field.kinderspielplatz_typ;Kinderspielplatz/Grünfläche-Typ;Aire-de-jeux/terrain-Typ;Parco-giochi/area-verde-Tipo
search.field.altersstufe_kinder;Altersstufe-Kinder;Tranche-d’âge-Enfants;Età-Bambini
search.field.kinderspielplatz_zeitraum_von;Kinderspielplatz/Grünfläche-Zeitraum-von;Aire-de-jeux/espace-vert-Intervalle-de-temps-De;Parco-giochi/area-verde-Intervallo-di-tempo-Da
search.field.kinderspielplatz_zeitraum_bis;Kinderspielplatz/Grünfläche-Zeitraum-bis;Aire-de-jeux/espace-vert-Intervalle-de-temps-Jusqu'à;Parco-giochi/area-verde-Intervallo-di-tempo-Fino-a
search.field.kinderspielplatz_x_koordinate;Kinderspielplatz/Grünfläche-X-Koordinate;Aire-de-jeux/espace-vert-Coordonnée-X;Parco-giochi/area-verde-Coordinata-X
search.field.kinderspielplatz_y_koordinate;Kinderspielplatz/Grünfläche-Y-Koordinate;Aire-de-jeux/espace-vert-Coordonnée-Y;Parco-giochi/area-verde-Coordinata-Y
search.field.vollzug;Vollzug;Exécution;Esecuzione
search.field.behoerde;Behörde;Autorité;Autorità
search.field.alternative_standortnummer;Alternative-Standortnummer;Numéro-de-site-alternatif;Numero-di-sito-alternativo
search.field.parzelle;Parzelle;Parcelle;Particella
search.field.nb_ident;NBIdent;NBIdente;NBIdento
search.field.pfas_name;PFAS-Name;PFAS-Nom;PFAS-Nome
search.field.bemerkung_pfas;PFAS-Bemerkung;PFAS-Remarque;PFAS-Commento
search.field.pfas_untersuchungsstand;PFAS-Untersuchungsstand;PFAS-État-de-la-procédure-OSites;PFAS-Stato-dell'indagine
search.field.pfas_beurteilung;PFAS-Beurteilung;PFAS-Évaluation;PFAS-Valutazione
search.field.pfas_branche;PFAS-Branche;PFAS-Branche;PFAS-Settore
search.field.pfas_typ;PFAS-Typ;PFAS-Type;PFAS-Tipo
search.field.begruendung_bewertung_pfas;Begründung-Bewertung-PFAS;Justification-de-l'évaluation-PFAS;Giustificazione-della-valutazione-PFAS
search.field.pfas_haltige_loeschmittel;PFAS-haltige-Löschmittel;Moyens-d'extinction-contenant-des-PFAS;Mezzi-di-estinzione-contenenti-PFAS
search.field.pfas_freie_loeschmittel;PFAS-freie-Löschmittel;Moyens-d'extinction-sans-PFAS;Mezzi-di-estinzione-senza-PFAS
search.field.pfas_loeschschaum_einsatz;PFAS-Löschschaum-Einsatz;PFAS-Utilisation-de-mousse-extinctrice;PFAS-Utilizzo-di-schiuma-estinguente
search.field.pfas_haeufigkeit_nutzung;PFAS-Häufigkeit-der-Nutzung;PFAS-Fréquence-d'utilisation;PFAS-Frequenza-di-utilizzo
search.field.pfas_strasse;PFAS-Strasse;PFAS-Rue;PFAS-Via
search.field.pfas_plz;PFAS-PLZ;PFAS-Numéro-postal;PFAS-Numero-postale-d'avviamento
search.field.pfas_ort;PFAS-Ort;PFAS-Lieu;PFAS-Luogo
search.field.pfas_eva_nummer;PFAS-EVA-Nummer;PFAS-Numéro-EVA;PFAS-Numero-EVA
search.field.pfas_zeitraum_von;PFAS-Zeitraum-Von;PFAS-Intervalle-de-temps-De;PFAS-Intervallo-di-tempo-Da
search.field.pfas_zeitraum_bis;PFAS-Zeitraum-Bis;PFAS-Intervalle-de-temps-Jusqu'à;PFAS-Intervallo-di-tempo-Fino-a
search.field.pfas_loeschmittel;PFAS-Löschmittel;PFAS-Moyens-d'extinction;PFAS-Mezzi-di-estinzione
search.field.pfas_katasterrelevanz;PFAS-Katasterrelevanz;PFAS-Pertinence-cadastrale;PFAS-Rilevanza-catastale
search.field.pfas_menge_schaumgemisch;PFAS-Menge-Schaumgemisch;PFAS-Quantité-de-mélange-de-mousse;PFAS-Quantità-di-miscela-di-schiuma
search.field.pfas_menge_konzentrat;PFAS-Menge-Konzentrat;PFAS-Quantité-de-concentré;PFAS-Quantità-di-concentrato
search.field.pfas_beschreibungen_detail;PFAS-Beschreibungen-Detail;PFAS-Descriptions-Détail;PFAS-Descrizioni-Dettaglio
search.field.pfas_x_koordinate;PFAS-X-Koordinate;PFAS-Coordonnée-X;PFAS-Coordinata-X
search.field.pfas_y_koordinate;PFAS-Y-Koordinate;PFAS-Coordonnée-Y;PFAS-Coordinata-Y
search.field.flugplatz_bezeichnung;Flugplatz;Aérodrome;Aeroporto
search.field.ktu;KTU;ETC;ITC
search.field.grundbuch_bezeichnung;Grundbuch;Registre-foncier;Registro-fondiario
search.fieldSelector.buttonLabel;"Eigenschaften";"Propriétés";"Proprietà"
search.fieldSelector.heading;"Eigenschaften-Auswahl";"Sélection des propriétés";"Selezione delle proprietà"
search.fieldSelector.noMatches;"Keine Übereinstimmung";"Pas de correspondance";"Nessuna corrispondenza"
search.fieldSelector.placeholder;"Eigenschaften suchen";"Rechercher des propriétés";"Ricerca proprietà"
search.fieldSelector.subheading;"Eigenschaften ins Suchfeld einfügen";"Insérer les propriétés dans le champ de recherche";"Inserire le proprietà nel campo di ricerca"
search.noResults.heading;"Keine Treffer gefunden";"Aucun résultat trouvé";"Nessun risultato trovato"
search.noResults.verbose;"Leider konnten wir keine Ergebnisse zu Ihrer Suche finden. Überprüfen Sie die Schreibweise oder versuchen Sie es mit anderen Begriffen.";"Désolé, nous n'avons trouvé aucun résultat correspondant à votre recherche. Vérifiez l'orthographe ou essayez avec d'autres termes.";"Spiacenti, non abbiamo trovato alcun risultato per la sua ricerca. Si prega di controllare l'ortografia o di provare altri termini."
search.placeholder;"Suchbegriffe";"Mots clés";"Parole chiave"
search.placeholderAdvanced;"Suchanfrage eingeben...";"Saisir une demande de recherche...";"Inserire la query di ricerca..."
search.bezeichnungPlaceholder;"Bezeichnung";"Désignation";"Denominazione"
search.textSearchPlaceholder;"Textfelder durchsuchen…";"Rechercher dans les champs de texte…";"Cerca nei campi di testo…"
search.textSearchResults;"Vorschläge";"Résultats";"Risultati"
search.standortnummerPlaceholder;"Nummer";"Numéro";"Numero"
search.results.group;"Gruppieren";"Regrouper";"Raggrupppare"
search.results.map;"Karte";"Carte";"Mappa"
search.results.one;"{{count}} Treffer";"{{count}} résultat";"{{count}} risultato"
search.results.other;"{{count}} Treffer";"{{count}} résultats";"{{count}} risultati"
search.results.preview;"Vorschau";"Aperçu";"Anteprima"
search.results.table;"Tabelle";"Tableau";"Tabella"
search.savedSearchDialog.cancel;"Abbrechen";"Annuler";"Annulla"
search.savedSearchDialog.createTitle;"Suche speichern";"Enregistrer la recherche";"Salva ricerca"
search.savedSearchDialog.delete;"Löschen";"Supprimer";"Elimina"
search.savedSearchDialog.save;"Speichern";"Enregistrer";"Salva"
search.savedSearchDialog.updateTitle;"Suche bearbeiten";"Modifier la recherche";"Modifica ricerca"
search.savedSearchSidebar.button;"Gespeicherte Suchen";"Recherches enregistrées";"Ricerche salvate"
search.savedSearchSidebar.empty;"Keine gespeicherten Suchen gefunden.";"Aucune recherche enregistrée trouvée.";"Nessuna ricerca salvata trovata."
search.savedSearchSidebar.placeholder;"Gespeicherte Suchen filtern …";"Filtrer les recherches enregistrées …";"Filtra ricerche salvate …"
search.savedSearchSidebar.subtitle;"Eigene und von anderen geteilte Suchen";"Recherches propres et partagées par d'autres";"Ricerche proprie e condivise da altri"
search.savedSearchSidebar.title;"Gespeicherte Suchen";"Recherches enregistrées";"Ricerche salvate"
search.simple;"Einfach";"Simple";"Semplice"
search.submit;"Suchen";"Rechercher";"Cercare"
search.reset;"Zurücksetzen";"Réinitialiser";"Reimpostare"
search.title;"Standorte";"Sites";"Siti"
search.validation.expectedClosingParenOrLogicalOperator;"Fehler bei '{{context}}': ')' oder logische Verknüpfung erwartet";"Erreur sur '{{context}}': ')' ou lien logique attendu";"Errore a '{{context}}': ')' o collegamento logico atteso"
search.validation.expectedOpeningParenOrName;"Fehler bei '{{context}}': '(' oder Feldname erwartet";"Erreur sur '{{context}}': '(' ou nom de champ attendu";"Errore a '{{context}}': '(' o nome del campo atteso"
search.validation.expectedOperator;"Fehler bei '{{context}}': Vergleichsoperator erwartet";"Erreur pour '{{context}}': Opérateur de comparaison attendu";"Errore con '{{context}}': Operatore di confronto atteso"
search.validation.expectedValue;"Fehler bei '{{context}}': Wert erwartet";"Erreur pour '{{context}}': Valeur attendue";"Fehler bei '{{context}}': Valore atteso"
search.validation.incompleteExpression;"Ausdruck nicht vollständig";"Expression incomplète";"Espressione non completa"
search.validation.internalError;"Interner Fehler";"Erreur interne";"Errore interno"
search.validation.invalidOperator;"'{{context}}' ist kein gültiger Operator für Feld '{{field}}'";"'{{context}}' n'est pas un opérateur valide pour le champ '{{field}}'";"'{{context}}' non è un operatore valido per il campo '{{field}}'"
search.validation.invalidToken;"Ungültiges Zeichen: {{context}}";"Caractère non valide: {{context}}";"Carattere non valido: {{context}}"
search.validation.invalidValue;"Ungültiger Wert für Feld '{{field}}': {{context}}";"Valeur non valide pour le champ '{{field}}': {{context}}";"Valore non valido per il campo '{{field}}': {{context}}"
search.validation.parenNotClosed;"Offene Klammer nicht geschlossen";"Parenthèse ouverte non fermée";"Parentesi aperta non chiusa"
search.validation.unexpectedClosingParen;"Überzählige geschlossene Klammer";"Parenthèse fermée surnuméraire";"Parentesi chiusa in eccesso"
search.validation.unknownField;"Unbekanntes Feld: {{context}}";"Champ inconnu: {{context}}";"Campo sconosciuto: {{context}}"
search.validation.unterminatedString;"Fehler bei '{{context}}': Anführungszeichen nicht geschlossen";"Erreur sur '{{context}}': Guillemets non fermés";"Errore con '{{context}}': Virgole invertite non chiuse"
umweltStoffe.addLabel;"Umweltstoff hinzufügen";"Ajouter une substance environnementale";"Aggiungi sostanza ambientale"
umweltStoffe.bemerkungPlaceholder;"Bemerkungen zum Umweltstoff …";"Remarques sur la substance environnementale …";"Commenti sulla sostanza ambientale …"
umweltschaeden.addLabel;"Umwelteinwirkung hinzufügen";"Ajouter un impact environnemental";"Aggiungi impatto ambientale"
umweltschaeden.bemerkungPlaceholder;"Bemerkungen zum Umweltschaden …";"Remarques sur le dommage environnemental …";"Commenti sul danno ambientale …"
unfall.addLabel;"Unfall hinzufügen";"Ajouter un accident";"Aggiungi incidente"
unfall.bemerkungPlaceholder;"Bemerkungen zum Unfall …";"Remarques sur l'accident …";"Commenti sull'incidente …"
unfall.bemerkungDatenimportPlaceholder;"Bemerkungen zum Datenimport des Unfalls …";"Remarques sur l'importation de données de l'accident …";"Commenti sull'importazione dei dati dell'incidente …"
unfallstoffe.addLabel;"Unfallstoff hinzufügen";"Ajouter une substance polluante";"Aggiungi sostanza incidente"
user.settings;"Einstellungen";"Paramètres";"Impostazioni"
user.submit;"Speichern";"Enregistrer";"Salva"
version;"v{{version}}";"v{{version}}";"v{{version}}"
vflz.bemerkungStandortPlaceholder;"Bemerkungen zum Standort …";"Remarques sur le site …";"Commenti sulla località …"
vflz.bemerkungDatenimportPlaceholder;"Bemerkungen zum Datenimport …";"Remarques sur l'importation des données …";"Commenti sull'importazione dei dati …"
vflz.bemerkungUmweltPlaceholder;"Bemerkungen zur Umwelt …";"Remarques sur l'environnement …";"Commenti sull'ambiente …"
vflz.create.heading;"Neuen Standort anlegen";"Créer un nouveau site";"Crea una nuovo sito"
vflz.create.message;"Erfassen Sie zunächst die Basisinformationen sowie die Standort-Geometrie. Details folgen im nächsten Schritt.";"Saisissez d'abord les informations de base ainsi que la géométrie du site. Les détails suivront à l'étape suivante.";"Inserisci prima le informazioni di base e la geometria della posizione. I dettagli seguiranno nel passaggio successivo."
vflz.create.title;"Neuer Standort";"Nouveau site";"Nuovo sito"
vflz.data.ablagerungen;"Ablagerungen";"Décharges";"Depositi"
vflz.data.basedata;"Grunddaten";"Données de base";"Dati di base"
vflz.data.betriebe;"Betriebe";"Entreprises";"Ditte"
vflz.data.einzelereignisse;"Vorkommnisse";"Événements";"Eventi singoli"
vflz.data.geodata.messageEnd;" erzeugt und können an dieser Stelle nicht editiert werden.";" et ne peuvent pas être éditées à cet endroit.";" e non può essere modificata in questo momento."
vflz.data.geodata.messageLink;"Geodaten";"données géographiques";"Geodati"
vflz.data.geodata.messageStart;"Diese Informationen werden auf Basis der ";"Ces informations sont basées sur les ";"Queste informazioni si basano sui "
vflz.data.grundwasser;"Grundwasser";"Eaux souterraines";"Acque sotterranee"
vflz.data.kinderspielplaetzeGruenflaechen;"Spielplätze/Grünflächen";"Aires de jeux/Espaces verts";"Parchi giochi/aree verdi"
vflz.data.nutzungenBoden;"Nutzungen Gelände";"Utilisations du sol";"Utilizzi del suolo"
vflz.data.oberflaechenGewaesser;"Oberflächengewässer";"Cours d'eau de surface";"Corsi d'acqua superficiali"
vflz.data.pfas;"PFAS-Feuerlösch-Standorte";"Sites d'extinction d'incendie PFAS";"Siti di estinzione incendi PFAS"
vflz.data.schiessanlagen;"Schiessanlage";"Stand de tir";"Poligoni di tiro"
vflz.data.title;"Standortdaten";"Données du site";"Dati del sito"
vflz.data.umfeld;"Natürliches Umfeld";"Environnement naturel";"Ambiente naturale"
vflz.data.umwelt;"Bemerkungen Umwelt";"Commentaires environnementaux";"Commenti ambientali"
vflz.data.umweltStoffe;"Umweltstoffe";"Substances environnementales";"Sostanze ambientali"
vflz.data.umweltschaeden;"Umwelteinwirkungen";"Dommages environnementaux";"Danni ambientali"
vflz.data.unfaelle;"Unfälle";"Accidents";"Incidenti"
vflz.evaluation.datLoeschung;"Datum Löschung aus dem KbS";"Date de suppression du KbS";"Data di cancellazione dal KbS"
vflz.evaluation.kbsLoeschung;"Löschung aus dem KbS";"Suppression du KbS";"Cancellazione dal KbS"
vflz.evaluation.lockEditButton;"Manuelle Bearbeitung";"Modification manuelle";"Modifica manuale"
vflz.evaluation.massnahmen.navItem;"Massnahmen";"Mesures";"Misure"
vflz.evaluation.massnahmen.title;"Durchgeführte oder angeordnete Massnahmen";"Mesures effectuées ou ordonnées";"Misure eseguite o ordinate"
vflz.evaluation.prioUntersuchungsbedarf.navItem;"Priorisierung";"Priorisation";"Priorità"
vflz.evaluation.prioUntersuchungsbedarf.title;"Priorisierung Untersuchungsbedarf";"Priorisation du besoin d'investigation";"Priorità per la necessità di indagine"
vflz.evaluation.title;"Beurteilung";"Évaluation";"Valutazione"
vflz.evaluation.zieleSanierung.navItem;"Ziele";"Objectifs";"Obiettivi"
vflz.evaluation.zieleSanierung.title;"Ziele und Dringlichkeit der Überwachung/Sanierung";"Objectifs et urgence de surveillance/ d'assainissement";"Obiettivi e urgenza del monitoraggio/bonifica"
vflz.export.title;"Exporte";"Exportations";"Esportazioni"
vflz.gemeinde;"Gemeinde";"Commune";"Comune"
vflz.geodata.title;"Geodaten";"Géodonnées";"Geodati"
vflz.kanton;"Kanton";"Canton";"Cantone"
vflz.overview.title;"Übersicht";"Aperçu";"Panoramica"
vflz.participants.eigentum.addLabel;"Eigentum hinzufügen";"Ajouter une propriété";"Aggiungi proprietà"
vflz.participants.eigentum.title;"Eigentum";"Propriété";"Proprietà"
vflz.participants.sachbearbeitung.addLabel;"Sachbearbeitung hinzufügen";"Ajouter un gestionnaire du dossier";"Aggiungi trattamento"
vflz.participants.sachbearbeitung.title;"Sachbearbeitung";"Gestionnaire du dossier";"Trattamento"
vflz.participants.sonstige.addLabel;"Beteiligte hinzufügen";"Ajouter des parties prenantes";"Aggiungi persone coinvolte"
vflz.participants.sonstige.title;"Sonstige Beteiligte";"Autres parties prenantes";"Altri persone coinvolte"
vflz.participants.title;"Beteiligte";"Parties prenantes";"Persone coinvolte"
vflz.sidebar.pools.add;"Neuer Pool";"Nouveau Pool";"Nuovo Pool"
vflz.sidebar.pools.admin;"Pools verwalten";"Gérer les Pools";"Gestisci Pools"
vflz.sidebar.pools.title;"Pools mit diesem Standort";"Pools avec ce site";"Pools con questa posizione"
vflz.sidebar.teilstandorte;"Teilflächen";"Surfaces partielles";"Superficie parziale"
vflz.sidebar.versionen;"Versionen";"Versions";"Versioni"
vflz.split.message;"Selektierte Flächen werden beim Speichern als neuer Teilstandort angelegt. Nicht selektierte Flächen ergeben den Perimeter des Ausgangsstandorts.";"Les zones sélectionnées seront enregistrées comme un nouveau sous-site. Les zones non sélectionnées formeront le périmètre du site d'origine.";"Le aree selezionate verranno salvate come nuova sotto-posizione. Le aree non selezionate formeranno il perimetro della posizione originale."
vflz.split.title;"Standort aufteilen";"Diviser le site";"Dividi la posizione"
vflz.workflow.title;"Geschäfte";"Affaires";"Affari"
vflz.historization.beurteilungChanged;"Beurteilung hat sich geändert";"L'évaluation a changé";"La valutazione è cambiata"
vflz.historization.geometryChanged;"Geometrie hat sich geändert";"La géométrie a changé";"La geometria è cambiata"
vflz.historization.teilflaecheSeparated;"Teilfläche wurde abgetrennt";"La surface partielle a été séparée";"La superficie parziale è stata separata"
workflow.asTree.false;"Chronologisch";"Chronologique";"cronologico"
workflow.asTree.true;"Gruppiert";"Regroupé";"raggruppato"
workflow.compactView;"Kompaktansicht";"Vue compacte";"Vista compatta"
workflow.create.AUFGABE;"Neue Aufgabe";"Nouvelle tâche";"Nuovo compito"
workflow.create.DOKUMENT;"Neues Dokument";"Nouveau document";"Nuovo documento"
workflow.create.NOTIZ;"Neue Notiz";"Nouvelle note";"Nuova nota"
workflow.date.due;"Fällig";"dû";"dovuto"
workflow.date.end;"Ende";"fin";"fine"
workflow.date.start;"Start";"début";"inizio"
workflow.delete.cancel;"Abbrechen";"Annuler";"Annulla"
workflow.delete.confirm;"Möchten Sie den Task wirklich löschen?";"Voulez-vous vraiment supprimer la tâche?";"Si vuole davvero eliminare il compito?"
workflow.delete.delete;"Löschen";"Supprimer";"Elimina"
workflow.delete.title;"Task löschen";"Supprimer la tâche";"Elimina il compito"
workflow.deleteTask;"Task löschen";"Supprimer la tâche";"Elimina il compito"
workflow.event.BearbeitungsstandGesetzt;"Der Bearbeitungsstand wurde am {{date}} auf «{{code}}» gesetzt.";"L'état d'avancement a été défini sur «{{code}}» le {{date}}.";"Lo stato di avanzamento è stato impostato su «{{code}}» il {{date}}."
workflow.event.ProzessGestartet;"Das Geschäft «{{title}}» wurde am {{date}} gestartet.";"L'affaire «{{title}}» a été lancée le {{date}}.";"L'attività «{{title}}» è stata avviata il {{date}}."
workflow.event.AusKbsGeloescht;"Der Standort wurde am {{date}} gelöscht.";"Le site a été supprimé le {{date}}.";"Il sito è stato eliminato il {{date}}."
workflow.event.InKbsEingetragen;"Der Standort wurde am {{date}} publiziert.";"Le site a été publié le {{date}}.";"Il sito è stato pubblicato il {{date}}."
workflow.event.StandortHistorisiert;"Der Standort wurde am {{date}} historisiert.";"Le site a été historisé le {{date}}.";"Il sito è stato storicizzato il {{date}}."
workflow.event.UntersuchungsStandGesetzt;"Der Untersuchungsstand wurde am {{date}} auf «{{code}}» gesetzt.";"L'etat de la procédure OSites a été défini sur «{{code}}» le {{date}}.";"Lo stato dell'indagine è stato impostato su «{{code}}» il {{date}}."
workflow.updateDialog.title;"Abhängige Tasks aktualisieren";"Mettre à jour les tâches dépendantes";"Aggiornare le attività dipendenti"
workflow.updateDialog.faelligkeit;"Die Fälligkeit der folgenden Tasks muss aktualisiert werden";"L'échéance des tâches suivantes doit être mise à jour";"La data di scadenza delle seguenti attività deve essere aggiornata"
workflow.updateDialog.status;"Der Status der folgenden Tasks muss aktualisiert werden";"L'état des tâches suivantes doit être mis à jour";"Lo stato delle seguenti attività deve essere aggiornato"
workflow.updateDialog.save;"Speichern und Tasks aktualisieren";"Enregistrer et mettre à jour les tâches";"Salvare e aggiornare le attività"
workflow.openEventsDialog.title;"Schliessen nicht möglich";"Fermeture impossible";"Chiusura non possibile"
workflow.openEventsDialog.message;"Untergeordnete Tasks haben noch offene Events, welche noch nicht ausgeführt wurden. Das Schliessen ist nicht möglich. Bitte schliessen Sie zuerst die Tasks mit offenen Events, damit diese korrekt ausgeführt werden.";"Des tâches subordonnées ont encore des événements ouverts qui n'ont pas encore été exécutés. La fermeture n'est pas possible. Veuillez d'abord fermer les tâches avec des événements ouverts afin qu'ils soient correctement exécutés.";"Le attività subordinate hanno ancora eventi aperti che non sono stati ancora eseguiti. La chiusura non è possibile. Prima chiudere le attività con eventi aperti in modo che vengano eseguiti correttamente."
workflow.filter.apply;"Anwenden";"Appliquer";"Applicare"
workflow.filter.reset;"Zurücksetzen";"Réinitialiser";"Reimpostare"
workflow.noResults;"Keine Geschäfte vorhanden";"Aucune affaire n'est disponible";"Nessuna attività disponibile"
workflow.noneOpen;"Keine offenen Tasks vorhanden";"Aucune affaire ouverte.";"Nessun compito aperto disponibile"
workflow.noneSelected;"Kein Task ausgewählt";"Aucune tâche sélectionnée";"Nessun compito selezionato"
workflow.numResults;"{{count}} von {{total}} Tasks geladen";"{{count}} sur {{total}} tâches chargées";"{{count}} di {{total}} attività caricate"
workflow.openTasks;"Offene Tasks";"Affaires ouvertes";"Compiti aperti"
workflow.radioGroupLabel;"Auswahl";"Sélection";"Selezione"
workflow.showAll;"Alle Tasks";"Toutes les affaires";"Tutti i compiti"
workflow.showAllOpen;"Alle {{count}} offenen Tasks";"Toutes les {{count}} tâches ouvertes";"Tutti i {{count}} compiti aperti"
workflow.sortBy.due;"Fälligkeit";"Échéance";"Scadenza"
workflow.sortBy.start;"Startdatum";"Date de début";"Data di inizio"
workflow.start;"Starten";"Démarrer";"Avviare"
workflow.startFolgeschritt;"Nächster Task";"Tâche suivante";"Prossimo compito"
workflow.startFolgeschrittTitle;"Nächsten Task starten";"Démarrer la tâche suivante";"Avvia il prossimo compito"
workflow.startProzess;"Erstellen";"Créer";"Creare"
workflow.startProzessTitle;"Neuen Task starten";"Démarrer une nouvelle tâche";"Avviare un nuovo compito"
workflow.title;"Geschäfte";"Affaires";"Attività"
workflow.trigger.BearbeitungsstandSetzen;"Mit dem Schliessen wird der Bearbeitungsstand auf «{{code}}» gesetzt.";"En fermant, l'état d'avancement est défini sur «{{code}}».";"Chiudendo, lo stato di avanzamento viene impostato su «{{code}}»."
workflow.trigger.ProzessStarten;"Mit dem Schliessen wird das Geschäft «{{title}}» gestartet.";"En fermant, l'affaire «{{title}}» est lancée.";"Chiudendo, l'attività «{{title}}» viene avviata."
workflow.trigger.Publizieren;"Mit dem Schliessen wird der Standort publiziert.";"En fermant, le site est publié.";"Chiudendo, il sito viene pubblicato."
workflow.trigger.StandortHistorisieren;"Mit dem Schliessen wird der Standort historisiert.";"En fermant, le site est historisé.";"Chiudendo, il sito viene storicizzato."
workflow.trigger.UntersuchungsStandSetzen;"Mit dem Schliessen wird der Untersuchungsstand auf «{{code}}» gesetzt.";"En fermant, l'etat de la procédure OSites est défini sur «{{code}}».";"Chiudendo, lo stato dell'indagine viene impostato su «{{code}}»."
zeitraum.bis;"bis";"jusqu'à";"Fino a"
zeitraum.bisheute;"bis heute";"jusqu'à aujourd'hui";"Attivo fino ad oggi"
zeitraum.genauigkeit;"Genauigkeit";"Précision";"Precisione"
zeitraum.jahr;"Jahr";"Jahr";"Anno"
zeitraum.title;"Zeitraum";"Durée";"Periodo"
zeitraum.unknown;"unbekannt";"inconnu";"sconosciuto"
zeitraum.von;"von";"de";"Da"
